id,decision,status,objective,candidateObjective,mapping,originalDomain,domain,question,reason,reference,reviewedAt
"1","corregir","verified","1.5","","editorial","Arquitectura y Data Cloud","Arquitectura y Data Cloud","A very large table needs explicit column-based clustering to improve pruning for recurring filters. Which feature lets the owner specify those columns?","Reformulado para corregir ambigüedad, alcance o terminología; clave y explicación contrastadas.","https://docs.snowflake.com/en/user-guide/tables-clustering-keys","2026-09-21"
"2","conservar_revisada","verified","1.4","","editorial","Rendimiento, Consultas y Transformacion","Arquitectura y Data Cloud","Which of the following are valid Snowflake Virtual Warehouse Scaling Policies? (Choose two.)","Enunciado, opciones y clave revisados; explicación sustituida por una nota contrastada.","https://docs.snowflake.com/en/user-guide/warehouses-multicluster","2026-09-21"
"3","apartar","quarantine","","1.3","provisional","Arquitectura y Data Cloud","Arquitectura y Data Cloud","True or False: A single database can exist in more than one Snowflake account.","Revisar alcance, condiciones o clave: una lectura preliminar detectó ambigüedad, límite histórico, contexto ausente o posible respuesta adicional. No se declara incorrecta sin validar todas las opciones.","https://docs.snowflake.com/en/user-guide/databases.html",""
"4","corregir","verified","2.1","","editorial","Gestion de cuenta y Gobernanza","Gestion de cuenta y Gobernanza","Which system role is dedicated to creating and managing users and roles?","Reformulado para corregir ambigüedad, alcance o terminología; clave y explicación contrastadas.","https://docs.snowflake.com/en/user-guide/security-access-control-overview","2026-09-21"
"5","conservar_revisada","verified","3.1","","editorial","Carga, Descarga y Conectividad","Carga, Descarga y Conectividad","True or False: Bulk unloading of data from Snowflake supports the use of a SELECT statement.","Enunciado, todas las opciones y clave contrastados; explicación actualizada.","https://docs.snowflake.com/en/sql-reference/sql/copy-into-location","2026-09-21"
"6","conservar_revisada","verified","3.1","","editorial","Carga, Descarga y Conectividad","Carga, Descarga y Conectividad","Select the different types of Internal Stages: (Choose three.)","Enunciado, opciones y clave revisados; explicación sustituida por una nota contrastada.","https://docs.snowflake.com/en/user-guide/data-load-local-file-system-create-stage","2026-09-21"
"7","corregir","verified","1.2","","editorial","Gestion de cuenta y Gobernanza","Arquitectura y Data Cloud","Does using Snowflake through a SQL client inherently prevent the same user from also using Snowsight?","Reformulado para corregir ambigüedad, alcance o terminología; clave y explicación contrastadas.","https://docs.snowflake.com/en/user-guide/ui-snowsight-worksheets","2026-09-21"
"8","corregir","verified","2.3","","editorial","Colaboracion y Proteccion de datos","Gestion de cuenta y Gobernanza","Which view reports table storage metrics, including storage retained for dropped tables?","Replaced obsolete UI navigation and nonexistent view distractors with a documented monitoring question.","https://docs.snowflake.com/en/sql-reference/account-usage/table_storage_metrics","2026-09-21"
"9","corregir","verified","2.3","","editorial","Rendimiento, Consultas y Transformacion","Gestion de cuenta y Gobernanza","For equal running time and the same warehouse type and generation, which changes directly affect warehouse compute credits? (Choose two.)","Reformulado para corregir ambigüedad, alcance o terminología; clave y explicación contrastadas.","https://docs.snowflake.com/en/user-guide/warehouses-considerations","2026-09-21"
"10","conservar_revisada","verified","1.5","","editorial","Arquitectura y Data Cloud","Arquitectura y Data Cloud","Which statement best describes `clustering`?","Enunciado, todas las opciones y clave contrastados; explicación actualizada.","https://docs.snowflake.com/en/user-guide/tables-clustering-micropartitions","2026-09-21"
"11","corregir","verified","3.1","","editorial","Carga, Descarga y Conectividad","Carga, Descarga y Conectividad","Must a COPY INTO table statement always contain an explicit FILE_FORMAT clause?","Reformulado para corregir ambigüedad, alcance o terminología; clave y explicación contrastadas.","https://docs.snowflake.com/en/sql-reference/sql/copy-into-table","2026-09-21"
"12","conservar_revisada","verified","1.3","","editorial","Gestion de cuenta y Gobernanza","Arquitectura y Data Cloud","Which of the following commands sets the Virtual Warehouse for a session?","Enunciado, opciones y clave revisados; explicación sustituida por una nota contrastada.","https://docs.snowflake.com/en/sql-reference/sql/use-warehouse","2026-09-21"
"13","conservar_revisada","verified","5.1","","editorial","Colaboracion y Proteccion de datos","Colaboracion y Proteccion de datos","Which of the following objects can be cloned? (Choose four.)","Enunciado, todas las opciones y clave contrastados; explicación actualizada.","https://docs.snowflake.com/en/user-guide/object-clone","2026-09-21"
"14","apartar","quarantine","","2.3","provisional","Gestion de cuenta y Gobernanza","Gestion de cuenta y Gobernanza","Which object allows you to limit the number of credits consumed within a Snowflake account?","Revisar alcance, condiciones o clave: una lectura preliminar detectó ambigüedad, límite histórico, contexto ausente o posible respuesta adicional. No se declara incorrecta sin validar todas las opciones.","https://docs.snowflake.com/en/user-guide/resource-monitors.html",""
"15","apartar","quarantine","","","provisional","Arquitectura y Data Cloud","Arquitectura y Data Cloud","Snowflake is designed for which type of workloads? (Choose two.)","Revisar alcance, condiciones o clave: una lectura preliminar detectó ambigüedad, límite histórico, contexto ausente o posible respuesta adicional. No se declara incorrecta sin validar todas las opciones.","https://docs.snowflake.com/en/user-guide/intro-key-concepts.html",""
"16","conservar_revisada","verified","1.1","","editorial","Arquitectura y Data Cloud","Arquitectura y Data Cloud","What are the three layers that make up Snowflake's architecture? (Choose three.)","Enunciado, opciones y clave revisados; explicación sustituida por una nota contrastada.","https://docs.snowflake.com/en/user-guide/intro-key-concepts","2026-09-21"
"17","corregir","verified","1.4","","editorial","Rendimiento, Consultas y Transformacion","Arquitectura y Data Cloud","One complex query is limited by compute resources in an X-Small warehouse. Which change should be benchmarked to give that query more resources?","Reformulado para corregir ambigüedad, alcance o terminología; clave y explicación contrastadas.","https://docs.snowflake.com/en/user-guide/warehouses-considerations","2026-09-21"
"18","conservar_revisada","verified","5.2","","editorial","Colaboracion y Proteccion de datos","Colaboracion y Proteccion de datos","True or False: Reader Accounts incur no additional Compute costs to the Data Provider since they are simply reading the shared data without making changes.","Enunciado, todas las opciones y clave contrastados; explicación actualizada.","https://docs.snowflake.com/en/user-guide/data-sharing-reader-create","2026-09-21"
"19","corregir","verified","2.1","","editorial","Gestion de cuenta y Gobernanza","Gestion de cuenta y Gobernanza","Which listed interfaces support Snowflake MFA with supported client versions and compatible authentication methods? (Choose all five.)","Reformulado para corregir ambigüedad, alcance o terminología; clave y explicación contrastadas.","https://docs.snowflake.com/en/user-guide/security-mfa","2026-09-21"
"20","corregir","verified","2.3","","editorial","Arquitectura y Data Cloud","Gestion de cuenta y Gobernanza","Is there a separate storage-price premium solely because native table data is semi-structured rather than structured?","Reformulado para corregir ambigüedad, alcance o terminología; clave y explicación contrastadas.","https://docs.snowflake.com/en/user-guide/cost-understanding-data-storage","2026-09-21"
"21","apartar","quarantine","","","provisional","Arquitectura y Data Cloud","Arquitectura y Data Cloud","Which of the following statements describes a benefit of Snowflake's separation of compute and storage? (Choose all that apply.)","Revisar alcance, condiciones o clave: una lectura preliminar detectó ambigüedad, límite histórico, contexto ausente o posible respuesta adicional. No se declara incorrecta sin validar todas las opciones.","https://docs.snowflake.com/en/user-guide/intro-key-concepts.html#cloud-data-architecture",""
"22","conservar_revisada","verified","3.1","","editorial","Carga, Descarga y Conectividad","Carga, Descarga y Conectividad","True or False: It is possible to unload structured data to semi-structured formats such as JSON and Parquet.","Enunciado, todas las opciones y clave contrastados; explicación actualizada.","https://docs.snowflake.com/en/sql-reference/sql/copy-into-location","2026-09-21"
"23","conservar_revisada","verified","1.1","","editorial","Arquitectura y Data Cloud","Arquitectura y Data Cloud","In which layer of its architecture does Snowflake store its metadata statistics?","Enunciado, opciones y clave revisados; explicación sustituida por una nota contrastada.","https://docs.snowflake.com/en/user-guide/intro-key-concepts","2026-09-21"
"24","corregir","verified","5.1","","editorial","Colaboracion y Proteccion de datos","Colaboracion y Proteccion de datos","Can an administrator configure a shorter Fail-safe retention period for a permanent Snowflake table?","Reformulado para corregir ambigüedad, alcance o terminología; clave y explicación contrastadas.","https://docs.snowflake.com/en/user-guide/data-failsafe","2026-09-21"
"25","archivar","archived","","1.4","provisional","Arquitectura y Data Cloud","Arquitectura y Data Cloud","True or False: Snowflake's data warehouse was built from the ground up for the cloud in lieu of using an existing database or a platform, like Hadoop, as a base.","Trivia histórica sobre el origen del producto; la arquitectura actual ya se evalúa en preguntas más útiles.","https://docs.snowflake.com/en/user-guide/intro-key-concepts.html#built-for-the-cloud","2026-09-21"
"26","conservar_revisada","verified","1.4","","editorial","Rendimiento, Consultas y Transformacion","Arquitectura y Data Cloud","Which of the following statements are true of Virtual Warehouses? (Choose all that apply.)","Enunciado, todas las opciones y clave contrastados; explicación actualizada.","https://docs.snowflake.com/en/user-guide/warehouses-tasks","2026-09-21"
"27","corregir","verified","3.1","","editorial","Carga, Descarga y Conectividad","Carga, Descarga y Conectividad","For an uncompressed file uploaded with PUT using default compression settings, which statements are true? (Choose two.)","Reformulado para corregir ambigüedad, alcance o terminología; clave y explicación contrastadas.","https://docs.snowflake.com/en/sql-reference/sql/put","2026-09-21"
"28","conservar_revisada","verified","1.5","","editorial","Carga, Descarga y Conectividad","Arquitectura y Data Cloud","Which type of table corresponds to a single Snowflake session?","Enunciado, opciones y clave revisados; explicación sustituida por una nota contrastada.","https://docs.snowflake.com/en/user-guide/tables-temp-transient","2026-09-21"
"29","corregir","verified","1.4","","editorial","Carga, Descarga y Conectividad","Arquitectura y Data Cloud","Which interfaces can create and manage virtual warehouses when the user has the required privileges? (Choose two.)","Reformulado para corregir ambigüedad, alcance o terminología; clave y explicación contrastadas.","https://docs.snowflake.com/en/user-guide/warehouses-tasks","2026-09-21"
"30","corregir","verified","3.2","","editorial","Carga, Descarga y Conectividad","Carga, Descarga y Conectividad","What happens to the pipe-specific file load history when a pipe is recreated with CREATE OR REPLACE PIPE?","Reformulado para corregir ambigüedad, alcance o terminología; clave y explicación contrastadas.","https://docs.snowflake.com/en/user-guide/data-load-snowpipe-manage","2026-09-21"
"31","apartar","quarantine","","1.1","provisional","Carga, Descarga y Conectividad","Arquitectura y Data Cloud","What is the minimum Snowflake edition that customers planning on storing protected information in Snowflake should consider for regulatory compliance?","Revisar alcance, condiciones o clave: una lectura preliminar detectó ambigüedad, límite histórico, contexto ausente o posible respuesta adicional. No se declara incorrecta sin validar todas las opciones.","https://docs.snowflake.com/en/user-guide/intro-editions#security-governance-data-protection",""
"32","apartar","quarantine","","1.5","provisional","Carga, Descarga y Conectividad","Arquitectura y Data Cloud","Select the three types of tables that exist within Snowflake. (Choose three.)","Revisar alcance, condiciones o clave: una lectura preliminar detectó ambigüedad, límite histórico, contexto ausente o posible respuesta adicional. No se declara incorrecta sin validar todas las opciones.","https://docs.snowflake.com/en/user-guide/tables-temp-transient.html",""
"33","conservar_revisada","verified","3.2","","editorial","Carga, Descarga y Conectividad","Carga, Descarga y Conectividad","True or False: Snowpipe via REST API can only reference External Stages as source.","Enunciado, todas las opciones y clave contrastados; explicación actualizada.","https://docs.snowflake.com/en/user-guide/data-load-snowpipe-intro","2026-09-21"
"34","corregir","verified","3.3","","editorial","Carga, Descarga y Conectividad","Carga, Descarga y Conectividad","A third-party Java tool supports JDBC but has no built-in Snowflake connection profile. Can it potentially connect to Snowflake?","Reformulado para corregir ambigüedad, alcance o terminología; clave y explicación contrastadas.","https://docs.snowflake.com/en/developer-guide/jdbc/jdbc","2026-09-21"
"35","conservar_revisada","verified","3.1","","editorial","Carga, Descarga y Conectividad","Carga, Descarga y Conectividad","True or False: It is possible to load data into Snowflake without creating a named File Format object.","Enunciado, todas las opciones y clave contrastados; explicación actualizada.","https://docs.snowflake.com/en/sql-reference/sql/copy-into-table","2026-09-21"
"36","conservar_revisada","verified","1.1","","editorial","Rendimiento, Consultas y Transformacion","Arquitectura y Data Cloud","True or False: A table in Snowflake can only be queried using the Virtual Warehouse that was used to load the data.","Enunciado, opciones y clave revisados; explicación sustituida por una nota contrastada.","https://docs.snowflake.com/en/user-guide/intro-key-concepts","2026-09-21"
"37","corregir","verified","4.4","","editorial","Carga, Descarga y Conectividad","Rendimiento, Consultas y Transformacion","How does JSON null stored inside a VARIANT compare with SQL NULL?","Reformulado para corregir ambigüedad, alcance o terminología; clave y explicación contrastadas.","https://docs.snowflake.com/en/sql-reference/data-types-semistructured","2026-09-21"
"38","apartar","quarantine","","1.5","provisional","Arquitectura y Data Cloud","Arquitectura y Data Cloud","Which statements are true of micro-partitions? (Choose two.)","Revisar alcance, condiciones o clave: una lectura preliminar detectó ambigüedad, límite histórico, contexto ausente o posible respuesta adicional. No se declara incorrecta sin validar todas las opciones.","https://docs.snowflake.com/en/user-guide/tables-clustering-micropartitions.html",""
"39","archivar","archived","","","provisional","Carga, Descarga y Conectividad","Arquitectura y Data Cloud","True or False: Query ID's are unique across all Snowflake deployments and can be used in communication with Snowflake Support to help troubleshoot issues.","La unicidad global de identificadores y su uso con soporte no evalúa una habilidad prioritaria del temario; se conserva el original sin afirmar que la clave sea falsa.","https://docs.snowflake.com/en/sql-reference/sql/show-queries.html","2026-09-21"
"40","apartar","quarantine","","4.3","provisional","Carga, Descarga y Conectividad","Rendimiento, Consultas y Transformacion","A deterministic query is run at 8am, takes 5 minutes, and the results are cached. Which of the following statements are true? (Choose two.)","Revisar alcance, condiciones o clave: una lectura preliminar detectó ambigüedad, límite histórico, contexto ausente o posible respuesta adicional. No se declara incorrecta sin validar todas las opciones.","https://docs.snowflake.com/en/user-guide/querying-persisted-results.html",""
"41","conservar_revisada","verified","1.4","","editorial","Carga, Descarga y Conectividad","Arquitectura y Data Cloud","Increasing the maximum number of clusters in a Multi-Cluster Warehouse is an example of:","Enunciado, opciones y clave revisados; explicación sustituida por una nota contrastada.","https://docs.snowflake.com/en/user-guide/warehouses-multicluster","2026-09-21"
"42","corregir","verified","1.5","","editorial","Carga, Descarga y Conectividad","Arquitectura y Data Cloud","How is data in a standard native Snowflake table physically organized?","Reformulado para corregir ambigüedad, alcance o terminología; clave y explicación contrastadas.","https://docs.snowflake.com/en/user-guide/tables-clustering-micropartitions","2026-09-21"
"43","apartar","quarantine","","1.4","provisional","Carga, Descarga y Conectividad","Arquitectura y Data Cloud","Which item in the Data Warehouse migration process does not apply in Snowflake?","Revisar alcance, condiciones o clave: una lectura preliminar detectó ambigüedad, límite histórico, contexto ausente o posible respuesta adicional. No se declara incorrecta sin validar todas las opciones.","https://docs.snowflake.com/en/user-guide/intro-key-concepts.html#automatic-clustering",""
"44","conservar_revisada","verified","1.5","","editorial","Arquitectura y Data Cloud","Arquitectura y Data Cloud","Snowflake provides two mechanisms to reduce data storage costs for short-lived tables. These mechanisms are: (Choose two.)","Enunciado, opciones y clave revisados; explicación sustituida por una nota contrastada.","https://docs.snowflake.com/en/user-guide/tables-temp-transient","2026-09-21"
"45","apartar","quarantine","","","provisional","Arquitectura y Data Cloud","Arquitectura y Data Cloud","What is the maximum compressed row size in Snowflake?","Límite histórico de 16 MB sin contexto de tipo/versión; contrastar con límites actuales.","https://docs.snowflake.com/en/user-guide/tables-clustering-micropartitions.html",""
"46","archivar","archived","","1.2","provisional","Gestion de cuenta y Gobernanza","Arquitectura y Data Cloud","Which of the following are main sections of the top navigation of the Snowflake Web Interface (UI)? (Choose three.)","Navegación de la interfaz clásica: las opciones no representan una pregunta estable sobre Snowsight actual.","https://docs.snowflake.com/en/user-guide/ui-overview.html","2026-09-21"
"47","corregir","verified","4.4","","editorial","Carga, Descarga y Conectividad","Rendimiento, Consultas y Transformacion","Which Snowflake type is designed to store a JSON document together with its native value types?","Acotado el escenario para evitar generalizaciones; clave conservada.","https://docs.snowflake.com/en/sql-reference/data-types-semistructured","2026-09-21"
"48","archivar","archived","","","provisional","Arquitectura y Data Cloud","Arquitectura y Data Cloud","Which of the following statements are true of Snowflake releases: (Choose two.)","Cadencia operativa de releases e interfaz de mantenimiento: retirar de evaluación para evitar memorizar detalles cambiantes ajenos a las habilidades principales.","https://docs.snowflake.com/en/user-guide/intro-releases","2026-09-21"
"49","conservar_revisada","verified","5.1","","editorial","Colaboracion y Proteccion de datos","Colaboracion y Proteccion de datos","Which of the following are common use cases for zero-copy cloning? (Choose three.)","Enunciado, todas las opciones y clave contrastados; explicación actualizada.","https://docs.snowflake.com/en/user-guide/object-clone","2026-09-21"
"50","apartar","quarantine","","1.4","provisional","Rendimiento, Consultas y Transformacion","Arquitectura y Data Cloud","If a Small Warehouse is made up of 2 servers/cluster, how many servers/cluster make up a Medium Warehouse?","Supone un número físico fijo de servidores por talla de warehouse; no es una equivalencia general fiable.","https://docs.snowflake.com/en/user-guide/warehouses-considerations.html#warehouse-size",""
"51","apartar","quarantine","","5.2","provisional","Colaboracion y Proteccion de datos","Colaboracion y Proteccion de datos","True or False: When a data share is established between a Data Provider and a Data Consumer, the Data Consumer can extend that data share to other Data Consumers.","Revisar alcance, condiciones o clave: una lectura preliminar detectó ambigüedad, límite histórico, contexto ausente o posible respuesta adicional. No se declara incorrecta sin validar todas las opciones.","https://docs.snowflake.com/en/user-guide/data-sharing-intro.html",""
"52","conservar_revisada","verified","2.1","","editorial","Gestion de cuenta y Gobernanza","Gestion de cuenta y Gobernanza","Which is true of Snowflake network policies? A Snowflake network policy: (Choose two.)","Enunciado, todas las opciones y clave contrastados; explicación actualizada.","https://docs.snowflake.com/en/user-guide/network-policies","2026-09-21"
"53","conservar_revisada","verified","5.2","","editorial","Colaboracion y Proteccion de datos","Colaboracion y Proteccion de datos","True or False: Snowflake charges additional fees to Data Providers for each Share they create.","Enunciado, todas las opciones y clave contrastados; explicación actualizada.","https://docs.snowflake.com/en/user-guide/data-sharing-intro","2026-09-21"
"54","apartar","quarantine","","4.3","provisional","Rendimiento, Consultas y Transformacion","Rendimiento, Consultas y Transformacion","Query results are stored in the Result Cache for how long after they are last accessed, assuming no data changes have occurred?","Revisar alcance, condiciones o clave: una lectura preliminar detectó ambigüedad, límite histórico, contexto ausente o posible respuesta adicional. No se declara incorrecta sin validar todas las opciones.","https://docs.snowflake.com/en/user-guide/querying.html#query-result-reuse",""
"55","conservar_revisada","verified","2.1","","editorial","Gestion de cuenta y Gobernanza","Gestion de cuenta y Gobernanza","A role is created and owns 2 tables. This role is then dropped. Who will now own the two tables?","Enunciado, todas las opciones y clave contrastados; explicación actualizada.","https://docs.snowflake.com/en/sql-reference/sql/drop-role","2026-09-21"
"56","archivar","archived","","3.3","provisional","Carga, Descarga y Conectividad","Carga, Descarga y Conectividad","Which of the following connectors are available in the Downloads section of the Snowflake Web Interface (UI)? (Choose two.)","Ubicación histórica de descargas en la interfaz clásica; sustituida en la selección por preguntas de herramientas y conectividad.","https://docs.snowflake.com/en/user-guide/snowflake-client-repository","2026-09-21"
"57","corregir","verified","4.4","","editorial","Rendimiento, Consultas y Transformacion","Rendimiento, Consultas y Transformacion","Which Snowflake SQL statement can update matching target rows and insert nonmatching rows from a source in one statement?","Reformulado para corregir ambigüedad, alcance o terminología; clave y explicación contrastadas.","https://docs.snowflake.com/en/sql-reference/sql/merge","2026-09-21"
"58","conservar_revisada","verified","5.1","","editorial","Colaboracion y Proteccion de datos","Colaboracion y Proteccion de datos","Which of the following statements is true of zero-copy cloning?","Enunciado, opciones y clave revisados; explicación sustituida por una nota contrastada.","https://docs.snowflake.com/en/user-guide/object-clone","2026-09-21"
"59","corregir","verified","2.1","","editorial","Gestion de cuenta y Gobernanza","Gestion de cuenta y Gobernanza","By default, who owns a newly created custom role?","Original keyed answer incorrectly assigned role ownership to a user.","https://docs.snowflake.com/en/sql-reference/sql/create-role","2026-09-21"
"60","apartar","quarantine","","1.2","provisional","Gestion de cuenta y Gobernanza","Arquitectura y Data Cloud","The Query History in the Snowflake Web Interface (UI) is kept for approximately:","Revisar alcance, condiciones o clave: una lectura preliminar detectó ambigüedad, límite histórico, contexto ausente o posible respuesta adicional. No se declara incorrecta sin validar todas las opciones.","https://docs.snowflake.com/en/user-guide/ui-snowsight-activity#query-history",""
"61","conservar_revisada","verified","1.4","","editorial","Rendimiento, Consultas y Transformacion","Arquitectura y Data Cloud","To run a Multi-Cluster Warehouse in auto-scale mode, a user would:","Enunciado, opciones y clave revisados; explicación sustituida por una nota contrastada.","https://docs.snowflake.com/en/user-guide/warehouses-multicluster","2026-09-21"
"62","conservar_revisada","verified","1.1","","editorial","Arquitectura y Data Cloud","Arquitectura y Data Cloud","Which of the following terms best describes Snowflake's database architecture?","Enunciado, todas las opciones y clave contrastados; explicación actualizada.","https://docs.snowflake.com/en/user-guide/intro-key-concepts","2026-09-21"
"63","conservar_revisada","verified","1.4","","editorial","Rendimiento, Consultas y Transformacion","Arquitectura y Data Cloud","Which of the following are options when creating a Virtual Warehouse? (Choose two.)","Enunciado, opciones y clave revisados; explicación sustituida por una nota contrastada.","https://docs.snowflake.com/en/user-guide/warehouses-multicluster","2026-09-21"
"64","conservar_revisada","verified","1.4","","editorial","Rendimiento, Consultas y Transformacion","Arquitectura y Data Cloud","A Virtual Warehouse's auto-suspend and auto-resume settings apply to:","Enunciado, opciones y clave revisados; explicación sustituida por una nota contrastada.","https://docs.snowflake.com/en/user-guide/warehouses-multicluster","2026-09-21"
"65","conservar_revisada","verified","5.1","","editorial","Colaboracion y Proteccion de datos","Colaboracion y Proteccion de datos","Fail-safe is unavailable on which table types? (Choose two.)","Enunciado, opciones y clave revisados; explicación sustituida por una nota contrastada.","https://docs.snowflake.com/en/user-guide/tables-temp-transient","2026-09-21"
"66","apartar","quarantine","","5.1","provisional","Colaboracion y Proteccion de datos","Colaboracion y Proteccion de datos","Which of the following objects is not covered by Time Travel?","Revisar alcance, condiciones o clave: una lectura preliminar detectó ambigüedad, límite histórico, contexto ausente o posible respuesta adicional. No se declara incorrecta sin validar todas las opciones.","https://docs.snowflake.com/en/user-guide/data-time-travel.html",""
"67","apartar","quarantine","","1.5","provisional","Rendimiento, Consultas y Transformacion","Arquitectura y Data Cloud","True or False: Micro-partition metadata enables some operations to be completed without requiring Compute.","Revisar alcance, condiciones o clave: una lectura preliminar detectó ambigüedad, límite histórico, contexto ausente o posible respuesta adicional. No se declara incorrecta sin validar todas las opciones.","https://docs.snowflake.com/en/user-guide/tables-clustering-micropartitions.html",""
"68","apartar","quarantine","","3.1","provisional","Carga, Descarga y Conectividad","Carga, Descarga y Conectividad","Which of the following commands are not blocking operations? (Choose two.)","Revisar alcance, condiciones o clave: una lectura preliminar detectó ambigüedad, límite histórico, contexto ausente o posible respuesta adicional. No se declara incorrecta sin validar todas las opciones.","https://docs.snowflake.com/en/user-guide/transactions.html",""
"69","conservar_revisada","verified","3.2","","editorial","Carga, Descarga y Conectividad","Carga, Descarga y Conectividad","Which of the following is true of Snowpipe via REST API? (Choose two.)","Enunciado, todas las opciones y clave contrastados; explicación actualizada.","https://docs.snowflake.com/en/user-guide/data-load-snowpipe-intro","2026-09-21"
"70","apartar","quarantine","","2.1","provisional","Gestion de cuenta y Gobernanza","Gestion de cuenta y Gobernanza","Snowflake recommends, as a minimum, that all users with the following role(s) should be enrolled in Multi-Factor Authentication (MFA):","Revisar alcance, condiciones o clave: una lectura preliminar detectó ambigüedad, límite histórico, contexto ausente o posible respuesta adicional. No se declara incorrecta sin validar todas las opciones.","https://docs.snowflake.com/en/user-guide/security-mfa.html",""
"71","apartar","quarantine","","1.4","provisional","Rendimiento, Consultas y Transformacion","Arquitectura y Data Cloud","When can a Virtual Warehouse start running queries?","Revisar alcance, condiciones o clave: una lectura preliminar detectó ambigüedad, límite histórico, contexto ausente o posible respuesta adicional. No se declara incorrecta sin validar todas las opciones.","https://docs.snowflake.com/en/user-guide/warehouses-overview.html",""
"72","apartar","quarantine","","2.1","provisional","Gestion de cuenta y Gobernanza","Gestion de cuenta y Gobernanza","True or False: Users are able to see the result sets of queries executed by other users that share their same role.","Revisar alcance, condiciones o clave: una lectura preliminar detectó ambigüedad, límite histórico, contexto ausente o posible respuesta adicional. No se declara incorrecta sin validar todas las opciones.","https://docs.snowflake.com/en/user-guide/querying.html#query-results",""
"73","conservar_revisada","verified","1.4","","editorial","Rendimiento, Consultas y Transformacion","Arquitectura y Data Cloud","True or False: The user has to specify which cluster a query will run on in a multi-cluster Warehouse.","Enunciado, opciones y clave revisados; explicación sustituida por una nota contrastada.","https://docs.snowflake.com/en/user-guide/warehouses-multicluster","2026-09-21"
"74","conservar_revisada","verified","3.2","","editorial","Carga, Descarga y Conectividad","Carga, Descarga y Conectividad","True or False: Pipes can be suspended and resumed.","Enunciado, todas las opciones y clave contrastados; explicación actualizada.","https://docs.snowflake.com/en/sql-reference/sql/alter-pipe","2026-09-21"
"75","apartar","quarantine","","4.4","provisional","Rendimiento, Consultas y Transformacion","Rendimiento, Consultas y Transformacion","Which of the following languages can be used to implement Snowflake User Defined Functions (UDFs)? (Choose three.)","Revisar alcance, condiciones o clave: una lectura preliminar detectó ambigüedad, límite histórico, contexto ausente o posible respuesta adicional. No se declara incorrecta sin validar todas las opciones.","https://docs.snowflake.com/en/sql-reference/udf-overview.html",""
"76","corregir","verified","1.4","","editorial","Rendimiento, Consultas y Transformacion","Arquitectura y Data Cloud","Which situations can justify keeping a warehouse running rather than aggressively auto-suspending it? (Choose two.)","Reformulado para corregir ambigüedad, alcance o terminología; clave y explicación contrastadas.","https://docs.snowflake.com/en/user-guide/warehouses-considerations","2026-09-21"
"77","conservar_revisada","verified","3.1","","editorial","Carga, Descarga y Conectividad","Carga, Descarga y Conectividad","Which of the following are valid approaches to loading data into a Snowflake table? (Choose all that apply.)","Enunciado, todas las opciones y clave contrastados; explicación actualizada.","https://docs.snowflake.com/en/user-guide/data-load-overview","2026-09-21"
"78","conservar_revisada","verified","1.4","","editorial","Rendimiento, Consultas y Transformacion","Arquitectura y Data Cloud","If auto-suspend is enabled for a Virtual Warehouse, the Warehouse is automatically suspended when:","Enunciado, opciones y clave revisados; explicación sustituida por una nota contrastada.","https://docs.snowflake.com/en/user-guide/warehouses-tasks","2026-09-21"
"79","conservar_revisada","verified","2.1","","editorial","Gestion de cuenta y Gobernanza","Gestion de cuenta y Gobernanza","True or False: Multi-Factor Authentication (MFA) in Snowflake is only supported in conjunction with Single Sign-On (SSO).","Enunciado, todas las opciones y clave contrastados; explicación actualizada.","https://docs.snowflake.com/en/user-guide/security-mfa","2026-09-21"
"80","apartar","quarantine","","1.4","provisional","Rendimiento, Consultas y Transformacion","Arquitectura y Data Cloud","The number of queries that a Virtual Warehouse can concurrently process is determined by (Choose two.):","Revisar alcance, condiciones o clave: una lectura preliminar detectó ambigüedad, límite histórico, contexto ausente o posible respuesta adicional. No se declara incorrecta sin validar todas las opciones.","https://docs.snowflake.com/en/user-guide/warehouses-considerations.html#concurrency-and-warehouses",""
"81","corregir","verified","3.1","","editorial","Carga, Descarga y Conectividad","Carga, Descarga y Conectividad","What does VALIDATION_MODE in COPY INTO <table> do for a supported load?","Original answer incorrectly said validation completes the load.","https://docs.snowflake.com/en/sql-reference/sql/copy-into-table","2026-09-21"
"82","apartar","quarantine","","2.1","provisional","Rendimiento, Consultas y Transformacion","Gestion de cuenta y Gobernanza","What privileges are required to create a task?","Revisar alcance, condiciones o clave: una lectura preliminar detectó ambigüedad, límite histórico, contexto ausente o posible respuesta adicional. No se declara incorrecta sin validar todas las opciones.","https://docs.snowflake.com/en/sql-reference/sql/create-task.html",""
"83","archivar","archived","","1.4","provisional","Arquitectura y Data Cloud","Arquitectura y Data Cloud","What are the three things customers want most from their enterprise data warehouse solution? (Choose three.)","Consejo sobre el examen, preferencia comercial o trivia de partners; no evalúa directamente una habilidad del temario.","https://docs.snowflake.com/en/user-guide/intro-key-concepts.html",""
"84","conservar_revisada","verified","4.3","","editorial","Rendimiento, Consultas y Transformacion","Rendimiento, Consultas y Transformacion","True or False: Some queries can be answered through the metadata cache and do not require an active Virtual Warehouse.","Enunciado, todas las opciones y clave contrastados; explicación actualizada.","https://docs.snowflake.com/en/user-guide/warehouses-considerations","2026-09-21"
"85","conservar_revisada","verified","1.4","","editorial","Rendimiento, Consultas y Transformacion","Arquitectura y Data Cloud","When scaling out by adding clusters to a multi-cluster warehouse, you are primarily scaling for improved:","Enunciado, opciones y clave revisados; explicación sustituida por una nota contrastada.","https://docs.snowflake.com/en/user-guide/warehouses-multicluster","2026-09-21"
"86","conservar_revisada","verified","1.1","","editorial","Colaboracion y Proteccion de datos","Arquitectura y Data Cloud","What is the minimum Snowflake edition that provides data sharing?","Enunciado, todas las opciones y clave contrastados; explicación actualizada.","https://docs.snowflake.com/en/user-guide/intro-editions","2026-09-21"
"87","conservar_revisada","verified","1.2","","editorial","Gestion de cuenta y Gobernanza","Arquitectura y Data Cloud","True or False: Each worksheet in the Snowflake Web Interface (UI) can be associated with different roles, databases, schemas, and Virtual Warehouses.","Enunciado, todas las opciones y clave contrastados; explicación actualizada.","https://docs.snowflake.com/en/user-guide/ui-snowsight-worksheets","2026-09-21"
"88","conservar_revisada","verified","3.1","","editorial","Carga, Descarga y Conectividad","Carga, Descarga y Conectividad","True or False: You can query the files in an External Stage directly without having to load the data into a table.","Enunciado, todas las opciones y clave contrastados; explicación actualizada.","https://docs.snowflake.com/en/user-guide/querying-stage","2026-09-21"
"89","corregir","verified","4.4","","editorial","Rendimiento, Consultas y Transformacion","Rendimiento, Consultas y Transformacion","What does the FLATTEN table function do?","Reformulado para corregir ambigüedad, alcance o terminología; clave y explicación contrastadas.","https://docs.snowflake.com/en/sql-reference/functions/flatten","2026-09-21"
"90","apartar","quarantine","","3.1","provisional","Carga, Descarga y Conectividad","Carga, Descarga y Conectividad","True or False: An active warehouse is required to run a COPY INTO statement.","Revisar alcance, condiciones o clave: una lectura preliminar detectó ambigüedad, límite histórico, contexto ausente o posible respuesta adicional. No se declara incorrecta sin validar todas las opciones.","https://docs.snowflake.com/en/sql-reference/sql/copy-into-table.html",""
"91","apartar","quarantine","","","provisional","Gestion de cuenta y Gobernanza","Arquitectura y Data Cloud","True or False: AWS Private Link provides a secure connection from the Customer's on-premise data center to the Snowflake.","Revisar alcance, condiciones o clave: una lectura preliminar detectó ambigüedad, límite histórico, contexto ausente o posible respuesta adicional. No se declara incorrecta sin validar todas las opciones.","https://docs.snowflake.com/en/user-guide/data-load-private-link.html",""
"92","apartar","quarantine","","1.5","provisional","Arquitectura y Data Cloud","Arquitectura y Data Cloud","True or False: Snowflake's Global Services Layer gathers and maintains statistics on all columns in all micro-partitions.","Revisar alcance, condiciones o clave: una lectura preliminar detectó ambigüedad, límite histórico, contexto ausente o posible respuesta adicional. No se declara incorrecta sin validar todas las opciones.","https://docs.snowflake.com/en/user-guide/admin-security-privatelink",""
"93","conservar_revisada","verified","1.5","","editorial","Rendimiento, Consultas y Transformacion","Arquitectura y Data Cloud","True or False: It is best practice to define a clustering key on every table.","Enunciado, todas las opciones y clave contrastados; explicación actualizada.","https://docs.snowflake.com/en/user-guide/tables-clustering-keys","2026-09-21"
"94","archivar","archived","","","provisional","Arquitectura y Data Cloud","Arquitectura y Data Cloud","Which of the following statements is true of Snowflake?","Repite la afirmación histórica de diseño cloud-native; el objetivo de arquitectura se cubre con preguntas funcionales.","https://docs.snowflake.com/en/user-guide/intro-key-concepts","2026-09-21"
"95","conservar_revisada","verified","1.1","","editorial","Arquitectura y Data Cloud","Arquitectura y Data Cloud","What is the minimum Snowflake edition that provides multi-cluster warehouses and up to 90 days of Time Travel?","Enunciado, todas las opciones y clave contrastados; explicación actualizada.","https://docs.snowflake.com/en/user-guide/intro-editions","2026-09-21"
"96","apartar","quarantine","","5.2","provisional","Colaboracion y Proteccion de datos","Colaboracion y Proteccion de datos","How many shares can be consumed by a single Data Consumer?","Revisar alcance, condiciones o clave: una lectura preliminar detectó ambigüedad, límite histórico, contexto ausente o posible respuesta adicional. No se declara incorrecta sin validar todas las opciones.","https://docs.snowflake.com/en/user-guide/data-sharing-intro.html",""
"97","conservar_revisada","verified","1.1","","editorial","Arquitectura y Data Cloud","Arquitectura y Data Cloud","What is the lowest Snowflake edition that offers Time Travel up to 90 days?","Enunciado, todas las opciones y clave contrastados; explicación actualizada.","https://docs.snowflake.com/en/user-guide/intro-editions","2026-09-21"
"98","conservar_revisada","verified","1.3","","editorial","Arquitectura y Data Cloud","Arquitectura y Data Cloud","Which of the following statements are true about Schemas in Snowflake? (Choose two.)","Enunciado, opciones y clave revisados; explicación sustituida por una nota contrastada.","https://docs.snowflake.com/en/user-guide/databases","2026-09-21"
"99","conservar_revisada","verified","1.4","","editorial","Rendimiento, Consultas y Transformacion","Arquitectura y Data Cloud","True or False: You can resize a Virtual Warehouse while queries are running.","Enunciado, opciones y clave revisados; explicación sustituida por una nota contrastada.","https://docs.snowflake.com/en/user-guide/warehouses-tasks","2026-09-21"
"100","conservar_revisada","verified","5.1","","editorial","Colaboracion y Proteccion de datos","Colaboracion y Proteccion de datos","What is the most granular object that the Time Travel retention period can be defined on?","Enunciado, todas las opciones y clave contrastados; explicación actualizada.","https://docs.snowflake.com/en/user-guide/data-time-travel","2026-09-21"
"101","conservar_revisada","verified","1.5","","editorial","Arquitectura y Data Cloud","Arquitectura y Data Cloud","Which of the following statements is true of Snowflake micro-partitioning?","Enunciado, todas las opciones y clave contrastados; explicación actualizada.","https://docs.snowflake.com/en/user-guide/tables-clustering-micropartitions","2026-09-21"
"102","conservar_revisada","verified","2.3","","editorial","Gestion de cuenta y Gobernanza","Gestion de cuenta y Gobernanza","True or False: Snowflake bills for a minimum of five minutes each time a Virtual Warehouse is started.","Enunciado, todas las opciones y clave contrastados; explicación actualizada.","https://docs.snowflake.com/en/user-guide/warehouses-considerations","2026-09-21"
"103","conservar_revisada","verified","1.4","","editorial","Rendimiento, Consultas y Transformacion","Arquitectura y Data Cloud","When scaling up Virtual Warehouses by increasing Virtual Warehouse t-shirt size, you are primarily scaling for improved:","Enunciado, opciones y clave revisados; explicación sustituida por una nota contrastada.","https://docs.snowflake.com/en/user-guide/warehouses-tasks","2026-09-21"
"104","apartar","quarantine","","4.2","provisional","Rendimiento, Consultas y Transformacion","Rendimiento, Consultas y Transformacion","As a best practice, clustering keys should only be defined on tables of which minimum size?","Revisar alcance, condiciones o clave: una lectura preliminar detectó ambigüedad, límite histórico, contexto ausente o posible respuesta adicional. No se declara incorrecta sin validar todas las opciones.","https://docs.snowflake.com/en/user-guide/tables-clustering-keys.html",""
"105","corregir","verified","2.3","","editorial","Carga, Descarga y Conectividad","Gestion de cuenta y Gobernanza","How is Snowpipe ingestion billed under the current volume-based model?","Replaced superseded per-second/per-core billing.","https://docs.snowflake.com/en/user-guide/data-load-snowpipe-billing","2026-09-21"
"106","corregir","verified","2.3","","editorial","Carga, Descarga y Conectividad","Gestion de cuenta y Gobernanza","Who charges for the object storage holding files in an external stage?","Reformulado para corregir ambigüedad, alcance o terminología; clave y explicación contrastadas.","https://docs.snowflake.com/en/user-guide/cost-understanding-data-storage","2026-09-21"
"107","conservar_revisada","verified","3.2","","editorial","Carga, Descarga y Conectividad","Carga, Descarga y Conectividad","True or False: When active, a Pipe requires a dedicated Virtual Warehouse to execute.","Enunciado, todas las opciones y clave contrastados; explicación actualizada.","https://docs.snowflake.com/en/user-guide/data-load-snowpipe-intro","2026-09-21"
"108","conservar_revisada","verified","2.1","","editorial","Gestion de cuenta y Gobernanza","Gestion de cuenta y Gobernanza","True or False: Snowflake supports federated authentication in all editions.","Enunciado, todas las opciones y clave contrastados; explicación actualizada.","https://docs.snowflake.com/en/user-guide/admin-security-fed-auth-overview","2026-09-21"
"109","conservar_revisada","verified","2.1","","editorial","Gestion de cuenta y Gobernanza","Gestion de cuenta y Gobernanza","True or False: When a new Snowflake object is created, it is automatically owned by the user who created it.","Enunciado, opciones y clave revisados; explicación sustituida por una nota contrastada.","https://docs.snowflake.com/en/user-guide/security-access-control-overview","2026-09-21"
"110","apartar","quarantine","","2.3","provisional","Rendimiento, Consultas y Transformacion","Gestion de cuenta y Gobernanza","True or False: A Virtual Warehouse consumes Snowflake credits even when inactive.","Revisar alcance, condiciones o clave: una lectura preliminar detectó ambigüedad, límite histórico, contexto ausente o posible respuesta adicional. No se declara incorrecta sin validar todas las opciones.","https://docs.snowflake.com/en/user-guide/warehouses-considerations.html#billing-and-usage",""
"111","conservar_revisada","verified","3.1","","editorial","Carga, Descarga y Conectividad","Carga, Descarga y Conectividad","True or False: During data unloading, only JSON and CSV files can be compressed.","Enunciado, todas las opciones y clave contrastados; explicación actualizada.","https://docs.snowflake.com/en/sql-reference/sql/copy-into-location","2026-09-21"
"112","conservar_revisada","verified","1.4","","editorial","Rendimiento, Consultas y Transformacion","Arquitectura y Data Cloud","Which of the following are options when creating a Virtual Warehouse? (Choose two.)","Enunciado, todas las opciones y clave contrastados; explicación actualizada.","https://docs.snowflake.com/en/user-guide/warehouses-tasks","2026-09-21"
"113","apartar","quarantine","","3.1","provisional","Carga, Descarga y Conectividad","Carga, Descarga y Conectividad","Which formats are supported for unloading data from Snowflake? (Choose two.)","Revisar alcance, condiciones o clave: una lectura preliminar detectó ambigüedad, límite histórico, contexto ausente o posible respuesta adicional. No se declara incorrecta sin validar todas las opciones.","https://docs.snowflake.com/en/user-guide/data-unload-prepare",""
"114","apartar","quarantine","","5.2","provisional","Colaboracion y Proteccion de datos","Colaboracion y Proteccion de datos","True or False: Data Providers can share data with only the Data Consumer.","Revisar alcance, condiciones o clave: una lectura preliminar detectó ambigüedad, límite histórico, contexto ausente o posible respuesta adicional. No se declara incorrecta sin validar todas las opciones.","https://docs.snowflake.com/en/user-guide/data-sharing-intro.html",""
"115","corregir","verified","5.1","","editorial","Colaboracion y Proteccion de datos","Colaboracion y Proteccion de datos","What is the non-configurable Fail-safe period for historical data from eligible permanent Snowflake tables after Time Travel ends?","Reformulado para corregir ambigüedad, alcance o terminología; clave y explicación contrastadas.","https://docs.snowflake.com/en/user-guide/data-failsafe","2026-09-21"
"116","conservar_revisada","verified","1.5","","editorial","Carga, Descarga y Conectividad","Arquitectura y Data Cloud","True or False: Once created, a micro-partition will never be changed.","Enunciado, todas las opciones y clave contrastados; explicación actualizada.","https://docs.snowflake.com/en/user-guide/tables-clustering-micropartitions","2026-09-21"
"117","corregir","verified","1.1","","editorial","Arquitectura y Data Cloud","Arquitectura y Data Cloud","Which tasks are handled by the Snowflake service rather than requiring customers to maintain an on-premises database installation? (Choose two.)","Reformulado para corregir ambigüedad, alcance o terminología; clave y explicación contrastadas.","https://docs.snowflake.com/en/user-guide/intro-key-concepts","2026-09-21"
"118","conservar_revisada","verified","3.1","","editorial","Carga, Descarga y Conectividad","Carga, Descarga y Conectividad","Which of the following statements would be used to export/unload data from Snowflake?","Enunciado, opciones y clave revisados; explicación sustituida por una nota contrastada.","https://docs.snowflake.com/en/sql-reference/sql/copy-into-location","2026-09-21"
"119","archivar","archived","","1.4","provisional","Rendimiento, Consultas y Transformacion","Arquitectura y Data Cloud","True or False: A 4X-Large Warehouse may, at times, take longer to provision than a X-Small Warehouse.","Comparación vaga de tiempos de aprovisionamiento sin condición medible; no aporta una decisión práctica y no garantiza comportamiento.","https://docs.snowflake.com/en/user-guide/warehouses-considerations","2026-09-21"
"120","corregir","verified","1.4","","editorial","Rendimiento, Consultas y Transformacion","Arquitectura y Data Cloud","A user-managed task will call a stored procedure containing several SQL statements. What is a sound way to choose its warehouse size?","Reformulado para corregir ambigüedad, alcance o terminología; clave y explicación contrastadas.","https://docs.snowflake.com/en/user-guide/tasks-intro","2026-09-21"
"121","corregir","verified","2.3","","editorial","Colaboracion y Proteccion de datos","Gestion de cuenta y Gobernanza","Which ACCOUNT_USAGE view reports historical storage usage for internal stages?","Reformulado para corregir ambigüedad, alcance o terminología; clave y explicación contrastadas.","https://docs.snowflake.com/en/sql-reference/account-usage/stage_storage_usage_history","2026-09-21"
"122","corregir","verified","3.1","","editorial","Carga, Descarga y Conectividad","Carga, Descarga y Conectividad","For COPY INTO a table, what file-format type is used when neither the statement nor its stage supplies a different format?","Reformulado para corregir ambigüedad, alcance o terminología; clave y explicación contrastadas.","https://docs.snowflake.com/en/sql-reference/sql/copy-into-table","2026-09-21"
"123","conservar_revisada","verified","5.2","","editorial","Colaboracion y Proteccion de datos","Colaboracion y Proteccion de datos","True or False: Reader Accounts are able to extract data from shared data objects for use outside of Snowflake.","Enunciado, todas las opciones y clave contrastados; explicación actualizada.","https://docs.snowflake.com/en/user-guide/data-sharing-reader-create","2026-09-21"
"124","conservar_revisada","verified","4.2","","editorial","Rendimiento, Consultas y Transformacion","Rendimiento, Consultas y Transformacion","True or False: You can define multiple columns within a clustering key on a table.","Enunciado, opciones y clave revisados; explicación sustituida por una nota contrastada.","https://docs.snowflake.com/en/user-guide/tables-clustering-keys","2026-09-21"
"125","apartar","quarantine","","","provisional","Rendimiento, Consultas y Transformacion","Arquitectura y Data Cloud","True or False: Snowflake enforces unique, primary key, and foreign key constraints during DML operations.","Revisar alcance, condiciones o clave: una lectura preliminar detectó ambigüedad, límite histórico, contexto ausente o posible respuesta adicional. No se declara incorrecta sin validar todas las opciones.","https://docs.snowflake.com/en/sql-reference/constraints-overview.html",""
"126","conservar_revisada","verified","3.1","","editorial","Carga, Descarga y Conectividad","Carga, Descarga y Conectividad","True or False: Loading data into Snowflake requires that source data files be no larger than 16MB.","Enunciado, todas las opciones y clave contrastados; explicación actualizada.","https://docs.snowflake.com/en/user-guide/data-load-considerations-prepare","2026-09-21"
"127","conservar_revisada","verified","1.4","","editorial","Rendimiento, Consultas y Transformacion","Arquitectura y Data Cloud","True or False: A Virtual Warehouse can be resized while suspended.","Enunciado, todas las opciones y clave contrastados; explicación actualizada.","https://docs.snowflake.com/en/user-guide/warehouses-tasks","2026-09-21"
"128","conservar_revisada","verified","2.1","","editorial","Gestion de cuenta y Gobernanza","Gestion de cuenta y Gobernanza","True or False: When you create a custom role, it is a best practice to immediately grant that role to ACCOUNTADMIN.","Enunciado, todas las opciones y clave contrastados; explicación actualizada.","https://docs.snowflake.com/en/user-guide/security-access-control-configure","2026-09-21"
"129","conservar_revisada","verified","1.3","","editorial","Arquitectura y Data Cloud","Arquitectura y Data Cloud","Which of the following accurately represents how a table fits into Snowflake's logical container hierarchy?","Enunciado, opciones y clave revisados; explicación sustituida por una nota contrastada.","https://docs.snowflake.com/en/user-guide/databases","2026-09-21"
"130","conservar_revisada","verified","5.1","","editorial","Colaboracion y Proteccion de datos","Colaboracion y Proteccion de datos","True or False: All Snowflake table types include fail-safe storage.","Enunciado, opciones y clave revisados; explicación sustituida por una nota contrastada.","https://docs.snowflake.com/en/user-guide/tables-temp-transient","2026-09-21"
"131","conservar_revisada","verified","5.2","","editorial","Colaboracion y Proteccion de datos","Colaboracion y Proteccion de datos","What are two ways to create and manage Data Shares in Snowflake? (Choose two.)","Enunciado, todas las opciones y clave contrastados; explicación actualizada.","https://docs.snowflake.com/en/user-guide/data-sharing-intro","2026-09-21"
"132","apartar","quarantine","","5.1","provisional","Colaboracion y Proteccion de datos","Colaboracion y Proteccion de datos","True or False: Fail-safe can be disabled within a Snowflake account.","Revisar alcance, condiciones o clave: una lectura preliminar detectó ambigüedad, límite histórico, contexto ausente o posible respuesta adicional. No se declara incorrecta sin validar todas las opciones.","https://docs.snowflake.com/en/user-guide/data-failsafe",""
"133","conservar_revisada","verified","4.3","","editorial","Rendimiento, Consultas y Transformacion","Rendimiento, Consultas y Transformacion","True or False: It is possible for a user to run a query against the query result cache without requiring an active Warehouse.","Enunciado, opciones y clave revisados; explicación sustituida por una nota contrastada.","https://docs.snowflake.com/en/user-guide/querying-persisted-results","2026-09-21"
"134","conservar_revisada","verified","2.1","","editorial","Gestion de cuenta y Gobernanza","Gestion de cuenta y Gobernanza","True or False: When Snowflake is configured to use Single Sign-On (SSO), Snowflake receives the usernames and credentials from the SSO service and loads them into the customer's Snowflake account.","Enunciado, todas las opciones y clave contrastados; explicación actualizada.","https://docs.snowflake.com/en/user-guide/admin-security-fed-auth-overview","2026-09-21"
"135","corregir","verified","3.1","","editorial","Carga, Descarga y Conectividad","Carga, Descarga y Conectividad","Which file-preparation choices generally support efficient and correct bulk loading? (Choose two.)","Reformulado para corregir ambigüedad, alcance o terminología; clave y explicación contrastadas.","https://docs.snowflake.com/en/user-guide/data-load-considerations-prepare","2026-09-21"
"136","conservar_revisada","verified","5.1","","editorial","Colaboracion y Proteccion de datos","Colaboracion y Proteccion de datos","Which Snowflake feature is used for both querying and restoring data?","Enunciado, opciones y clave revisados; explicación sustituida por una nota contrastada.","https://docs.snowflake.com/en/user-guide/data-time-travel","2026-09-21"
"137","conservar_revisada","verified","1.4","","editorial","Rendimiento, Consultas y Transformacion","Arquitectura y Data Cloud","What do the terms scale up and scale out refer to in Snowflake? (Choose two.)","Enunciado, opciones y clave revisados; explicación sustituida por una nota contrastada.","https://docs.snowflake.com/en/user-guide/warehouses-multicluster","2026-09-21"
"138","conservar_revisada","verified","1.1","","editorial","Gestion de cuenta y Gobernanza","Arquitectura y Data Cloud","What is the minimum Snowflake edition that has column-level security enabled?","Enunciado, todas las opciones y clave contrastados; explicación actualizada.","https://docs.snowflake.com/en/user-guide/intro-editions","2026-09-21"
"139","conservar_revisada","verified","1.4","","editorial","Rendimiento, Consultas y Transformacion","Arquitectura y Data Cloud","What parameter controls if the Virtual Warehouse starts immediately after the CREATE WAREHOUSE statement?","Enunciado, opciones y clave revisados; explicación sustituida por una nota contrastada.","https://docs.snowflake.com/en/sql-reference/sql/create-warehouse","2026-09-21"
"140","apartar","quarantine","","2.1","provisional","Carga, Descarga y Conectividad","Gestion de cuenta y Gobernanza","When cloning a database, what is cloned with the database? (Choose two.)","Revisar alcance, condiciones o clave: una lectura preliminar detectó ambigüedad, límite histórico, contexto ausente o posible respuesta adicional. No se declara incorrecta sin validar todas las opciones.","https://docs.snowflake.com/en/user-guide/object-clone",""
"141","conservar_revisada","verified","1.1","","editorial","Arquitectura y Data Cloud","Arquitectura y Data Cloud","Which of the following describes the Snowflake Cloud Services layer?","Enunciado, todas las opciones y clave contrastados; explicación actualizada.","https://docs.snowflake.com/en/user-guide/intro-key-concepts","2026-09-21"
"142","apartar","quarantine","","1.5","provisional","Colaboracion y Proteccion de datos","Arquitectura y Data Cloud","What is the maximum total Continuous Data Protection (CDP) charges incurred for a temporary table?","Revisar alcance, condiciones o clave: una lectura preliminar detectó ambigüedad, límite histórico, contexto ausente o posible respuesta adicional. No se declara incorrecta sin validar todas las opciones.","https://docs.snowflake.com/en/user-guide/tables-temp-transient.html#continuous-data-protection-cdp",""
"143","conservar_revisada","verified","4.1","","editorial","Rendimiento, Consultas y Transformacion","Rendimiento, Consultas y Transformacion","When reviewing a query profile, what is a symptom that a query is too large to fit into the memory?","Enunciado, todas las opciones y clave contrastados; explicación actualizada.","https://docs.snowflake.com/en/user-guide/performance-query-warehouse-memory","2026-09-21"
"144","corregir","verified","4.2","","editorial","Rendimiento, Consultas y Transformacion","Rendimiento, Consultas y Transformacion","Which workload is a typical candidate for search optimization?","Reformulado para corregir ambigüedad, alcance o terminología; clave y explicación contrastadas.","https://docs.snowflake.com/en/user-guide/search-optimization-service","2026-09-21"
"145","conservar_revisada","verified","3.1","","editorial","Carga, Descarga y Conectividad","Carga, Descarga y Conectividad","What transformations are supported in a CREATE PIPE ... AS COPY ... FROM (..) statement? (Choose two.)","Enunciado, todas las opciones y clave contrastados; explicación actualizada.","https://docs.snowflake.com/en/user-guide/data-load-transform","2026-09-21"
"146","corregir","verified","1.4","","editorial","Arquitectura y Data Cloud","Arquitectura y Data Cloud","Which settings are directly configurable properties of a virtual warehouse? (Choose two.)","Reformulado para corregir ambigüedad, alcance o terminología; clave y explicación contrastadas.","https://docs.snowflake.com/en/sql-reference/sql/create-warehouse","2026-09-21"
"147","conservar_revisada","verified","3.1","","editorial","Carga, Descarga y Conectividad","Carga, Descarga y Conectividad","Which command should be used to load data from a file, located in an external stage, into a table in Snowflake?","Enunciado, opciones y clave revisados; explicación sustituida por una nota contrastada.","https://docs.snowflake.com/en/sql-reference/sql/copy-into-table","2026-09-21"
"148","conservar_revisada","verified","1.1","","editorial","Arquitectura y Data Cloud","Arquitectura y Data Cloud","The Snowflake Cloud Data Platform is described as having which of the following architectures?","Enunciado, todas las opciones y clave contrastados; explicación actualizada.","https://docs.snowflake.com/en/user-guide/intro-key-concepts","2026-09-21"
"149","archivar","archived","","3.3","provisional","Gestion de cuenta y Gobernanza","Carga, Descarga y Conectividad","Which of the following is a data tokenization integration partner?","Consejo sobre el examen, preferencia comercial o trivia de partners; no evalúa directamente una habilidad del temario.","https://docs.snowflake.com/en/user-guide/security-column-ext-token-use",""
"150","apartar","quarantine","","1.1","provisional","Colaboracion y Proteccion de datos","Arquitectura y Data Cloud","What versions of Snowflake should be used to manage compliance with Personal Identifiable Information (PII) requirements? (Choose two.)","Revisar alcance, condiciones o clave: una lectura preliminar detectó ambigüedad, límite histórico, contexto ausente o posible respuesta adicional. No se declara incorrecta sin validar todas las opciones.","https://docs.snowflake.com/en/user-guide/intro-editions",""
"151","conservar_revisada","verified","3.1","","editorial","Carga, Descarga y Conectividad","Carga, Descarga y Conectividad","What are supported file formats for unloading data from Snowflake? (Choose three.)","Enunciado, opciones y clave revisados; explicación sustituida por una nota contrastada.","https://docs.snowflake.com/en/sql-reference/sql/copy-into-location","2026-09-21"
"152","corregir","verified","1.1","","editorial","Arquitectura y Data Cloud","Arquitectura y Data Cloud","Which two responsibilities belong to cloud services rather than warehouse execution or data storage? (Choose two.)","Acotado el escenario para evitar generalizaciones; clave conservada.","https://docs.snowflake.com/en/user-guide/intro-key-concepts","2026-09-21"
"153","apartar","quarantine","","1.4","provisional","Rendimiento, Consultas y Transformacion","Arquitectura y Data Cloud","What is a key feature of Snowflake architecture?","Revisar alcance, condiciones o clave: una lectura preliminar detectó ambigüedad, límite histórico, contexto ausente o posible respuesta adicional. No se declara incorrecta sin validar todas las opciones.","https://docs.snowflake.com/en/user-guide/warehouses-compute.html",""
"154","apartar","quarantine","","5.3","provisional","Colaboracion y Proteccion de datos","Colaboracion y Proteccion de datos","When publishing a Snowflake Data Marketplace listing into a remote region what should be taken into consideration? (Choose two.)","Revisar alcance, condiciones o clave: una lectura preliminar detectó ambigüedad, límite histórico, contexto ausente o posible respuesta adicional. No se declara incorrecta sin validar todas las opciones.","https://docs.snowflake.com/en/user-guide/data-exchange-managing-data-listings.html#considerations-for-creating-a-listing-in-a-remote-region-and-replicating-data",""
"155","apartar","quarantine","","3.2","provisional","Carga, Descarga y Conectividad","Carga, Descarga y Conectividad","When loading data into Snowflake via Snowpipe what is the compressed file size recommendation?","Revisar alcance, condiciones o clave: una lectura preliminar detectó ambigüedad, límite histórico, contexto ausente o posible respuesta adicional. No se declara incorrecta sin validar todas las opciones.","https://docs.snowflake.com/en/user-guide/data-load-considerations-prepare",""
"156","conservar_revisada","verified","2.2","","editorial","Gestion de cuenta y Gobernanza","Gestion de cuenta y Gobernanza","Which Snowflake feature allows a user to substitute a randomly generated identifier for sensitive data, in order to prevent unauthorized users access to the data, before loading it into Snowflake?","Enunciado, todas las opciones y clave contrastados; explicación actualizada.","https://docs.snowflake.com/en/user-guide/security-column-ext-token-intro","2026-09-21"
"157","apartar","quarantine","","3.1","provisional","Arquitectura y Data Cloud","Carga, Descarga y Conectividad","Which of the following are examples of operations that require a Virtual Warehouse to complete, assuming no queries have been executed previously? (Choose three.)","Revisar alcance, condiciones o clave: una lectura preliminar detectó ambigüedad, límite histórico, contexto ausente o posible respuesta adicional. No se declara incorrecta sin validar todas las opciones.","https://docs.snowflake.com/en/user-guide/warehouses.html",""
"158","conservar_revisada","verified","2.2","","editorial","Colaboracion y Proteccion de datos","Gestion de cuenta y Gobernanza","What is the SNOWFLAKE.ACCOUNT_USAGE view that contains information about which objects were read by queries within the last 365 days (1 year)?","Enunciado, opciones y clave revisados; explicación sustituida por una nota contrastada.","https://docs.snowflake.com/en/sql-reference/account-usage/access_history","2026-09-21"
"159","conservar_revisada","verified","1.1","","editorial","Gestion de cuenta y Gobernanza","Arquitectura y Data Cloud","Which feature is only available in the Enterprise or higher editions of Snowflake?","Enunciado, todas las opciones y clave contrastados; explicación actualizada.","https://docs.snowflake.com/en/user-guide/intro-editions","2026-09-21"
"160","apartar","quarantine","","4.3","provisional","Rendimiento, Consultas y Transformacion","Rendimiento, Consultas y Transformacion","Will data cached in a warehouse be lost when the warehouse is resized?","Revisar alcance, condiciones o clave: una lectura preliminar detectó ambigüedad, límite histórico, contexto ausente o posible respuesta adicional. No se declara incorrecta sin validar todas las opciones.","https://docs.snowflake.com/en/user-guide/warehouses-considerations#scaling-up-vs-scaling-out",""
"161","conservar_revisada","verified","3.1","","editorial","Carga, Descarga y Conectividad","Carga, Descarga y Conectividad","Which semi-structured file formats are supported when unloading data from a table? (Choose two.)","Enunciado, todas las opciones y clave contrastados; explicación actualizada.","https://docs.snowflake.com/en/sql-reference/sql/copy-into-location","2026-09-21"
"162","corregir","verified","2.3","","editorial","Rendimiento, Consultas y Transformacion","Gestion de cuenta y Gobernanza","A user-managed virtual warehouse is resumed from suspension. What is the minimum billable compute time for this start?","Acotado el escenario para evitar generalizaciones; clave conservada.","https://docs.snowflake.com/en/user-guide/warehouses-considerations","2026-09-21"
"163","conservar_revisada","verified","1.1","","editorial","Arquitectura y Data Cloud","Arquitectura y Data Cloud","What are the responsibilities of Snowflake's Cloud Service layer? (Choose three.)","Enunciado, opciones y clave revisados; explicación sustituida por una nota contrastada.","https://docs.snowflake.com/en/user-guide/intro-key-concepts","2026-09-21"
"164","conservar_revisada","verified","5.1","","editorial","Colaboracion y Proteccion de datos","Colaboracion y Proteccion de datos","How long is the Fail-safe period for temporary and transient tables?","Enunciado, opciones y clave revisados; explicación sustituida por una nota contrastada.","https://docs.snowflake.com/en/user-guide/tables-temp-transient","2026-09-21"
"165","corregir","verified","3.1","","editorial","Carga, Descarga y Conectividad","Carga, Descarga y Conectividad","Which command downloads files from an internal Snowflake stage to the client local filesystem?","Reformulado para corregir ambigüedad, alcance o terminología; clave y explicación contrastadas.","https://docs.snowflake.com/en/sql-reference/sql/get","2026-09-21"
"166","conservar_revisada","verified","5.1","","editorial","Colaboracion y Proteccion de datos","Colaboracion y Proteccion de datos","How does Snowflake Fail-safe protect data in a permanent table?","Enunciado, opciones y clave revisados; explicación sustituida por una nota contrastada.","https://docs.snowflake.com/en/user-guide/data-failsafe","2026-09-21"
"167","apartar","quarantine","","1.4","provisional","Arquitectura y Data Cloud","Arquitectura y Data Cloud","A virtual warehouse is created using the following command: Create warehouse my_WH with - warehouse_size = MEDIUM min_cluster_count = 1 max_cluster_count = 1 auto_suspend = 60 auto_resume = true; The image below is a graphical representation of the warehouse utilization across two days. What action should be taken to address this situation?","El enunciado requiere un recurso visual que no está integrado en el banco.","https://docs.snowflake.com/en/user-guide/warehouses-multicluster.html",""
"168","conservar_revisada","verified","1.1","","editorial","Gestion de cuenta y Gobernanza","Arquitectura y Data Cloud","Which minimum Snowflake edition allows for a dedicated metadata store?","Enunciado, todas las opciones y clave contrastados; explicación actualizada.","https://docs.snowflake.com/en/user-guide/intro-editions","2026-09-21"
"169","apartar","quarantine","","2.1","provisional","Gestion de cuenta y Gobernanza","Gestion de cuenta y Gobernanza","Network policies can be set at which Snowflake levels? (Choose two.)","Revisar alcance, condiciones o clave: una lectura preliminar detectó ambigüedad, límite histórico, contexto ausente o posible respuesta adicional. No se declara incorrecta sin validar todas las opciones.","https://docs.snowflake.com/en/user-guide/network-policies.html",""
"170","corregir","verified","5.1","","editorial","Colaboracion y Proteccion de datos","Colaboracion y Proteccion de datos","For a permanent native table in Enterprise Edition, which statement correctly describes the usual default and maximum Time Travel retention and Fail-safe?","Original keyed retention values were internally contradictory.","https://docs.snowflake.com/en/user-guide/data-time-travel","2026-09-21"
"171","conservar_revisada","verified","1.3","","editorial","Arquitectura y Data Cloud","Arquitectura y Data Cloud","Which of the following objects are contained within a schema? (Choose two.)","Enunciado, opciones y clave revisados; explicación sustituida por una nota contrastada.","https://docs.snowflake.com/en/user-guide/databases","2026-09-21"
"172","corregir","verified","4.3","","editorial","Rendimiento, Consultas y Transformacion","Rendimiento, Consultas y Transformacion","Which statement about persisted query results is correct?","Reformulado para corregir ambigüedad, alcance o terminología; clave y explicación contrastadas.","https://docs.snowflake.com/en/user-guide/querying-persisted-results","2026-09-21"
"173","apartar","quarantine","","3.1","provisional","Carga, Descarga y Conectividad","Carga, Descarga y Conectividad","A table needs to be loaded. The input data is in JSON format and is a concatenation of multiple JSON documents. The file size is 3 GB. A warehouse size S is being used. The following COPY INTO command was executed: COPY INTO SAMPLE FROM @~/SAMPLE.JSON (TYPE=JSON) The load failed with this error: Max LOB size (16777216) exceeded, actual size of parsed column is 17894470. How can this issue be resolved?","Revisar alcance, condiciones o clave: una lectura preliminar detectó ambigüedad, límite histórico, contexto ausente o posible respuesta adicional. No se declara incorrecta sin validar todas las opciones.","https://docs.snowflake.com/en/user-guide/semistructured-considerations#data-size-limitations",""
"174","conservar_revisada","verified","1.3","","editorial","Rendimiento, Consultas y Transformacion","Arquitectura y Data Cloud","What is a feature of a stored procedure in Snowflake?","Enunciado, todas las opciones y clave contrastados; explicación actualizada.","https://docs.snowflake.com/en/developer-guide/stored-procedure/stored-procedures-rights","2026-09-21"
"175","conservar_revisada","verified","4.4","","editorial","Rendimiento, Consultas y Transformacion","Rendimiento, Consultas y Transformacion","Which columns are part of the result set of the Snowflake LATERAL FLATTEN command? (Choose two.)","Enunciado, opciones y clave revisados; explicación sustituida por una nota contrastada.","https://docs.snowflake.com/en/sql-reference/functions/flatten","2026-09-21"
"176","conservar_revisada","verified","1.1","","editorial","Rendimiento, Consultas y Transformacion","Arquitectura y Data Cloud","What is the minimum Snowflake edition required to create a materialized view?","Enunciado, todas las opciones y clave contrastados; explicación actualizada.","https://docs.snowflake.com/en/user-guide/intro-editions","2026-09-21"
"177","conservar_revisada","verified","4.4","","editorial","Rendimiento, Consultas y Transformacion","Rendimiento, Consultas y Transformacion","Which Snowflake function will interpret an input string as a JSON document, and produce a VARIANT value?","Enunciado, opciones y clave revisados; explicación sustituida por una nota contrastada.","https://docs.snowflake.com/en/sql-reference/functions/parse_json","2026-09-21"
"178","apartar","quarantine","","","provisional","Arquitectura y Data Cloud","Arquitectura y Data Cloud","How are serverless features billed?","Revisar alcance, condiciones o clave: una lectura preliminar detectó ambigüedad, límite histórico, contexto ausente o posible respuesta adicional. No se declara incorrecta sin validar todas las opciones.","https://docs.snowflake.com/en/user-guide/cost-understanding-compute#label-serverless-credit-usage",""
"179","conservar_revisada","verified","1.1","","editorial","Arquitectura y Data Cloud","Arquitectura y Data Cloud","Which Snowflake architectural layer is responsible for a query execution plan?","Enunciado, todas las opciones y clave contrastados; explicación actualizada.","https://docs.snowflake.com/en/user-guide/intro-key-concepts","2026-09-21"
"180","corregir","verified","3.1","","editorial","Carga, Descarga y Conectividad","Carga, Descarga y Conectividad","A team wants multiple unload jobs to reuse one centrally defined set of output-format options. Which approach fits?","Reformulado para corregir ambigüedad, alcance o terminología; clave y explicación contrastadas.","https://docs.snowflake.com/en/sql-reference/sql/copy-into-location","2026-09-21"
"181","corregir","verified","3.2","","editorial","Rendimiento, Consultas y Transformacion","Carga, Descarga y Conectividad","Which operations consume a stream and advance its offset when the transaction commits? (Choose two.)","Reformulado para corregir ambigüedad, alcance o terminología; clave y explicación contrastadas.","https://docs.snowflake.com/en/user-guide/streams-intro","2026-09-21"
"182","corregir","verified","3.1","","editorial","Carga, Descarga y Conectividad","Carga, Descarga y Conectividad","Which approaches can remove successfully loaded source files from a named internal stage? (Choose two.)","Reformulado para corregir ambigüedad, alcance o terminología; clave y explicación contrastadas.","https://docs.snowflake.com/en/sql-reference/sql/remove","2026-09-21"
"183","conservar_revisada","verified","1.1","","editorial","Arquitectura y Data Cloud","Arquitectura y Data Cloud","On which of the following cloud platforms can a Snowflake account be hosted? (Choose three.)","Enunciado, todas las opciones y clave contrastados; explicación actualizada.","https://docs.snowflake.com/en/user-guide/intro-cloud-platforms","2026-09-21"
"184","apartar","quarantine","","2.1","provisional","Gestion de cuenta y Gobernanza","Gestion de cuenta y Gobernanza","What Snowflake role must be granted for a user to create and manage accounts?","Revisar alcance, condiciones o clave: una lectura preliminar detectó ambigüedad, límite histórico, contexto ausente o posible respuesta adicional. No se declara incorrecta sin validar todas las opciones.","https://docs.snowflake.com/en/user-guide/security-access-control-overview.html",""
"185","apartar","quarantine","","1.5","provisional","Rendimiento, Consultas y Transformacion","Arquitectura y Data Cloud","Assume there is a table consisting of five micro-partitions with values ranging from A to Z. Which diagram indicates a well-clustered table?","Falta imagen, tabla o configuración citada por el enunciado; no se puede resolver de forma autónoma.","https://docs.snowflake.com/en/user-guide/tables-clustering-micropartitions.html",""
"186","conservar_revisada","verified","1.5","","editorial","Rendimiento, Consultas y Transformacion","Arquitectura y Data Cloud","What feature can be used to reorganize a very large table on one or more columns?","Enunciado, todas las opciones y clave contrastados; explicación actualizada.","https://docs.snowflake.com/en/user-guide/tables-clustering-keys","2026-09-21"
"187","conservar_revisada","verified","4.1","","editorial","Rendimiento, Consultas y Transformacion","Rendimiento, Consultas y Transformacion","What is an advantage of using an explain plan instead of the query profiler to evaluate the performance of a query?","Enunciado, todas las opciones y clave contrastados; explicación actualizada.","https://docs.snowflake.com/en/sql-reference/sql/explain","2026-09-21"
"188","conservar_revisada","verified","4.4","","editorial","Rendimiento, Consultas y Transformacion","Rendimiento, Consultas y Transformacion","Which data types are supported by Snowflake when using semi-structured data? (Choose two.)","Enunciado, todas las opciones y clave contrastados; explicación actualizada.","https://docs.snowflake.com/en/sql-reference/data-types-semistructured","2026-09-21"
"189","conservar_revisada","verified","3.1","","editorial","Carga, Descarga y Conectividad","Carga, Descarga y Conectividad","Why does Snowflake recommend file sizes of 100-250 MB compressed when loading data?","Enunciado, todas las opciones y clave contrastados; explicación actualizada.","https://docs.snowflake.com/en/user-guide/data-load-considerations-prepare","2026-09-21"
"190","apartar","quarantine","","5.1","provisional","Arquitectura y Data Cloud","Colaboracion y Proteccion de datos","Which of the following features are available with the Snowflake Enterprise edition? (Choose two.)","Revisar alcance, condiciones o clave: una lectura preliminar detectó ambigüedad, límite histórico, contexto ausente o posible respuesta adicional. No se declara incorrecta sin validar todas las opciones.","https://docs.snowflake.com/en/user-guide/intro-editions",""
"191","corregir","verified","3.1","","editorial","Carga, Descarga y Conectividad","Carga, Descarga y Conectividad","What is the documented default value of MAX_FILE_SIZE for COPY INTO a location?","Reformulado para corregir ambigüedad, alcance o terminología; clave y explicación contrastadas.","https://docs.snowflake.com/en/sql-reference/sql/copy-into-location","2026-09-21"
"192","apartar","quarantine","","2.2","provisional","Colaboracion y Proteccion de datos","Gestion de cuenta y Gobernanza","What features that are part of the Continuous Data Protection (CDP) feature set in Snowflake do not require additional configuration? (Choose two.)","Revisar alcance, condiciones o clave: una lectura preliminar detectó ambigüedad, límite histórico, contexto ausente o posible respuesta adicional. No se declara incorrecta sin validar todas las opciones.","https://docs.snowflake.com/en/user-guide/data-cdp",""
"193","corregir","verified","4.3","","editorial","Arquitectura y Data Cloud","Rendimiento, Consultas y Transformacion","Which architectural layer coordinates access and query processing when Snowflake can reuse a persisted query result?","Reformulado para corregir ambigüedad, alcance o terminología; clave y explicación contrastadas.","https://docs.snowflake.com/en/user-guide/intro-key-concepts","2026-09-21"
"194","apartar","quarantine","","3.3","provisional","Gestion de cuenta y Gobernanza","Carga, Descarga y Conectividad","Which connectors are available in the downloads section of the Snowflake web interface (UI)? (Choose two.)","Revisar alcance, condiciones o clave: una lectura preliminar detectó ambigüedad, límite histórico, contexto ausente o posible respuesta adicional. No se declara incorrecta sin validar todas las opciones.","https://docs.snowflake.com/en/user-guide/snowflake-client-repository",""
"195","conservar_revisada","verified","2.2","","editorial","Colaboracion y Proteccion de datos","Gestion de cuenta y Gobernanza","A Snowflake Administrator needs to ensure that sensitive corporate data in Snowflake tables is not visible to end users, but is partially visible to functional managers. How can this requirement be met?","Enunciado, opciones y clave revisados; explicación sustituida por una nota contrastada.","https://docs.snowflake.com/en/user-guide/security-column-ddm-intro","2026-09-21"
"196","apartar","quarantine","","2.3","provisional","Carga, Descarga y Conectividad","Gestion de cuenta y Gobernanza","Users are responsible for data storage costs until what occurs?","Revisar alcance, condiciones o clave: una lectura preliminar detectó ambigüedad, límite histórico, contexto ausente o posible respuesta adicional. No se declara incorrecta sin validar todas las opciones.","https://docs.snowflake.com/en/user-guide/data-storage.html",""
"197","conservar_revisada","verified","3.2","","editorial","Carga, Descarga y Conectividad","Carga, Descarga y Conectividad","A user has an application that writes a new file to a cloud storage location every 5 minutes. What would be the MOST efficient way to get the files into Snowflake?","Enunciado, opciones y clave revisados; explicación sustituida por una nota contrastada.","https://docs.snowflake.com/en/user-guide/data-load-snowpipe-auto","2026-09-21"
"198","conservar_revisada","verified","4.3","","editorial","Rendimiento, Consultas y Transformacion","Rendimiento, Consultas y Transformacion","What affects whether the query results cache can be used?","Enunciado, opciones y clave revisados; explicación sustituida por una nota contrastada.","https://docs.snowflake.com/en/user-guide/querying-persisted-results","2026-09-21"
"199","apartar","quarantine","","","provisional","Rendimiento, Consultas y Transformacion","Arquitectura y Data Cloud","Which of the following is an example of an operation that can be completed without requiring compute, assuming no queries have been executed previously?","Revisar alcance, condiciones o clave: una lectura preliminar detectó ambigüedad, límite histórico, contexto ausente o posible respuesta adicional. No se declara incorrecta sin validar todas las opciones.","https://docs.snowflake.com/en/user-guide/performance-query-warehouse-cache",""
"200","corregir","verified","3.2","","editorial","Carga, Descarga y Conectividad","Carga, Descarga y Conectividad","For file-based Snowpipe, how long is pipe-specific file load history retained in pipe metadata?","Reformulado para corregir ambigüedad, alcance o terminología; clave y explicación contrastadas.","https://docs.snowflake.com/en/user-guide/data-load-snowpipe-intro","2026-09-21"
"201","conservar_revisada","verified","1.4","","editorial","Arquitectura y Data Cloud","Arquitectura y Data Cloud","What Snowflake features allow virtual warehouses to handle high concurrency workloads? (Choose two.)","Enunciado, todas las opciones y clave contrastados; explicación actualizada.","https://docs.snowflake.com/en/user-guide/warehouses-multicluster","2026-09-21"
"202","conservar_revisada","verified","3.1","","editorial","Carga, Descarga y Conectividad","Carga, Descarga y Conectividad","Which COPY INTO command outputs the data into one file?","Enunciado, todas las opciones y clave contrastados; explicación actualizada.","https://docs.snowflake.com/en/sql-reference/sql/copy-into-location","2026-09-21"
"203","apartar","quarantine","","2.3","provisional","Gestion de cuenta y Gobernanza","Gestion de cuenta y Gobernanza","In which scenarios would a user have to pay Cloud Services costs? (Choose two.)","Revisar alcance, condiciones o clave: una lectura preliminar detectó ambigüedad, límite histórico, contexto ausente o posible respuesta adicional. No se declara incorrecta sin validar todas las opciones.","https://docs.snowflake.com/en/user-guide/cost-understanding-compute",""
"204","conservar_revisada","verified","1.2","","editorial","Colaboracion y Proteccion de datos","Arquitectura y Data Cloud","A user created a new worksheet within the Snowsight UI and wants to share this with teammates. How can this worksheet be shared?","Enunciado, todas las opciones y clave contrastados; explicación actualizada.","https://docs.snowflake.com/en/user-guide/ui-snowsight-worksheets","2026-09-21"
"205","corregir","verified","2.2","","editorial","Gestion de cuenta y Gobernanza","Gestion de cuenta y Gobernanza","How can an existing row access policy be attached to a table? (Choose two.)","Corregidos alcance, ambigüedad o contenido desactualizado; alternativas y explicación contrastadas.","https://docs.snowflake.com/en/sql-reference/sql/alter-table","2026-09-21"
"206","corregir","verified","3.1","","editorial","Carga, Descarga y Conectividad","Carga, Descarga y Conectividad","Which SQL command uploads local client files to an internal Snowflake stage?","Corregidos alcance, ambigüedad o contenido desactualizado; alternativas y explicación contrastadas.","https://docs.snowflake.com/en/sql-reference/sql/put","2026-09-21"
"207","apartar","quarantine","","5.3","provisional","Colaboracion y Proteccion de datos","Colaboracion y Proteccion de datos","What types of data listings are available in the Snowflake Data Marketplace? (Choose two.)","Revisar alcance, condiciones o clave: una lectura preliminar detectó ambigüedad, límite histórico, contexto ausente o posible respuesta adicional. No se declara incorrecta sin validar todas las opciones.","https://other-docs.snowflake.com/en/collaboration/collaboration-marketplace-about",""
"208","conservar_revisada","verified","5.1","","editorial","Colaboracion y Proteccion de datos","Colaboracion y Proteccion de datos","What is the maximum Time Travel retention period for a temporary Snowflake table?","Enunciado, opciones y clave revisados; explicación sustituida por una nota contrastada.","https://docs.snowflake.com/en/user-guide/tables-temp-transient","2026-09-21"
"209","conservar_revisada","verified","1.4","","editorial","Rendimiento, Consultas y Transformacion","Arquitectura y Data Cloud","When should a multi-cluster warehouse be used in auto-scaling mode?","Enunciado, opciones y clave contrastados; explicación actualizada.","https://docs.snowflake.com/en/user-guide/warehouses-multicluster","2026-09-21"
"210","corregir","verified","5.1","","editorial","Colaboracion y Proteccion de datos","Colaboracion y Proteccion de datos","What should be expected when a cloned table is replicated into a secondary database?","Corregidos alcance, ambigüedad o contenido desactualizado; alternativas y explicación contrastadas.","https://docs.snowflake.com/en/user-guide/account-replication-considerations","2026-09-21"
"211","conservar_revisada","verified","3.1","","editorial","Carga, Descarga y Conectividad","Carga, Descarga y Conectividad","Snowflake supports the use of external stages with which cloud platforms? (Choose three.)","Enunciado, opciones y clave contrastados; explicación actualizada.","https://docs.snowflake.com/en/user-guide/data-load-overview","2026-09-21"
"212","conservar_revisada","verified","4.2","","editorial","Rendimiento, Consultas y Transformacion","Rendimiento, Consultas y Transformacion","What is a limitation of a Materialized View?","Enunciado, opciones y clave contrastados; explicación actualizada.","https://docs.snowflake.com/en/user-guide/views-materialized","2026-09-21"
"213","conservar_revisada","verified","2.1","","editorial","Gestion de cuenta y Gobernanza","Gestion de cuenta y Gobernanza","In the Snowflake access control model, which entity owns an object by default?","Enunciado, opciones y clave revisados; explicación sustituida por una nota contrastada.","https://docs.snowflake.com/en/user-guide/security-access-control-overview","2026-09-21"
"214","conservar_revisada","verified","1.1","","editorial","Colaboracion y Proteccion de datos","Arquitectura y Data Cloud","What is the minimum Snowflake edition required to use Dynamic Data Masking?","Enunciado, opciones y clave contrastados; explicación actualizada.","https://docs.snowflake.com/en/user-guide/intro-editions","2026-09-21"
"215","corregir","verified","1.1","","editorial","Arquitectura y Data Cloud","Arquitectura y Data Cloud","Which responsibilities belong to Snowflake cloud services? (Choose two.)","Corregidos alcance, ambigüedad o contenido desactualizado; alternativas y explicación contrastadas.","https://docs.snowflake.com/en/user-guide/intro-key-concepts","2026-09-21"
"216","conservar_revisada","verified","2.2","","editorial","Colaboracion y Proteccion de datos","Gestion de cuenta y Gobernanza","A company needs to allow some users to see Personally Identifiable Information (PII) while limiting other users from seeing the full value of the PII. Which Snowflake feature will support this?","Enunciado, opciones y clave revisados; explicación sustituida por una nota contrastada.","https://docs.snowflake.com/en/user-guide/security-column-ddm-intro","2026-09-21"
"217","conservar_revisada","verified","3.1","","editorial","Carga, Descarga y Conectividad","Carga, Descarga y Conectividad","A user has unloaded data from a Snowflake table to an external stage. Which command can be used to verify if data has been uploaded to the external stage named my_stage?","Enunciado, opciones y clave revisados; explicación sustituida por una nota contrastada.","https://docs.snowflake.com/en/sql-reference/sql/list","2026-09-21"
"218","conservar_revisada","verified","1.1","","editorial","Arquitectura y Data Cloud","Arquitectura y Data Cloud","Which tasks are performed in the Snowflake Cloud Services layer? (Choose two.)","Enunciado, opciones y clave revisados; explicación sustituida por una nota contrastada.","https://docs.snowflake.com/en/user-guide/intro-key-concepts","2026-09-21"
"219","apartar","quarantine","","5.2","provisional","Colaboracion y Proteccion de datos","Colaboracion y Proteccion de datos","What is true about sharing data in Snowflake? (Choose two.)","Revisar alcance, condiciones o clave: una lectura preliminar detectó ambigüedad, límite histórico, contexto ausente o posible respuesta adicional. No se declara incorrecta sin validar todas las opciones.","https://docs.snowflake.com/en/user-guide/data-sharing-intro.html",""
"220","apartar","quarantine","","4.4","provisional","Rendimiento, Consultas y Transformacion","Rendimiento, Consultas y Transformacion","The following JSON is stored in a VARIANT column called src of the CAR_SALES table: A user needs to extract the dealership information from the JSON. How can this be accomplished?","Falta imagen, tabla o configuración citada por el enunciado; no se puede resolver de forma autónoma.","https://docs.snowflake.com/en/user-guide/json-basics.html",""
"221","conservar_revisada","verified","4.2","","editorial","Rendimiento, Consultas y Transformacion","Rendimiento, Consultas y Transformacion","Which of the following significantly improves the performance of selective point lookup queries on a table?","Enunciado, opciones y clave revisados; explicación sustituida por una nota contrastada.","https://docs.snowflake.com/en/user-guide/search-optimization-service","2026-09-21"
"222","conservar_revisada","verified","5.2","","editorial","Colaboracion y Proteccion de datos","Colaboracion y Proteccion de datos","Which of the following accurately describes shares?","Enunciado, opciones y clave contrastados; explicación actualizada.","https://docs.snowflake.com/en/user-guide/data-sharing-intro","2026-09-21"
"223","apartar","quarantine","","2.1","provisional","Gestion de cuenta y Gobernanza","Gestion de cuenta y Gobernanza","What are best practice recommendations for using the ACCOUNTADMIN system-defined role in Snowflake? (Choose two.)","Revisar alcance, condiciones o clave: una lectura preliminar detectó ambigüedad, límite histórico, contexto ausente o posible respuesta adicional. No se declara incorrecta sin validar todas las opciones.","https://docs.snowflake.com/en/user-guide/security-access-control-considerations",""
"224","apartar","quarantine","","4.1","provisional","Rendimiento, Consultas y Transformacion","Rendimiento, Consultas y Transformacion","In the query profiler view for a query, which components represent areas that can be used to help optimize query performance? (Choose two.)","Revisar alcance, condiciones o clave: una lectura preliminar detectó ambigüedad, límite histórico, contexto ausente o posible respuesta adicional. No se declara incorrecta sin validar todas las opciones.","https://docs.snowflake.com/en/user-guide/ui-query-profile",""
"225","conservar_revisada","verified","1.1","","editorial","Colaboracion y Proteccion de datos","Arquitectura y Data Cloud","What is the minimum Snowflake edition required for row-level security?","Enunciado, opciones y clave contrastados; explicación actualizada.","https://docs.snowflake.com/en/user-guide/intro-editions","2026-09-21"
"226","conservar_revisada","verified","5.1","","editorial","Colaboracion y Proteccion de datos","Colaboracion y Proteccion de datos","What is the minimum Fail-safe retention time period for transient tables?","Enunciado, opciones y clave revisados; explicación sustituida por una nota contrastada.","https://docs.snowflake.com/en/user-guide/tables-temp-transient","2026-09-21"
"227","archivar","archived","","","provisional","Arquitectura y Data Cloud","Arquitectura y Data Cloud","What is a machine learning and data science partner within the Snowflake Partner Ecosystem?","Consejo sobre el examen, preferencia comercial o trivia de partners; no evalúa directamente una habilidad del temario.","https://www.datarobot.com/partners/technology-partners/snowflake/",""
"228","corregir","verified","5.3","","editorial","Colaboracion y Proteccion de datos","Colaboracion y Proteccion de datos","A consumer obtains a data listing delivered through Secure Data Sharing in the same region. Which statement best describes access?","Corregidos alcance, ambigüedad o contenido desactualizado; alternativas y explicación contrastadas.","https://docs.snowflake.com/en/collaboration/collaboration-listings-about","2026-09-21"
"229","conservar_revisada","verified","4.2","","editorial","Rendimiento, Consultas y Transformacion","Rendimiento, Consultas y Transformacion","What impacts the credit consumption of maintaining a materialized view? (Choose two.)","Enunciado, opciones y clave contrastados; explicación actualizada.","https://docs.snowflake.com/en/user-guide/views-materialized","2026-09-21"
"230","conservar_revisada","verified","3.1","","editorial","Carga, Descarga y Conectividad","Carga, Descarga y Conectividad","What COPY INTO SQL command should be used to unload data into multiple files?","Enunciado, opciones y clave contrastados; explicación actualizada.","https://docs.snowflake.com/en/sql-reference/sql/copy-into-location","2026-09-21"
"231","conservar_revisada","verified","5.1","","editorial","Rendimiento, Consultas y Transformacion","Colaboracion y Proteccion de datos","When cloning a database containing stored procedures and regular views, that have fully qualified table references, which of the following will occur?","Enunciado, opciones y clave contrastados; explicación actualizada.","https://docs.snowflake.com/en/sql-reference/sql/create-clone","2026-09-21"
"232","apartar","quarantine","","3.1","provisional","Carga, Descarga y Conectividad","Carga, Descarga y Conectividad","When loading data into Snowflake, how should the data be organized?","Revisar alcance, condiciones o clave: una lectura preliminar detectó ambigüedad, límite histórico, contexto ausente o posible respuesta adicional. No se declara incorrecta sin validar todas las opciones.","https://docs.snowflake.com/en/user-guide/data-load-considerations-prepare.html#general-file-sizing-guidelines",""
"233","conservar_revisada","verified","5.1","","editorial","Colaboracion y Proteccion de datos","Colaboracion y Proteccion de datos","Which of the following objects can be directly restored using the UNDROP command? (Choose two.)","Enunciado, opciones y clave revisados; explicación sustituida por una nota contrastada.","https://docs.snowflake.com/en/user-guide/data-time-travel","2026-09-21"
"234","corregir","verified","2.1","","editorial","Gestion de cuenta y Gobernanza","Gestion de cuenta y Gobernanza","Which command shows users and roles to which MY_ROLE has been granted?","Corrected OF ROLE versus TO ROLE.","https://docs.snowflake.com/en/sql-reference/sql/show-grants","2026-09-21"
"235","apartar","quarantine","","3.3","provisional","Gestion de cuenta y Gobernanza","Carga, Descarga y Conectividad","What is the MINIMUM edition of Snowflake that is required to use a SCIM security integration?","Revisar alcance, condiciones o clave: una lectura preliminar detectó ambigüedad, límite histórico, contexto ausente o posible respuesta adicional. No se declara incorrecta sin validar todas las opciones.","https://docs.snowflake.com/en/user-guide/scim-intro",""
"236","conservar_revisada","verified","5.1","","editorial","Colaboracion y Proteccion de datos","Colaboracion y Proteccion de datos","A user created a transient table and made several changes to it over the course of several days. Three days after the table was created, the user would like to go back to the first version of the table. How can this be accomplished?","Enunciado, opciones y clave contrastados; explicación actualizada.","https://docs.snowflake.com/en/user-guide/tables-temp-transient","2026-09-21"
"237","corregir","verified","1.4","","editorial","Rendimiento, Consultas y Transformacion","Arquitectura y Data Cloud","A warehouse queues many independent concurrent queries. Which approaches directly provide more independent compute capacity? (Choose two.)","Corregidos alcance, ambigüedad o contenido desactualizado; alternativas y explicación contrastadas.","https://docs.snowflake.com/en/user-guide/warehouses-multicluster","2026-09-21"
"238","conservar_revisada","verified","5.1","","editorial","Colaboracion y Proteccion de datos","Colaboracion y Proteccion de datos","Which of the following features, associated with Continuous Data Protection (CDP), require additional Snowflake-provided data storage? (Choose two.)","Enunciado, opciones y clave contrastados; explicación actualizada.","https://docs.snowflake.com/en/user-guide/data-failsafe","2026-09-21"
"239","conservar_revisada","verified","2.1","","editorial","Gestion de cuenta y Gobernanza","Gestion de cuenta y Gobernanza","Where can a user find and review the failed logins of a specific user for the past 30 days?","Enunciado, opciones y clave revisados; explicación sustituida por una nota contrastada.","https://docs.snowflake.com/en/sql-reference/account-usage/login_history","2026-09-21"
"240","conservar_revisada","verified","1.3","","editorial","Rendimiento, Consultas y Transformacion","Arquitectura y Data Cloud","What is the purpose of an External Function?","Enunciado, opciones y clave contrastados; explicación actualizada.","https://docs.snowflake.com/en/sql-reference/external-functions-introduction","2026-09-21"
"241","conservar_revisada","verified","2.1","","editorial","Gestion de cuenta y Gobernanza","Gestion de cuenta y Gobernanza","Which of the following statements apply to Snowflake in terms of security? (Choose two.)","Enunciado, opciones y clave contrastados; explicación actualizada.","https://docs.snowflake.com/en/user-guide/security-access-control-overview","2026-09-21"
"242","apartar","quarantine","","1.4","provisional","Rendimiento, Consultas y Transformacion","Arquitectura y Data Cloud","A single user of a virtual warehouse has set the warehouse to auto-resume and auto-suspend after 10 minutes. The warehouse is currently suspended and the user performs the following actions: Runs a query that takes 3 minutes to complete, Leaves for 15 minutes, Returns and runs a query that takes 10 seconds to complete, Manually suspends the warehouse as soon as the last query was completed. When the user returns, how much billable compute time will have been consumed?","Revisar alcance, condiciones o clave: una lectura preliminar detectó ambigüedad, límite histórico, contexto ausente o posible respuesta adicional. No se declara incorrecta sin validar todas las opciones.","https://docs.snowflake.com/en/user-guide/warehouses-considerations.html#billing-and-credit-usage",""
"243","apartar","quarantine","","2.3","provisional","Rendimiento, Consultas y Transformacion","Gestion de cuenta y Gobernanza","What can be used to view warehouse usage over time? (Choose two.)","Revisar alcance, condiciones o clave: una lectura preliminar detectó ambigüedad, límite histórico, contexto ausente o posible respuesta adicional. No se declara incorrecta sin validar todas las opciones.","https://docs.snowflake.com/en/sql-reference/account-usage/warehouse_metering_history.html",""
"244","apartar","quarantine","","4.3","provisional","Rendimiento, Consultas y Transformacion","Rendimiento, Consultas y Transformacion","What actions will prevent leveraging of the ResultSet cache? (Choose two.)","Revisar alcance, condiciones o clave: una lectura preliminar detectó ambigüedad, límite histórico, contexto ausente o posible respuesta adicional. No se declara incorrecta sin validar todas las opciones.","https://docs.snowflake.com/en/user-guide/querying-persisted-results",""
"245","corregir","verified","3.2","","editorial","Rendimiento, Consultas y Transformacion","Carga, Descarga y Conectividad","Which description of a Snowflake task body is accurate?","Corregidos alcance, ambigüedad o contenido desactualizado; alternativas y explicación contrastadas.","https://docs.snowflake.com/en/user-guide/tasks-intro","2026-09-21"
"246","conservar_revisada","verified","4.4","","editorial","Rendimiento, Consultas y Transformacion","Rendimiento, Consultas y Transformacion","Which data types does Snowflake support when querying semi-structured data? (Choose two.)","Enunciado, opciones y clave contrastados; explicación actualizada.","https://docs.snowflake.com/en/sql-reference/data-types-semistructured","2026-09-21"
"247","apartar","quarantine","","1.4","provisional","Arquitectura y Data Cloud","Arquitectura y Data Cloud","In an auto-scaling multi-cluster virtual warehouse with the setting SCALING_POLICY = ECONOMY enabled, when is another cluster started?","Revisar alcance, condiciones o clave: una lectura preliminar detectó ambigüedad, límite histórico, contexto ausente o posible respuesta adicional. No se declara incorrecta sin validar todas las opciones.","https://docs.snowflake.com/en/user-guide/warehouses-multicluster.html#scaling-policy",""
"248","conservar_revisada","verified","3.1","","editorial","Carga, Descarga y Conectividad","Carga, Descarga y Conectividad","What is the following SQL command used for? Select * from table(validate(t1, job_id => '_last'));","Enunciado, opciones y clave revisados; explicación sustituida por una nota contrastada.","https://docs.snowflake.com/en/sql-reference/functions/validate","2026-09-21"
"249","apartar","quarantine","","4.3","provisional","Rendimiento, Consultas y Transformacion","Rendimiento, Consultas y Transformacion","A sales table FCT_SALES has 100 million records. The following query was executed: SELECT COUNT (1) FROM FCT_SALES; How did Snowflake fulfill this query?","Revisar alcance, condiciones o clave: una lectura preliminar detectó ambigüedad, límite histórico, contexto ausente o posible respuesta adicional. No se declara incorrecta sin validar todas las opciones.","https://docs.snowflake.com/en/user-guide/querying-metadata",""
"250","apartar","quarantine","","1.4","provisional","Rendimiento, Consultas y Transformacion","Arquitectura y Data Cloud","What happens when a virtual warehouse is resized?","Revisar alcance, condiciones o clave: una lectura preliminar detectó ambigüedad, límite histórico, contexto ausente o posible respuesta adicional. No se declara incorrecta sin validar todas las opciones.","https://docs.snowflake.com/en/user-guide/warehouses-considerations.html#resizing-warehouses",""
"251","conservar_revisada","verified","3.1","","editorial","Carga, Descarga y Conectividad","Carga, Descarga y Conectividad","What tasks can be completed using the COPY command? (Choose two.)","Enunciado, opciones y clave revisados; explicación sustituida por una nota contrastada.","https://docs.snowflake.com/en/user-guide/data-load-transform","2026-09-21"
"252","corregir","verified","1.4","","editorial","Arquitectura y Data Cloud","Arquitectura y Data Cloud","Which compute component lets a customer directly choose warehouse size and auto-suspend behavior?","Corregidos alcance, ambigüedad o contenido desactualizado; alternativas y explicación contrastadas.","https://docs.snowflake.com/en/user-guide/warehouses-tasks","2026-09-21"
"253","conservar_revisada","verified","1.1","","editorial","Arquitectura y Data Cloud","Arquitectura y Data Cloud","Query compilation occurs in which architecture layer of the Snowflake Cloud Data Platform?","Enunciado, opciones y clave revisados; explicación sustituida por una nota contrastada.","https://docs.snowflake.com/en/user-guide/intro-key-concepts","2026-09-21"
"254","apartar","quarantine","","1.4","provisional","Arquitectura y Data Cloud","Arquitectura y Data Cloud","If a size Small virtual warehouse is made up of two servers, how many servers make up a Large warehouse?","Supone un número físico fijo de servidores por talla de warehouse; no es una equivalencia general fiable.","https://docs.snowflake.com/en/user-guide/warehouses-overview.html",""
"255","conservar_revisada","verified","1.5","","editorial","Rendimiento, Consultas y Transformacion","Arquitectura y Data Cloud","A clustering key was defined on a table, but it is no longer needed. How can the key be removed?","Enunciado, opciones y clave contrastados; explicación actualizada.","https://docs.snowflake.com/en/sql-reference/sql/alter-table","2026-09-21"
"256","conservar_revisada","verified","4.2","","editorial","Rendimiento, Consultas y Transformacion","Rendimiento, Consultas y Transformacion","What is a core benefit of clustering?","Enunciado, opciones y clave revisados; explicación sustituida por una nota contrastada.","https://docs.snowflake.com/en/user-guide/tables-clustering-keys","2026-09-21"
"257","corregir","verified","2.1","","editorial","Gestion de cuenta y Gobernanza","Gestion de cuenta y Gobernanza","Which statement accurately describes Snowflake MFA enrollment?","Corregidos alcance, ambigüedad o contenido desactualizado; alternativas y explicación contrastadas.","https://docs.snowflake.com/en/user-guide/security-mfa","2026-09-21"
"258","conservar_revisada","verified","4.4","","editorial","Rendimiento, Consultas y Transformacion","Rendimiento, Consultas y Transformacion","What data type should be used to store JSON data natively in Snowflake?","Enunciado, opciones y clave contrastados; explicación actualizada.","https://docs.snowflake.com/en/sql-reference/data-types-semistructured","2026-09-21"
"259","apartar","quarantine","","4.1","provisional","Colaboracion y Proteccion de datos","Rendimiento, Consultas y Transformacion","What should be considered when deciding to use a Secure View? (Choose two.)","Revisar alcance, condiciones o clave: una lectura preliminar detectó ambigüedad, límite histórico, contexto ausente o posible respuesta adicional. No se declara incorrecta sin validar todas las opciones.","https://docs.snowflake.com/en/user-guide/views-secure.html",""
"260","apartar","quarantine","","3.1","provisional","Arquitectura y Data Cloud","Carga, Descarga y Conectividad","The information schema provides storage information for which of the following objects? (Choose two.)","Revisar alcance, condiciones o clave: una lectura preliminar detectó ambigüedad, límite histórico, contexto ausente o posible respuesta adicional. No se declara incorrecta sin validar todas las opciones.","https://docs.snowflake.com/en/sql-reference/info-schema.html",""
"261","corregir","verified","1.1","","editorial","Rendimiento, Consultas y Transformacion","Arquitectura y Data Cloud","Which responsibility belongs to Snowflake virtual warehouses?","Corregidos alcance, ambigüedad o contenido desactualizado; alternativas y explicación contrastadas.","https://docs.snowflake.com/en/user-guide/intro-key-concepts","2026-09-21"
"262","apartar","quarantine","","2.2","provisional","Colaboracion y Proteccion de datos","Gestion de cuenta y Gobernanza","Which data type is supported by Snowflake data classification?","Revisar alcance, condiciones o clave: una lectura preliminar detectó ambigüedad, límite histórico, contexto ausente o posible respuesta adicional. No se declara incorrecta sin validar todas las opciones.","https://docs.snowflake.com/en/user-guide/governance-classify-concepts",""
"263","apartar","quarantine","","3.1","provisional","Carga, Descarga y Conectividad","Carga, Descarga y Conectividad","When unloading data to an external stage, which compression format can be used for Parquet files with the COPY INTO command?","La clave señala LZO para descarga Parquet; revisar formatos/compresión admitidos.","https://docs.snowflake.com/en/sql-reference/sql/copy-into-location.html#format-type-parquet",""
"264","conservar_revisada","verified","2.1","","editorial","Gestion de cuenta y Gobernanza","Gestion de cuenta y Gobernanza","Which SQL command can be used to verify the privileges that are granted to a role?","Enunciado, opciones y clave revisados; explicación sustituida por una nota contrastada.","https://docs.snowflake.com/en/sql-reference/sql/show-grants","2026-09-21"
"265","corregir","verified","4.1","","editorial","Rendimiento, Consultas y Transformacion","Rendimiento, Consultas y Transformacion","Which Query Profile symptom suggests that more warehouse memory or a query rewrite could improve performance?","Corregidos alcance, ambigüedad o contenido desactualizado; alternativas y explicación contrastadas.","https://docs.snowflake.com/en/user-guide/performance-query-warehouse-memory","2026-09-21"
"266","corregir","verified","5.1","","editorial","Colaboracion y Proteccion de datos","Colaboracion y Proteccion de datos","What is the standard default Time Travel retention for a newly created native table when no explicit or inherited setting overrides it?","Corregidos alcance, ambigüedad o contenido desactualizado; alternativas y explicación contrastadas.","https://docs.snowflake.com/en/user-guide/data-time-travel","2026-09-21"
"267","corregir","verified","3.1","","editorial","Carga, Descarga y Conectividad","Carga, Descarga y Conectividad","Which preparations generally help efficient bulk loading? (Choose two.)","Corregidos alcance, ambigüedad o contenido desactualizado; alternativas y explicación contrastadas.","https://docs.snowflake.com/en/user-guide/data-load-considerations-prepare","2026-09-21"
"268","apartar","quarantine","","1.3","provisional","Arquitectura y Data Cloud","Arquitectura y Data Cloud","Which schema has the RESOURCE_MONITORS view?","Revisar alcance, condiciones o clave: una lectura preliminar detectó ambigüedad, límite histórico, contexto ausente o posible respuesta adicional. No se declara incorrecta sin validar todas las opciones.","https://docs.snowflake.com/en/sql-reference/account-usage/resource_monitors",""
"269","conservar_revisada","verified","2.1","","editorial","Gestion de cuenta y Gobernanza","Gestion de cuenta y Gobernanza","What is the purpose of enabling Federated Authentication on a Snowflake account?","Enunciado, opciones y clave revisados; explicación sustituida por una nota contrastada.","https://docs.snowflake.com/en/user-guide/admin-security-fed-auth-overview","2026-09-21"
"270","apartar","quarantine","","3.3","provisional","Arquitectura y Data Cloud","Carga, Descarga y Conectividad","Which Snowflake partner category is represented at the top of this diagram (labeled 1)?","Falta imagen, tabla o configuración citada por el enunciado; no se puede resolver de forma autónoma.","https://docs.snowflake.com/en/user-guide/ecosystem-security",""
"271","apartar","quarantine","","5.1","provisional","Colaboracion y Proteccion de datos","Colaboracion y Proteccion de datos","Which object types are protected by Fail-safe? (Choose two.)","Revisar alcance, condiciones o clave: una lectura preliminar detectó ambigüedad, límite histórico, contexto ausente o posible respuesta adicional. No se declara incorrecta sin validar todas las opciones.","https://docs.snowflake.com/en/user-guide/data-failsafe",""
"272","conservar_revisada","verified","2.1","","editorial","Gestion de cuenta y Gobernanza","Gestion de cuenta y Gobernanza","Snowflake's approach to the management of system access combines which of the following models? (Choose two.)","Enunciado, opciones y clave revisados; explicación sustituida por una nota contrastada.","https://docs.snowflake.com/en/user-guide/security-access-control-overview","2026-09-21"
"273","conservar_revisada","verified","2.1","","editorial","Gestion de cuenta y Gobernanza","Gestion de cuenta y Gobernanza","According to Snowflake best practice recommendations, which role should be used to create databases?","Enunciado, opciones y clave revisados; explicación sustituida por una nota contrastada.","https://docs.snowflake.com/en/user-guide/security-access-control-overview","2026-09-21"
"274","apartar","quarantine","","2.1","provisional","Rendimiento, Consultas y Transformacion","Gestion de cuenta y Gobernanza","To add or remove search optimization for a table, a user must have which of the following privileges or roles? (Choose two.)","Revisar alcance, condiciones o clave: una lectura preliminar detectó ambigüedad, límite histórico, contexto ausente o posible respuesta adicional. No se declara incorrecta sin validar todas las opciones.","https://docs.snowflake.com/en/user-guide/search-optimization-service.html#what-access-control-privileges-are-needed-for-the-search-optimization-service",""
"275","corregir","verified","3.1","","editorial","Carga, Descarga y Conectividad","Carga, Descarga y Conectividad","Which COPY INTO table use is not supported with VALIDATION_MODE?","Corregidos alcance, ambigüedad o contenido desactualizado; alternativas y explicación contrastadas.","https://docs.snowflake.com/en/sql-reference/sql/copy-into-table","2026-09-21"
"276","apartar","quarantine","","4.3","provisional","Rendimiento, Consultas y Transformacion","Rendimiento, Consultas y Transformacion","When is the result set cache no longer available? (Choose two.)","Revisar alcance, condiciones o clave: una lectura preliminar detectó ambigüedad, límite histórico, contexto ausente o posible respuesta adicional. No se declara incorrecta sin validar todas las opciones.","https://docs.snowflake.com/en/user-guide/querying-persisted-results",""
"277","apartar","quarantine","","3.2","provisional","Carga, Descarga y Conectividad","Carga, Descarga y Conectividad","What is the recommended file sizing for data loading using Snowpipe?","Revisar alcance, condiciones o clave: una lectura preliminar detectó ambigüedad, límite histórico, contexto ausente o posible respuesta adicional. No se declara incorrecta sin validar todas las opciones.","https://docs.snowflake.com/en/user-guide/data-load-snowpipe-intro.html",""
"278","apartar","quarantine","","1.1","provisional","Arquitectura y Data Cloud","Arquitectura y Data Cloud","Which statements are true concerning Snowflake’s underlying cloud infrastructure? (Choose three.)","Revisar alcance, condiciones o clave: una lectura preliminar detectó ambigüedad, límite histórico, contexto ausente o posible respuesta adicional. No se declara incorrecta sin validar todas las opciones.","https://docs.snowflake.com/en/user-guide/intro-key-concepts.html#architecture",""
"279","conservar_revisada","verified","3.1","","editorial","Carga, Descarga y Conectividad","Carga, Descarga y Conectividad","A user unloaded a Snowflake table called mytable to an internal stage called mystage. Which command can be used to view the list of files that has been uploaded to the stage?","Enunciado, opciones y clave revisados; explicación sustituida por una nota contrastada.","https://docs.snowflake.com/en/sql-reference/sql/list","2026-09-21"
"280","conservar_revisada","verified","2.1","","editorial","Gestion de cuenta y Gobernanza","Gestion de cuenta y Gobernanza","What is a best practice after creating a custom role?","Enunciado, opciones y clave contrastados; explicación actualizada.","https://docs.snowflake.com/en/user-guide/security-access-control-configure","2026-09-21"
"281","apartar","quarantine","","1.1","provisional","Arquitectura y Data Cloud","Arquitectura y Data Cloud","Which is the MINIMUM required Snowflake edition that a user must have if they want to use AWS/Azure Privatelink or Google Cloud Private Service Connect?","Revisar alcance, condiciones o clave: una lectura preliminar detectó ambigüedad, límite histórico, contexto ausente o posible respuesta adicional. No se declara incorrecta sin validar todas las opciones.","https://docs.snowflake.com/en/user-guide/network-policies.html#using-privatelink-with-snowflake",""
"282","corregir","verified","4.1","","editorial","Rendimiento, Consultas y Transformacion","Rendimiento, Consultas y Transformacion","Which metric specifically indicates intermediate results spilled beyond local warehouse storage?","Corregidos alcance, ambigüedad o contenido desactualizado; alternativas y explicación contrastadas.","https://docs.snowflake.com/en/user-guide/performance-query-warehouse-memory","2026-09-21"
"283","conservar_revisada","verified","1.1","","editorial","Arquitectura y Data Cloud","Arquitectura y Data Cloud","Which of the following Snowflake capabilities are available in all Snowflake editions? (Choose two.)","Enunciado, opciones y clave contrastados; explicación actualizada.","https://docs.snowflake.com/en/user-guide/intro-editions","2026-09-21"
"284","corregir","verified","3.1","","editorial","Carga, Descarga y Conectividad","Carga, Descarga y Conectividad","Can SnowSQL execute PUT to upload a local file to an internal stage?","Corregidos alcance, ambigüedad o contenido desactualizado; alternativas y explicación contrastadas.","https://docs.snowflake.com/en/sql-reference/sql/put","2026-09-21"
"285","apartar","quarantine","","4.2","provisional","Rendimiento, Consultas y Transformacion","Rendimiento, Consultas y Transformacion","Which of the following indicates that it may be appropriate to use a clustering key for a table? (Choose two.)","Revisar alcance, condiciones o clave: una lectura preliminar detectó ambigüedad, límite histórico, contexto ausente o posible respuesta adicional. No se declara incorrecta sin validar todas las opciones.","https://docs.snowflake.com/en/user-guide/tables-clustering-keys.html",""
"286","conservar_revisada","verified","4.3","","editorial","Rendimiento, Consultas y Transformacion","Rendimiento, Consultas y Transformacion","Which cache type is used to cache data output from SQL queries?","Enunciado, opciones y clave revisados; explicación sustituida por una nota contrastada.","https://docs.snowflake.com/en/user-guide/querying-persisted-results","2026-09-21"
"287","conservar_revisada","verified","1.5","","editorial","Rendimiento, Consultas y Transformacion","Arquitectura y Data Cloud","Which of the following describes how clustering keys work in Snowflake?","Enunciado, opciones y clave contrastados; explicación actualizada.","https://docs.snowflake.com/en/user-guide/tables-auto-reclustering","2026-09-21"
"288","apartar","quarantine","","1.4","provisional","Arquitectura y Data Cloud","Arquitectura y Data Cloud","Which of the following operations require the use of a running virtual warehouse? (Choose two.)","Revisar alcance, condiciones o clave: una lectura preliminar detectó ambigüedad, límite histórico, contexto ausente o posible respuesta adicional. No se declara incorrecta sin validar todas las opciones.","https://docs.snowflake.com/en/user-guide/warehouses.html",""
"289","conservar_revisada","verified","2.3","","editorial","Rendimiento, Consultas y Transformacion","Gestion de cuenta y Gobernanza","What is used to limit the credit usage of a virtual warehouse within a Snowflake account?","Enunciado, opciones y clave contrastados; explicación actualizada.","https://docs.snowflake.com/en/user-guide/resource-monitors","2026-09-21"
"290","corregir","verified","5.1","","editorial","Colaboracion y Proteccion de datos","Colaboracion y Proteccion de datos","Which combination supports business continuity through a secondary Snowflake account?","Corregidos alcance, ambigüedad o contenido desactualizado; alternativas y explicación contrastadas.","https://docs.snowflake.com/en/user-guide/account-replication-intro","2026-09-21"
"291","conservar_revisada","verified","2.1","","editorial","Gestion de cuenta y Gobernanza","Gestion de cuenta y Gobernanza","Which of the following roles are recommended to create and manage users and roles? (Choose two.)","Enunciado, opciones y clave revisados; explicación sustituida por una nota contrastada.","https://docs.snowflake.com/en/user-guide/security-access-control-overview","2026-09-21"
"292","apartar","quarantine","","1.4","provisional","Rendimiento, Consultas y Transformacion","Arquitectura y Data Cloud","When can a newly configured virtual warehouse start running SQL queries?","Revisar alcance, condiciones o clave: una lectura preliminar detectó ambigüedad, límite histórico, contexto ausente o posible respuesta adicional. No se declara incorrecta sin validar todas las opciones.","https://docs.snowflake.com/en/user-guide/warehouses.html",""
"293","corregir","verified","4.3","","editorial","Carga, Descarga y Conectividad","Rendimiento, Consultas y Transformacion","With unchanged data and privileges, which change prevents direct reuse of the exact previously persisted query result?","Corregidos alcance, ambigüedad o contenido desactualizado; alternativas y explicación contrastadas.","https://docs.snowflake.com/en/user-guide/querying-persisted-results","2026-09-21"
"294","conservar_revisada","verified","1.5","","editorial","Rendimiento, Consultas y Transformacion","Arquitectura y Data Cloud","Which of the following are benefits of micro-partitioning? (Choose two.)","Enunciado, opciones y clave revisados; explicación sustituida por una nota contrastada.","https://docs.snowflake.com/en/user-guide/tables-clustering-micropartitions","2026-09-21"
"295","corregir","verified","4.4","","editorial","Rendimiento, Consultas y Transformacion","Rendimiento, Consultas y Transformacion","Which are Snowflake dedicated geospatial SQL data types? (Choose two.)","Corregidos alcance, ambigüedad o contenido desactualizado; alternativas y explicación contrastadas.","https://docs.snowflake.com/en/sql-reference/data-types-geospatial","2026-09-21"
"296","corregir","verified","1.4","","editorial","Rendimiento, Consultas y Transformacion","Arquitectura y Data Cloud","A single-cluster warehouse has reached its query concurrency capacity and no additional cluster can start. What normally happens to new warehouse queries?","Corregidos alcance, ambigüedad o contenido desactualizado; alternativas y explicación contrastadas.","https://docs.snowflake.com/en/user-guide/warehouses-multicluster","2026-09-21"
"297","apartar","quarantine","","2.2","provisional","Colaboracion y Proteccion de datos","Gestion de cuenta y Gobernanza","Masking policies can be applied to which of the following Snowflake objects? (Choose two.)","Revisar alcance, condiciones o clave: una lectura preliminar detectó ambigüedad, límite histórico, contexto ausente o posible respuesta adicional. No se declara incorrecta sin validar todas las opciones.","https://docs.snowflake.com/en/user-guide/security-column-ddm.html",""
"298","corregir","verified","2.3","","editorial","Gestion de cuenta y Gobernanza","Gestion de cuenta y Gobernanza","Which threshold actions can a resource monitor perform? (Choose three.)","Corregidos alcance, ambigüedad o contenido desactualizado; alternativas y explicación contrastadas.","https://docs.snowflake.com/en/user-guide/resource-monitors","2026-09-21"
"299","apartar","quarantine","","2.3","provisional","Carga, Descarga y Conectividad","Gestion de cuenta y Gobernanza","A user executes the following SQL query: create table SALES_BKP like SALES; What are the cost implications for processing this query?","Revisar alcance, condiciones o clave: una lectura preliminar detectó ambigüedad, límite histórico, contexto ausente o posible respuesta adicional. No se declara incorrecta sin validar todas las opciones.","https://docs.snowflake.com/en/sql-reference/sql/create-table",""
"300","conservar_revisada","verified","5.1","","editorial","Colaboracion y Proteccion de datos","Colaboracion y Proteccion de datos","What is the maximum length of time travel available in the Snowflake Standard Edition?","Enunciado, opciones y clave contrastados; explicación actualizada.","https://docs.snowflake.com/en/user-guide/data-time-travel","2026-09-21"
"301","corregir","verified","3.1","","editorial","Carga, Descarga y Conectividad","Carga, Descarga y Conectividad","What happens when named stages are dropped? (Choose two.)","Original key incorrectly said external files were removed.","https://docs.snowflake.com/en/sql-reference/sql/drop-stage","2026-09-21"
"302","conservar_revisada","verified","3.1","","editorial","Carga, Descarga y Conectividad","Carga, Descarga y Conectividad","A user has 10 files in a stage containing new customer data. The ingest operation completes with no errors, using the following command: COPY INTO my_table FROM @my_stage; The next day the user adds 10 files to the stage so that now the stage contains a mixture of new customer data and updates to the previous data. The user did not remove the 10 original files. If the user runs the same COPY INTO command what will happen?","Enunciado, opciones y clave contrastados; explicación actualizada.","https://docs.snowflake.com/en/sql-reference/sql/copy-into-table","2026-09-21"
"303","conservar_revisada","verified","3.1","","editorial","Carga, Descarga y Conectividad","Carga, Descarga y Conectividad","Which parameter can be used to instruct a COPY command to verify data files instead of loading them into a specified table?","Enunciado, opciones y clave revisados; explicación sustituida por una nota contrastada.","https://docs.snowflake.com/en/sql-reference/sql/copy-into-table","2026-09-21"
"304","conservar_revisada","verified","3.3","","editorial","Gestion de cuenta y Gobernanza","Carga, Descarga y Conectividad","Which of the following SQL statements will list the version of the drivers currently being used?","Enunciado, opciones y clave contrastados; explicación actualizada.","https://docs.snowflake.com/en/sql-reference/functions/current_client","2026-09-21"
"305","corregir","verified","4.2","","editorial","Rendimiento, Consultas y Transformacion","Rendimiento, Consultas y Transformacion","A large native analytical table has poor pruning for recurring selective filters. Which technique can improve data organization for those filters?","Corregidos alcance, ambigüedad o contenido desactualizado; alternativas y explicación contrastadas.","https://docs.snowflake.com/en/user-guide/tables-clustering-keys","2026-09-21"
"306","apartar","quarantine","","5.2","provisional","Colaboracion y Proteccion de datos","Colaboracion y Proteccion de datos","What happens to the shared objects for users in a consumer account from a share, once a database has been created in that account?","Revisar alcance, condiciones o clave: una lectura preliminar detectó ambigüedad, límite histórico, contexto ausente o posible respuesta adicional. No se declara incorrecta sin validar todas las opciones.","https://docs.snowflake.com/en/user-guide/data-sharing-intro.html",""
"307","corregir","verified","4.4","","editorial","Rendimiento, Consultas y Transformacion","Rendimiento, Consultas y Transformacion","Which prefix references a SQL session variable previously assigned with SET?","Corregidos alcance, ambigüedad o contenido desactualizado; alternativas y explicación contrastadas.","https://docs.snowflake.com/en/sql-reference/session-variables","2026-09-21"
"308","apartar","quarantine","","2.1","provisional","Gestion de cuenta y Gobernanza","Gestion de cuenta y Gobernanza","Which commands should be used to grant the privilege allowing a role to select data from all current tables and any tables that will be created later in a schema? (Choose two.)","Revisar alcance, condiciones o clave: una lectura preliminar detectó ambigüedad, límite histórico, contexto ausente o posible respuesta adicional. No se declara incorrecta sin validar todas las opciones.","https://docs.snowflake.com/en/sql-reference/sql/grant-privilege.html",""
"309","conservar_revisada","verified","1.5","","editorial","Rendimiento, Consultas y Transformacion","Arquitectura y Data Cloud","How can a user change which columns are referenced in a view?","Enunciado, opciones y clave revisados; explicación sustituida por una nota contrastada.","https://docs.snowflake.com/en/sql-reference/sql/create-view","2026-09-21"
"310","conservar_revisada","verified","4.1","","editorial","Rendimiento, Consultas y Transformacion","Rendimiento, Consultas y Transformacion","Which statement describes pruning?","Enunciado, opciones y clave contrastados; explicación actualizada.","https://docs.snowflake.com/en/user-guide/tables-clustering-micropartitions","2026-09-21"
"311","conservar_revisada","verified","2.2","","editorial","Gestion de cuenta y Gobernanza","Gestion de cuenta y Gobernanza","Which SQL command can be used to see the CREATE definition of a masking policy?","Enunciado, opciones y clave contrastados; explicación actualizada.","https://docs.snowflake.com/en/sql-reference/functions/get_ddl","2026-09-21"
"312","conservar_revisada","verified","2.3","","editorial","Arquitectura y Data Cloud","Gestion de cuenta y Gobernanza","Which of the following is the Snowflake Account_Usage.Metering_History view used for?","Enunciado, opciones y clave revisados; explicación sustituida por una nota contrastada.","https://docs.snowflake.com/en/sql-reference/account-usage/metering_history","2026-09-21"
"313","conservar_revisada","verified","1.1","","editorial","Arquitectura y Data Cloud","Arquitectura y Data Cloud","Query parsing and compilation occurs in which architecture layer of the Snowflake Cloud Data Platform?","Enunciado, opciones y clave revisados; explicación sustituida por una nota contrastada.","https://docs.snowflake.com/en/user-guide/intro-key-concepts","2026-09-21"
"314","apartar","quarantine","","5.2","provisional","Colaboracion y Proteccion de datos","Colaboracion y Proteccion de datos","Which of the following Snowflake objects can be shared using a secure share? (Choose two.)","Revisar alcance, condiciones o clave: una lectura preliminar detectó ambigüedad, límite histórico, contexto ausente o posible respuesta adicional. No se declara incorrecta sin validar todas las opciones.","https://docs.snowflake.com/en/user-guide/data-sharing-intro.html",""
"315","apartar","quarantine","","4.1","provisional","Rendimiento, Consultas y Transformacion","Rendimiento, Consultas y Transformacion","What happens to the underlying table data when a CLUSTER BY clause is added to a Snowflake table?","Revisar alcance, condiciones o clave: una lectura preliminar detectó ambigüedad, límite histórico, contexto ausente o posible respuesta adicional. No se declara incorrecta sin validar todas las opciones.","https://docs.snowflake.com/en/user-guide/tables-clustering-keys.html",""
"316","apartar","quarantine","","2.1","provisional","Rendimiento, Consultas y Transformacion","Gestion de cuenta y Gobernanza","Which of the following conditions must be met in order to return results from the results cache? (Choose two.)","Revisar alcance, condiciones o clave: una lectura preliminar detectó ambigüedad, límite histórico, contexto ausente o posible respuesta adicional. No se declara incorrecta sin validar todas las opciones.","https://docs.snowflake.com/en/user-guide/querying-persisted-results#retrieval-optimization",""
"317","corregir","verified","2.3","","editorial","Gestion de cuenta y Gobernanza","Gestion de cuenta y Gobernanza","For a fixed warehouse type, generation, and single-cluster configuration, which factors determine warehouse compute credits?","Acotado el escenario para evitar generalizaciones; clave conservada.","https://docs.snowflake.com/en/user-guide/warehouses-considerations","2026-09-21"
"318","apartar","quarantine","","2.1","provisional","Rendimiento, Consultas y Transformacion","Gestion de cuenta y Gobernanza","A user needs to create a materialized view in the schema MYDB.MYSCHEMA. Which statements will provide this access?","Revisar alcance, condiciones o clave: una lectura preliminar detectó ambigüedad, límite histórico, contexto ausente o posible respuesta adicional. No se declara incorrecta sin validar todas las opciones.","https://docs.snowflake.com/en/sql-reference/sql/grant-privilege.html",""
"319","conservar_revisada","verified","1.4","","editorial","Rendimiento, Consultas y Transformacion","Arquitectura y Data Cloud","What is the purpose of multi-cluster virtual warehouses?","Enunciado, opciones y clave revisados; explicación sustituida por una nota contrastada.","https://docs.snowflake.com/en/user-guide/warehouses-multicluster","2026-09-21"
"320","corregir","verified","3.1","","editorial","Carga, Descarga y Conectividad","Carga, Descarga y Conectividad","Which external storage location can a Snowflake external stage reference?","Original key incorrectly selected a Windows file share.","https://docs.snowflake.com/en/sql-reference/sql/create-stage","2026-09-21"
"321","apartar","quarantine","","5.2","provisional","Colaboracion y Proteccion de datos","Colaboracion y Proteccion de datos","Which database objects can be shared with the Snowflake secure data sharing feature? (Choose two.)","Revisar alcance, condiciones o clave: una lectura preliminar detectó ambigüedad, límite histórico, contexto ausente o posible respuesta adicional. No se declara incorrecta sin validar todas las opciones.","https://docs.snowflake.com/en/user-guide/data-sharing-intro.html",""
"322","conservar_revisada","verified","5.2","","editorial","Colaboracion y Proteccion de datos","Colaboracion y Proteccion de datos","Which statements reflect key functionalities of a Snowflake Data Exchange? (Choose two.)","Enunciado, opciones y clave contrastados; explicación actualizada.","https://docs.snowflake.com/en/user-guide/data-exchange","2026-09-21"
"323","corregir","verified","4.3","","editorial","Rendimiento, Consultas y Transformacion","Rendimiento, Consultas y Transformacion","An identical query meets all persisted-result reuse conditions, including privileges and unchanged data. Where can Snowflake obtain the result?","Original answer conflated persisted results and warehouse-local disk cache.","https://docs.snowflake.com/en/user-guide/querying-persisted-results","2026-09-21"
"324","apartar","quarantine","","1.5","provisional","Rendimiento, Consultas y Transformacion","Arquitectura y Data Cloud","Which feature allows a user the ability to control the organization of data in a micro-partition?","Revisar alcance, condiciones o clave: una lectura preliminar detectó ambigüedad, límite histórico, contexto ausente o posible respuesta adicional. No se declara incorrecta sin validar todas las opciones.","https://docs.snowflake.com/en/user-guide/tables-clustering-micropartitions.html",""
"325","apartar","quarantine","","2.1","provisional","Colaboracion y Proteccion de datos","Gestion de cuenta y Gobernanza","Which privilege must be granted to a share to allow secure views the ability to reference data in multiple databases?","Revisar alcance, condiciones o clave: una lectura preliminar detectó ambigüedad, límite histórico, contexto ausente o posible respuesta adicional. No se declara incorrecta sin validar todas las opciones.","https://docs.snowflake.com/en/user-guide/data-sharing-reader-sharing-objects.html",""
"326","corregir","verified","2.3","","editorial","Gestion de cuenta y Gobernanza","Gestion de cuenta y Gobernanza","Which operation can incur Snowflake data-transfer egress charges?","Corregidos alcance, ambigüedad o contenido desactualizado; alternativas y explicación contrastadas.","https://docs.snowflake.com/en/user-guide/cost-understanding-data-transfer","2026-09-21"
"327","conservar_revisada","verified","2.3","","editorial","Rendimiento, Consultas y Transformacion","Gestion de cuenta y Gobernanza","Which of the following compute resources or features are managed by Snowflake? (Choose two.)","Enunciado, opciones y clave contrastados; explicación actualizada.","https://docs.snowflake.com/en/user-guide/tables-auto-reclustering","2026-09-21"
"328","apartar","quarantine","","1.5","provisional","Rendimiento, Consultas y Transformacion","Arquitectura y Data Cloud","A materialized view should be created when which of the following occurs? (Choose two.)","Revisar alcance, condiciones o clave: una lectura preliminar detectó ambigüedad, límite histórico, contexto ausente o posible respuesta adicional. No se declara incorrecta sin validar todas las opciones.","https://docs.snowflake.com/en/user-guide/views-materialized.html",""
"329","apartar","quarantine","","2.1","provisional","Gestion de cuenta y Gobernanza","Gestion de cuenta y Gobernanza","What privilege should a user be granted to change permissions for new objects in a managed access schema?","Revisar alcance, condiciones o clave: una lectura preliminar detectó ambigüedad, límite histórico, contexto ausente o posible respuesta adicional. No se declara incorrecta sin validar todas las opciones.","https://docs.snowflake.com/en/user-guide/security-access-control-privileges.html",""
"330","conservar_revisada","verified","5.2","","editorial","Colaboracion y Proteccion de datos","Colaboracion y Proteccion de datos","What happens when a Data Provider revokes privileges to a share on an object in their source database?","Enunciado, opciones y clave revisados; explicación sustituida por una nota contrastada.","https://docs.snowflake.com/en/user-guide/data-sharing-intro","2026-09-21"
"331","conservar_revisada","verified","3.1","","editorial","Carga, Descarga y Conectividad","Carga, Descarga y Conectividad","Which command can be used to load data into an internal stage?","Enunciado, opciones y clave revisados; explicación sustituida por una nota contrastada.","https://docs.snowflake.com/en/sql-reference/sql/put","2026-09-21"
"332","apartar","quarantine","","2.2","provisional","Colaboracion y Proteccion de datos","Gestion de cuenta y Gobernanza","What is the MINIMUM Snowflake edition required to use the periodic rekeying of micro-partitions?","Revisar alcance, condiciones o clave: una lectura preliminar detectó ambigüedad, límite histórico, contexto ausente o posible respuesta adicional. No se declara incorrecta sin validar todas las opciones.","https://docs.snowflake.com/en/user-guide/security-encryption-manage.html#label-periodic-rekeying",""
"333","apartar","quarantine","","3.1","provisional","Carga, Descarga y Conectividad","Carga, Descarga y Conectividad","Which stage type can be altered and dropped?","Revisar alcance, condiciones o clave: una lectura preliminar detectó ambigüedad, límite histórico, contexto ausente o posible respuesta adicional. No se declara incorrecta sin validar todas las opciones.","https://docs.snowflake.com/en/sql-reference/sql/drop-stage",""
"334","corregir","verified","3.2","","editorial","Carga, Descarga y Conectividad","Carga, Descarga y Conectividad","Which object defines the COPY load for file-based Snowpipe auto-ingest when cloud notifications are configured?","Corregidos alcance, ambigüedad o contenido desactualizado; alternativas y explicación contrastadas.","https://docs.snowflake.com/en/user-guide/data-load-snowpipe-auto","2026-09-21"
"335","conservar_revisada","verified","3.1","","editorial","Rendimiento, Consultas y Transformacion","Carga, Descarga y Conectividad","A user is loading JSON documents composed of a huge array containing multiple records into Snowflake. The user enables the STRIP_OUTER_ARRAY file format option. What does the STRIP_OUTER_ARRAY file format do?","Enunciado, opciones y clave revisados; explicación sustituida por una nota contrastada.","https://docs.snowflake.com/en/sql-reference/sql/create-file-format","2026-09-21"
"336","corregir","verified","1.3","","editorial","Arquitectura y Data Cloud","Arquitectura y Data Cloud","How can Snowflake accounts within one organization be deployed?","Original answer incorrectly required the same region.","https://docs.snowflake.com/en/user-guide/organizations","2026-09-21"
"337","apartar","quarantine","","","provisional","Rendimiento, Consultas y Transformacion","Arquitectura y Data Cloud","If a Snowflake user decides a table should be clustered, what should be used as the cluster key?","Revisar alcance, condiciones o clave: una lectura preliminar detectó ambigüedad, límite histórico, contexto ausente o posible respuesta adicional. No se declara incorrecta sin validar todas las opciones.","https://docs.snowflake.com/en/user-guide/tables-clustering-keys.html",""
"338","apartar","quarantine","","4.4","provisional","Rendimiento, Consultas y Transformacion","Rendimiento, Consultas y Transformacion","What are value types that a VARIANT column can store? (Choose two.)","Revisar alcance, condiciones o clave: una lectura preliminar detectó ambigüedad, límite histórico, contexto ausente o posible respuesta adicional. No se declara incorrecta sin validar todas las opciones.","https://docs.snowflake.com/en/sql-reference/data-types-semistructured.html#variant",""
"339","apartar","quarantine","","1.4","provisional","Carga, Descarga y Conectividad","Arquitectura y Data Cloud","A company needs to read multiple terabytes of data for an initial load as part of a Snowflake migration. The company can control the number and size of CSV extract files. How does Snowflake recommend maximizing the load performance?","Revisar alcance, condiciones o clave: una lectura preliminar detectó ambigüedad, límite histórico, contexto ausente o posible respuesta adicional. No se declara incorrecta sin validar todas las opciones.","https://docs.snowflake.com/en/user-guide/data-load-considerations-prepare.html",""
"340","conservar_revisada","verified","1.5","","editorial","Colaboracion y Proteccion de datos","Arquitectura y Data Cloud","For non-materialized views, what column in Information Schema and Account Usage identifies whether a view is secure or not?","Enunciado, opciones y clave contrastados; explicación actualizada.","https://docs.snowflake.com/en/sql-reference/info-schema/views","2026-09-21"
"341","apartar","quarantine","","3.1","provisional","Carga, Descarga y Conectividad","Carga, Descarga y Conectividad","The bulk data load history that is available upon completion of the COPY statement is stored where and for how long?","Confunde retención de metadatos de carga para deduplicación con historial consultable.","https://docs.snowflake.com/en/user-guide/data-load-snowpipe-monitor.html#viewing-load-history-for-a-pipe",""
"342","conservar_revisada","verified","2.1","","editorial","Gestion de cuenta y Gobernanza","Gestion de cuenta y Gobernanza","User INQUISITIVE_PERSON has been granted the role DATA_SCIENCE. The role DATA_SCIENCE has privileges OWNERSHIP on the schema MARKETING of the database ANALYTICS_DW. Which command will show all privileges granted to that schema?","Enunciado, opciones y clave contrastados; explicación actualizada.","https://docs.snowflake.com/en/sql-reference/sql/show-grants","2026-09-21"
"343","apartar","quarantine","","2.2","provisional","Colaboracion y Proteccion de datos","Gestion de cuenta y Gobernanza","Which of the following are characteristics of security in Snowflake?","Revisar alcance, condiciones o clave: una lectura preliminar detectó ambigüedad, límite histórico, contexto ausente o posible respuesta adicional. No se declara incorrecta sin validar todas las opciones.","https://docs.snowflake.com/en/user-guide/security-encryption.html#encryption-key-rotation",""
"344","conservar_revisada","verified","5.2","","editorial","Colaboracion y Proteccion de datos","Colaboracion y Proteccion de datos","Which of the following objects can be shared through secure data sharing?","Enunciado, opciones y clave contrastados; explicación actualizada.","https://docs.snowflake.com/en/user-guide/data-sharing-intro","2026-09-21"
"345","apartar","quarantine","","4.4","provisional","Rendimiento, Consultas y Transformacion","Rendimiento, Consultas y Transformacion","Which formats does Snowflake store semi-structured data in? (Choose two.)","Revisar alcance, condiciones o clave: una lectura preliminar detectó ambigüedad, límite histórico, contexto ausente o posible respuesta adicional. No se declara incorrecta sin validar todas las opciones.","https://docs.snowflake.com/en/sql-reference/data-types-semistructured.html",""
"346","corregir","verified","3.1","","editorial","Carga, Descarga y Conectividad","Carga, Descarga y Conectividad","A daily bulk load should scan only one date partition of a large external stage. Which organization helps target the relevant files?","Corregidos alcance, ambigüedad o contenido desactualizado; alternativas y explicación contrastadas.","https://docs.snowflake.com/en/user-guide/data-load-considerations-load","2026-09-21"
"347","conservar_revisada","verified","1.4","","editorial","Rendimiento, Consultas y Transformacion","Arquitectura y Data Cloud","What effect does WAIT_FOR_COMPLETION = TRUE have when running an ALTER WAREHOUSE command and changing the warehouse size?","Enunciado, opciones y clave contrastados; explicación actualizada.","https://docs.snowflake.com/en/sql-reference/sql/alter-warehouse","2026-09-21"
"348","apartar","quarantine","","3.1","provisional","Carga, Descarga y Conectividad","Carga, Descarga y Conectividad","Which of the following can be used when unloading data from Snowflake? (Choose two.)","Revisar alcance, condiciones o clave: una lectura preliminar detectó ambigüedad, límite histórico, contexto ausente o posible respuesta adicional. No se declara incorrecta sin validar todas las opciones.","https://docs.snowflake.com/en/user-guide/data-unload-considerations.html",""
"349","corregir","verified","4.3","","editorial","Arquitectura y Data Cloud","Rendimiento, Consultas y Transformacion","Which statement correctly distinguishes persisted query results from ordinary views?","Corregidos alcance, ambigüedad o contenido desactualizado; alternativas y explicación contrastadas.","https://docs.snowflake.com/en/user-guide/querying-persisted-results","2026-09-21"
"350","apartar","quarantine","","5.2","provisional","Colaboracion y Proteccion de datos","Colaboracion y Proteccion de datos","A data provider wants to share data with a consumer who does not have a Snowflake account. The provider creates a reader account for the consumer following these steps: Based on this configuration what is true of the reader account?","Falta imagen, tabla o configuración citada por el enunciado; no se puede resolver de forma autónoma.","https://docs.snowflake.com/en/user-guide/data-sharing-reader-accounts.html",""
"351","corregir","verified","2.3","","editorial","Rendimiento, Consultas y Transformacion","Gestion de cuenta y Gobernanza","Which operations ordinarily use user-managed warehouse compute when no persisted result can be reused? (Choose two.)","Corregidos alcance, ambigüedad o contenido desactualizado; alternativas y explicación contrastadas.","https://docs.snowflake.com/en/user-guide/warehouses-considerations","2026-09-21"
"352","conservar_revisada","verified","3.1","","editorial","Carga, Descarga y Conectividad","Carga, Descarga y Conectividad","When loading data into Snowflake, the COPY command supports which of the following?","Enunciado, opciones y clave revisados; explicación sustituida por una nota contrastada.","https://docs.snowflake.com/en/user-guide/data-load-transform","2026-09-21"
"353","corregir","verified","4.3","","editorial","Rendimiento, Consultas y Transformacion","Rendimiento, Consultas y Transformacion","What does a warehouse data cache retain for possible use by later queries?","Corregidos alcance, ambigüedad o contenido desactualizado; alternativas y explicación contrastadas.","https://docs.snowflake.com/en/user-guide/performance-query-warehouse-cache","2026-09-21"
"354","conservar_revisada","verified","3.1","","editorial","Carga, Descarga y Conectividad","Carga, Descarga y Conectividad","What is the default character set used when loading CSV files into Snowflake?","Enunciado, opciones y clave revisados; explicación sustituida por una nota contrastada.","https://docs.snowflake.com/en/sql-reference/sql/create-file-format","2026-09-21"
"355","conservar_revisada","verified","1.3","","editorial","Rendimiento, Consultas y Transformacion","Arquitectura y Data Cloud","Which of the following describes external functions in Snowflake?","Enunciado, opciones y clave contrastados; explicación actualizada.","https://docs.snowflake.com/en/sql-reference/external-functions-introduction","2026-09-21"
"356","conservar_revisada","verified","2.1","","editorial","Gestion de cuenta y Gobernanza","Gestion de cuenta y Gobernanza","Which of the following are valid methods for authenticating users for access into Snowflake? (Choose three.)","Enunciado, opciones y clave contrastados; explicación actualizada.","https://docs.snowflake.com/en/user-guide/security-access-control-overview","2026-09-21"
"357","corregir","verified","1.4","","editorial","Rendimiento, Consultas y Transformacion","Arquitectura y Data Cloud","Under the Standard multi-cluster scaling policy, when can Snowflake shut down a cluster?","Corregidos alcance, ambigüedad o contenido desactualizado; alternativas y explicación contrastadas.","https://docs.snowflake.com/en/user-guide/warehouses-multicluster","2026-09-21"
"358","conservar_revisada","verified","5.1","","editorial","Colaboracion y Proteccion de datos","Colaboracion y Proteccion de datos","What is the minimum Snowflake edition needed for database failover and fail-back between Snowflake accounts for business continuity and disaster recovery?","Enunciado, opciones y clave contrastados; explicación actualizada.","https://docs.snowflake.com/en/user-guide/account-replication-intro","2026-09-21"
"359","corregir","verified","3.2","","editorial","Rendimiento, Consultas y Transformacion","Carga, Descarga y Conectividad","A scheduled task needs to execute several related SQL operations. Which task body is a valid approach?","Corregidos alcance, ambigüedad o contenido desactualizado; alternativas y explicación contrastadas.","https://docs.snowflake.com/en/user-guide/tasks-intro","2026-09-21"
"360","conservar_revisada","verified","2.3","","editorial","Gestion de cuenta y Gobernanza","Gestion de cuenta y Gobernanza","How many resource monitors can be assigned at the account level?","Enunciado, opciones y clave revisados; explicación sustituida por una nota contrastada.","https://docs.snowflake.com/en/user-guide/resource-monitors","2026-09-21"
"361","apartar","quarantine","","2.3","provisional","Rendimiento, Consultas y Transformacion","Gestion de cuenta y Gobernanza","Data storage for individual tables can be monitored using which commands and/or objects? (Choose two.)","Incluye SHOW STORAGE BY TABLE como respuesta correcta; sintaxis pendiente de corrección.","https://docs.snowflake.com/en/sql-reference/sql/show-storage.html",""
"362","corregir","verified","1.4","","editorial","Rendimiento, Consultas y Transformacion","Arquitectura y Data Cloud","How is a multi-cluster warehouse configured in maximized mode?","Original key described auto-scale mode.","https://docs.snowflake.com/en/user-guide/warehouses-multicluster","2026-09-21"
"363","conservar_revisada","verified","3.1","","editorial","Carga, Descarga y Conectividad","Carga, Descarga y Conectividad","What internal stages are available in Snowflake? (Choose three.)","Enunciado, opciones y clave revisados; explicación sustituida por una nota contrastada.","https://docs.snowflake.com/en/user-guide/data-load-local-file-system-create-stage","2026-09-21"
"364","conservar_revisada","verified","3.1","","editorial","Carga, Descarga y Conectividad","Carga, Descarga y Conectividad","Which stages are used with the Snowflake PUT command to upload files from a local file system? (Choose three.)","Enunciado, opciones y clave revisados; explicación sustituida por una nota contrastada.","https://docs.snowflake.com/en/user-guide/data-load-local-file-system-create-stage","2026-09-21"
"365","conservar_revisada","verified","4.4","","editorial","Rendimiento, Consultas y Transformacion","Rendimiento, Consultas y Transformacion","Which data type can store more than one type of data structure?","Enunciado, opciones y clave revisados; explicación sustituida por una nota contrastada.","https://docs.snowflake.com/en/sql-reference/data-types-semistructured","2026-09-21"
"366","corregir","verified","2.1","","editorial","Gestion de cuenta y Gobernanza","Gestion de cuenta y Gobernanza","Which system roles have CREATE NETWORK POLICY authority through the default role hierarchy? (Choose two.)","Corregidos alcance, ambigüedad o contenido desactualizado; alternativas y explicación contrastadas.","https://docs.snowflake.com/en/user-guide/network-policies","2026-09-21"
"367","conservar_revisada","verified","2.1","","editorial","Gestion de cuenta y Gobernanza","Gestion de cuenta y Gobernanza","What SQL command would be used to view all roles that were granted to USER1?","Enunciado, opciones y clave revisados; explicación sustituida por una nota contrastada.","https://docs.snowflake.com/en/sql-reference/sql/show-grants","2026-09-21"
"368","conservar_revisada","verified","2.2","","editorial","Colaboracion y Proteccion de datos","Gestion de cuenta y Gobernanza","Which ACCOUNT_USAGE views are used to evaluate the details of dynamic data masking? (Choose two.)","Enunciado, opciones y clave contrastados; explicación actualizada.","https://docs.snowflake.com/en/sql-reference/account-usage/policy_references","2026-09-21"
"369","conservar_revisada","verified","3.1","","editorial","Carga, Descarga y Conectividad","Carga, Descarga y Conectividad","Which of the following are considerations when using a directory table when working with unstructured data? (Choose two.)","Enunciado, opciones y clave contrastados; explicación actualizada.","https://docs.snowflake.com/en/user-guide/data-load-dirtables","2026-09-21"
"370","apartar","quarantine","","2.1","provisional","Gestion de cuenta y Gobernanza","Gestion de cuenta y Gobernanza","The first user assigned to a new account, ACCOUNTADMIN, should create at least one additional user with which administrative privilege?","Apartada tras cribado: posible clave o generalización incorrecta, dependencia de interfaz/versión, o condiciones insuficientes. Requiere validación individual.","https://docs.snowflake.com/en/user-guide/admin-user-management.html",""
"371","conservar_revisada","verified","5.2","","editorial","Colaboracion y Proteccion de datos","Colaboracion y Proteccion de datos","Which statement describes how Snowflake supports reader accounts?","Enunciado, opciones y clave contrastados; explicación actualizada.","https://docs.snowflake.com/en/user-guide/data-sharing-reader-create","2026-09-21"
"372","apartar","quarantine","","5.2","provisional","Colaboracion y Proteccion de datos","Colaboracion y Proteccion de datos","How does Snowflake allow a data provider with an Azure account in central Canada to share data with a data consumer on AWS in Australia?","Apartada tras cribado: posible clave o generalización incorrecta, dependencia de interfaz/versión, o condiciones insuficientes. Requiere validación individual.","https://docs.snowflake.com/en/user-guide/data-sharing-intro.html",""
"373","corregir","verified","5.2","","editorial","Colaboracion y Proteccion de datos","Colaboracion y Proteccion de datos","Which directly consumable data or function objects can be included in a secure share? (Choose three.)","Corregidos alcance, ambigüedad o contenido desactualizado; alternativas y explicación contrastadas.","https://docs.snowflake.com/en/user-guide/data-sharing-intro","2026-09-21"
"374","apartar","quarantine","","3.2","provisional","Carga, Descarga y Conectividad","Carga, Descarga y Conectividad","Which Snowflake feature will allow small volumes of data to continuously load into Snowflake and will incrementally make the data available for analysis?","Apartada tras cribado: posible clave o generalización incorrecta, dependencia de interfaz/versión, o condiciones insuficientes. Requiere validación individual.","https://docs.snowflake.com/en/user-guide/data-load-snowpipe-intro.html",""
"375","archivar","archived","","","provisional","Arquitectura y Data Cloud","Arquitectura y Data Cloud","Which Snowflake partner specializes in data catalog solutions?","Consejo sobre el examen, preferencia comercial o trivia de partners; no evalúa directamente una habilidad del temario.","https://www.snowflake.com/en/why-snowflake/partners/all-partners/alation/",""
"376","conservar_revisada","verified","3.2","","editorial","Carga, Descarga y Conectividad","Carga, Descarga y Conectividad","Which of the following can be executed/called with Snowpipe?","Enunciado, opciones y clave contrastados; explicación actualizada.","https://docs.snowflake.com/en/sql-reference/sql/create-pipe","2026-09-21"
"377","apartar","quarantine","","1.5","provisional","Arquitectura y Data Cloud","Arquitectura y Data Cloud","Which Snowflake objects will incur both storage and cloud compute charges? (Choose two.)","Apartada tras cribado: posible clave o generalización incorrecta, dependencia de interfaz/versión, o condiciones insuficientes. Requiere validación individual.","https://docs.snowflake.com/en/user-guide/tables-materialized-views.html",""
"378","conservar_revisada","verified","3.1","","editorial","Rendimiento, Consultas y Transformacion","Carga, Descarga y Conectividad","What file formats does Snowflake support for loading semi-structured data? (Choose three.)","Enunciado, opciones y clave contrastados; explicación actualizada.","https://docs.snowflake.com/en/sql-reference/sql/create-file-format","2026-09-21"
"379","corregir","verified","5.2","","editorial","Colaboracion y Proteccion de datos","Colaboracion y Proteccion de datos","Which statements about reader accounts and direct sharing are true? (Choose two.)","Corregidos alcance, ambigüedad o contenido desactualizado; alternativas y explicación contrastadas.","https://docs.snowflake.com/en/user-guide/data-sharing-reader-create","2026-09-21"
"380","conservar_revisada","verified","2.3","","editorial","Rendimiento, Consultas y Transformacion","Gestion de cuenta y Gobernanza","Credit charges for Snowflake virtual warehouses are calculated based on which of the following considerations? (Choose two.)","Enunciado, opciones y clave revisados; explicación sustituida por una nota contrastada.","https://docs.snowflake.com/en/user-guide/warehouses-considerations","2026-09-21"
"381","corregir","verified","1.1","","editorial","Arquitectura y Data Cloud","Arquitectura y Data Cloud","Which activities are coordinated in the cloud services layer? (Choose two.)","Corregidos alcance, ambigüedad o contenido desactualizado; alternativas y explicación contrastadas.","https://docs.snowflake.com/en/user-guide/intro-key-concepts","2026-09-21"
"382","archivar","archived","","1.4","provisional","Rendimiento, Consultas y Transformacion","Arquitectura y Data Cloud","What is a responsibility of Snowflake’s virtual warehouses?","Repite la responsabilidad de ejecución de warehouses ya corregida en el ID 261; se conserva el original.","https://docs.snowflake.com/en/user-guide/warehouses-overview.html","2026-09-21"
"383","apartar","quarantine","","5.1","provisional","Colaboracion y Proteccion de datos","Colaboracion y Proteccion de datos","What features does Snowflake Time Travel enable?","Apartada tras cribado: posible clave o generalización incorrecta, dependencia de interfaz/versión, o condiciones insuficientes. Requiere validación individual.","https://docs.snowflake.com/en/user-guide/data-time-travel.html",""
"384","corregir","verified","1.3","","editorial","Arquitectura y Data Cloud","Arquitectura y Data Cloud","Which statement describes a Snowflake schema?","Original key incorrectly assigned a schema to multiple databases.","https://docs.snowflake.com/en/user-guide/databases","2026-09-21"
"385","apartar","quarantine","","3.2","provisional","Carga, Descarga y Conectividad","Carga, Descarga y Conectividad","What is the recommended compressed file size range for continuous data loads using Snowpipe?","Apartada tras cribado: posible clave o generalización incorrecta, dependencia de interfaz/versión, o condiciones insuficientes. Requiere validación individual.","https://docs.snowflake.com/en/user-guide/data-load-snowpipe-best-practices.html",""
"386","corregir","verified","3.2","","editorial","Carga, Descarga y Conectividad","Carga, Descarga y Conectividad","Does the 14-day history retained in pipe metadata mean every Snowpipe history view has only 14 days of history?","Corregidos alcance, ambigüedad o contenido desactualizado; alternativas y explicación contrastadas.","https://docs.snowflake.com/en/user-guide/data-load-snowpipe-intro","2026-09-21"
"387","apartar","quarantine","","2.1","provisional","Gestion de cuenta y Gobernanza","Gestion de cuenta y Gobernanza","A company strongly encourages all Snowflake users to self-enroll in Snowflake's default Multi-Factor Authentication (MFA) service to provide increased login security for users connecting to Snowflake. Which application will the Snowflake users need to install on their devices in order to connect with MFA?","Apartada tras cribado: posible clave o generalización incorrecta, dependencia de interfaz/versión, o condiciones insuficientes. Requiere validación individual.","https://docs.snowflake.com/en/user-guide/admin-security-mfa.html",""
"388","conservar_revisada","verified","3.1","","editorial","Carga, Descarga y Conectividad","Carga, Descarga y Conectividad","Which URL type allows users to access unstructured data without authenticating into Snowflake or passing an authorization token?","Enunciado, opciones y clave contrastados; explicación actualizada.","https://docs.snowflake.com/en/user-guide/unstructured-intro","2026-09-21"
"389","conservar_revisada","verified","2.3","","editorial","Gestion de cuenta y Gobernanza","Gestion de cuenta y Gobernanza","Where would a Snowflake user find information about query activity from 90 days ago?","Enunciado, opciones y clave contrastados; explicación actualizada.","https://docs.snowflake.com/en/sql-reference/account-usage/query_history","2026-09-21"
"390","conservar_revisada","verified","2.1","","editorial","Gestion de cuenta y Gobernanza","Gestion de cuenta y Gobernanza","A marketing co-worker has requested the ability to change a warehouse size on their medium virtual warehouse called MKTG_WH. Which of the following statements will accommodate this request?","Enunciado, opciones y clave revisados; explicación sustituida por una nota contrastada.","https://docs.snowflake.com/en/sql-reference/sql/grant-privilege","2026-09-21"
"391","apartar","quarantine","","5.2","provisional","Colaboracion y Proteccion de datos","Colaboracion y Proteccion de datos","Which of the following commands cannot be used within a reader account?","Apartada tras cribado: posible clave o generalización incorrecta, dependencia de interfaz/versión, o condiciones insuficientes. Requiere validación individual.","https://docs.snowflake.com/en/user-guide/data-sharing-reader-accounts.html",""
"392","conservar_revisada","verified","4.4","","editorial","Rendimiento, Consultas y Transformacion","Rendimiento, Consultas y Transformacion","Which TABLE function helps to convert semi-structured data to a relational representation?","Enunciado, opciones y clave revisados; explicación sustituida por una nota contrastada.","https://docs.snowflake.com/en/sql-reference/functions/flatten","2026-09-21"
"393","conservar_revisada","verified","4.1","","editorial","Rendimiento, Consultas y Transformacion","Rendimiento, Consultas y Transformacion","Which query profile statistics help determine if efficient pruning is occurring? (Choose two.)","Enunciado, opciones y clave revisados; explicación sustituida por una nota contrastada.","https://docs.snowflake.com/en/user-guide/ui-snowsight-activity","2026-09-21"
"394","conservar_revisada","verified","5.1","","editorial","Colaboracion y Proteccion de datos","Colaboracion y Proteccion de datos","What are the default Time Travel and Fail-safe retention periods for transient tables?","Enunciado, opciones y clave revisados; explicación sustituida por una nota contrastada.","https://docs.snowflake.com/en/user-guide/tables-temp-transient","2026-09-21"
"395","conservar_revisada","verified","3.1","","editorial","Carga, Descarga y Conectividad","Carga, Descarga y Conectividad","Which command is used to unload data from a Snowflake table into a file in a stage?","Enunciado, opciones y clave revisados; explicación sustituida por una nota contrastada.","https://docs.snowflake.com/en/sql-reference/sql/copy-into-location","2026-09-21"
"396","conservar_revisada","verified","5.1","","editorial","Rendimiento, Consultas y Transformacion","Colaboracion y Proteccion de datos","What are advantages clones have over tables created with CREATE TABLE AS SELECT statement? (Choose two.)","Enunciado, opciones y clave revisados; explicación sustituida por una nota contrastada.","https://docs.snowflake.com/en/user-guide/object-clone","2026-09-21"
"397","apartar","quarantine","","","provisional","Gestion de cuenta y Gobernanza","Arquitectura y Data Cloud","How often are the Account and Table master keys automatically rotated by Snowflake?","Apartada tras cribado: posible clave o generalización incorrecta, dependencia de interfaz/versión, o condiciones insuficientes. Requiere validación individual.","https://docs.snowflake.com/en/user-guide/security-encryption-at-rest.html",""
"398","conservar_revisada","verified","2.1","","editorial","Rendimiento, Consultas y Transformacion","Gestion de cuenta y Gobernanza","Which privilege is required for a role to be able to resume a suspended warehouse if auto-resume is not enabled?","Enunciado, opciones y clave revisados; explicación sustituida por una nota contrastada.","https://docs.snowflake.com/en/sql-reference/sql/grant-privilege","2026-09-21"
"399","conservar_revisada","verified","1.5","","editorial","Rendimiento, Consultas y Transformacion","Arquitectura y Data Cloud","Which statement MOST accurately describes clustering in Snowflake?","Enunciado, opciones y clave revisados; explicación sustituida por una nota contrastada.","https://docs.snowflake.com/en/user-guide/tables-clustering-micropartitions","2026-09-21"
"400","apartar","quarantine","","2.1","provisional","Gestion de cuenta y Gobernanza","Gestion de cuenta y Gobernanza","Which of the following practices are recommended when creating a user in Snowflake? (Choose two.)","Apartada tras cribado: posible clave o generalización incorrecta, dependencia de interfaz/versión, o condiciones insuficientes. Requiere validación individual.","https://docs.snowflake.com/en/user-guide/admin-user-management.html#create-user",""
"401","conservar_revisada","verified","2.1","","editorial","Gestion de cuenta y Gobernanza","Gestion de cuenta y Gobernanza","Network policies can be applied to which of the following Snowflake objects? (Choose two.)","Enunciado, opciones y clave contrastados; explicación actualizada.","https://docs.snowflake.com/en/user-guide/network-policies","2026-09-21"
"402","conservar_revisada","verified","1.1","","editorial","Arquitectura y Data Cloud","Arquitectura y Data Cloud","Where is Snowflake metadata stored?","Enunciado, opciones y clave revisados; explicación sustituida por una nota contrastada.","https://docs.snowflake.com/en/user-guide/intro-key-concepts","2026-09-21"
"403","conservar_revisada","verified","4.4","","editorial","Rendimiento, Consultas y Transformacion","Rendimiento, Consultas y Transformacion","What columns are returned when performing a FLATTEN command on semi-structured data? (Choose two.)","Enunciado, opciones y clave revisados; explicación sustituida por una nota contrastada.","https://docs.snowflake.com/en/sql-reference/functions/flatten","2026-09-21"
"404","conservar_revisada","verified","5.1","","editorial","Colaboracion y Proteccion de datos","Colaboracion y Proteccion de datos","Which of the following Snowflake features provide continuous data protection automatically? (Choose two.)","Enunciado, opciones y clave contrastados; explicación actualizada.","https://docs.snowflake.com/en/user-guide/data-failsafe","2026-09-21"
"405","apartar","quarantine","","2.2","provisional","Gestion de cuenta y Gobernanza","Gestion de cuenta y Gobernanza","A developer is granted ownership of a table that has a masking policy. The developer’s role is not able to see the masked data. Will the developer be able to modify the table to read the masked data?","Apartada tras cribado: posible clave o generalización incorrecta, dependencia de interfaz/versión, o condiciones insuficientes. Requiere validación individual.","https://docs.snowflake.com/en/user-guide/security-column-ddm.html",""
"406","apartar","quarantine","","1.4","provisional","Rendimiento, Consultas y Transformacion","Arquitectura y Data Cloud","How should a virtual warehouse be configured if a user wants to ensure that additional multi-clusters are resumed with no delay?","Confunde política/modo de escalado o interpreta los seis minutos de Economy como espera garantizada.","https://docs.snowflake.com/en/user-guide/warehouses-multicluster.html",""
"407","conservar_revisada","verified","4.1","","editorial","Rendimiento, Consultas y Transformacion","Rendimiento, Consultas y Transformacion","During periods of warehouse contention, which parameter controls the maximum length of time a warehouse will hold a query for processing?","Enunciado, opciones y clave contrastados; explicación actualizada.","https://docs.snowflake.com/en/sql-reference/parameters","2026-09-21"
"408","conservar_revisada","verified","3.1","","editorial","Carga, Descarga y Conectividad","Carga, Descarga y Conectividad","Files have been uploaded to a Snowflake internal stage. The files now need to be deleted. Which SQL command should be used to delete the files?","Enunciado, opciones y clave revisados; explicación sustituida por una nota contrastada.","https://docs.snowflake.com/en/sql-reference/sql/remove","2026-09-21"
"409","apartar","quarantine","","2.1","provisional","Gestion de cuenta y Gobernanza","Gestion de cuenta y Gobernanza","In a Snowflake role hierarchy, what is the top-level role?","Apartada tras cribado: posible clave o generalización incorrecta, dependencia de interfaz/versión, o condiciones insuficientes. Requiere validación individual.","https://docs.snowflake.com/en/user-guide/security-access-control-overview.html#predefined-roles",""
"410","apartar","quarantine","","2.1","provisional","Colaboracion y Proteccion de datos","Gestion de cuenta y Gobernanza","By default, which Snowflake role is required to create a share?","Apartada tras cribado: posible clave o generalización incorrecta, dependencia de interfaz/versión, o condiciones insuficientes. Requiere validación individual.","https://docs.snowflake.com/en/user-guide/data-sharing-provider.html#creating-a-share",""
"411","apartar","quarantine","","5.1","provisional","Colaboracion y Proteccion de datos","Colaboracion y Proteccion de datos","What happens to historical data when the retention period for an object ends?","Apartada tras cribado: posible clave o generalización incorrecta, dependencia de interfaz/versión, o condiciones insuficientes. Requiere validación individual.","https://docs.snowflake.com/en/user-guide/data-protection-failsafe.html",""
"412","corregir","verified","2.1","","editorial","Gestion de cuenta y Gobernanza","Gestion de cuenta y Gobernanza","Which view should an administrator use to investigate login events from 90 days ago?","Original key selected data access history for login auditing.","https://docs.snowflake.com/en/sql-reference/account-usage/login_history","2026-09-21"
"413","conservar_revisada","verified","4.1","","editorial","Rendimiento, Consultas y Transformacion","Rendimiento, Consultas y Transformacion","What are common issues found by using the Query Profile? (Choose two.)","Enunciado, opciones y clave revisados; explicación sustituida por una nota contrastada.","https://docs.snowflake.com/en/user-guide/ui-snowsight-activity","2026-09-21"
"414","conservar_revisada","verified","4.2","","editorial","Rendimiento, Consultas y Transformacion","Rendimiento, Consultas y Transformacion","The Snowflake Search Optimization Services supports improved performance of which kind of query?","Enunciado, opciones y clave contrastados; explicación actualizada.","https://docs.snowflake.com/en/user-guide/search-optimization-service","2026-09-21"
"415","apartar","quarantine","","3.1","provisional","Carga, Descarga y Conectividad","Carga, Descarga y Conectividad","Which file formats are supported for unloading data from Snowflake? (Choose two.)","Apartada tras cribado: posible clave o generalización incorrecta, dependencia de interfaz/versión, o condiciones insuficientes. Requiere validación individual.","https://docs.snowflake.com/en/user-guide/data-unload-considerations.html",""
"416","conservar_revisada","verified","3.3","","editorial","Gestion de cuenta y Gobernanza","Carga, Descarga y Conectividad","Which Snowflake tool would be BEST to troubleshoot network connectivity?","Enunciado, opciones y clave contrastados; explicación actualizada.","https://docs.snowflake.com/en/user-guide/snowcd","2026-09-21"
"417","conservar_revisada","verified","1.4","","editorial","Rendimiento, Consultas y Transformacion","Arquitectura y Data Cloud","Increasing the size of a virtual warehouse from an X-Small to an X-Large is an example of which of the following?","Enunciado, opciones y clave revisados; explicación sustituida por una nota contrastada.","https://docs.snowflake.com/en/user-guide/warehouses-tasks","2026-09-21"
"418","archivar","archived","","1.2","provisional","Colaboracion y Proteccion de datos","Arquitectura y Data Cloud","What are ways to create and manage data shares in Snowflake? (Choose two.)","Repite los métodos de gestión de shares ya contrastados en el ID 131, sin aportar un escenario nuevo.","https://docs.snowflake.com/en/user-guide/data-sharing-intro.html","2026-09-21"
"419","conservar_revisada","verified","1.5","","editorial","Rendimiento, Consultas y Transformacion","Arquitectura y Data Cloud","What is a characteristic of data micro-partitioning in Snowflake?","Enunciado, opciones y clave contrastados; explicación actualizada.","https://docs.snowflake.com/en/user-guide/tables-clustering-micropartitions","2026-09-21"
"420","conservar_revisada","verified","2.1","","editorial","Gestion de cuenta y Gobernanza","Gestion de cuenta y Gobernanza","Users with the ACCOUNTADMIN role can execute which of the following commands on existing users?","Enunciado, opciones y clave contrastados; explicación actualizada.","https://docs.snowflake.com/en/user-guide/security-access-control-overview","2026-09-21"
"421","apartar","quarantine","","2.1","provisional","Gestion de cuenta y Gobernanza","Gestion de cuenta y Gobernanza","According to Snowflake best practice recommendations, which system-defined roles should be used to create custom roles? (Choose two.)","La selección SYSADMIN/USERADMIN requiere corregir el papel de SECURITYADMIN.","https://docs.snowflake.com/en/user-guide/security-access-control-overview.html#custom-roles",""
"422","apartar","quarantine","","2.1","provisional","Arquitectura y Data Cloud","Gestion de cuenta y Gobernanza","What services are provided by the cloud services layer in Snowflake? (Choose two.)","Apartada tras cribado: posible clave o generalización incorrecta, dependencia de interfaz/versión, o condiciones insuficientes. Requiere validación individual.","https://docs.snowflake.com/en/user-guide/intro-key-concepts#cloud-services",""
"423","corregir","verified","3.1","","editorial","Carga, Descarga y Conectividad","Carga, Descarga y Conectividad","Which are valid values for COPY INTO table VALIDATION_MODE? (Choose two.)","Corregidos alcance, ambigüedad o contenido desactualizado; alternativas y explicación contrastadas.","https://docs.snowflake.com/en/sql-reference/sql/copy-into-table","2026-09-21"
"424","conservar_revisada","verified","1.1","","editorial","Arquitectura y Data Cloud","Arquitectura y Data Cloud","Snowflake virtual warehouses are part of which layer of the Snowflake architecture?","Enunciado, opciones y clave revisados; explicación sustituida por una nota contrastada.","https://docs.snowflake.com/en/user-guide/intro-key-concepts","2026-09-21"
"425","conservar_revisada","verified","1.3","","editorial","Arquitectura y Data Cloud","Arquitectura y Data Cloud","Which of the following are characteristics of schemas used in Snowflake? (Choose two.)","Enunciado, opciones y clave revisados; explicación sustituida por una nota contrastada.","https://docs.snowflake.com/en/user-guide/databases","2026-09-21"
"426","conservar_revisada","verified","1.5","","editorial","Carga, Descarga y Conectividad","Arquitectura y Data Cloud","Which Snowflake objects can be used to reduce data storage costs for short-lived tables? (Choose two.)","Enunciado, opciones y clave revisados; explicación sustituida por una nota contrastada.","https://docs.snowflake.com/en/user-guide/tables-temp-transient","2026-09-21"
"427","corregir","verified","3.1","","editorial","Carga, Descarga y Conectividad","Carga, Descarga y Conectividad","Which command lists files present in a stage after an unload?","Corregidos alcance, ambigüedad o contenido desactualizado; alternativas y explicación contrastadas.","https://docs.snowflake.com/en/sql-reference/sql/list","2026-09-21"
"428","apartar","quarantine","","2.2","provisional","Colaboracion y Proteccion de datos","Gestion de cuenta y Gobernanza","What are benefits of using the ACCESS_HISTORY view in the SNOWFLAKE database?","Apartada tras cribado: posible clave o generalización incorrecta, dependencia de interfaz/versión, o condiciones insuficientes. Requiere validación individual.","https://docs.snowflake.com/en/user-guide/access-history#benefits",""
"429","conservar_revisada","verified","1.5","","editorial","Rendimiento, Consultas y Transformacion","Arquitectura y Data Cloud","Which of the following view types are available in Snowflake? (Choose two.)","Enunciado, opciones y clave contrastados; explicación actualizada.","https://docs.snowflake.com/en/user-guide/views-materialized","2026-09-21"
"430","conservar_revisada","verified","1.1","","editorial","Arquitectura y Data Cloud","Arquitectura y Data Cloud","Which of the following statements describes a benefit of Snowflake’s separation of compute and storage? (Choose two.)","Enunciado, opciones y clave revisados; explicación sustituida por una nota contrastada.","https://docs.snowflake.com/en/user-guide/intro-key-concepts","2026-09-21"
"431","conservar_revisada","verified","1.3","","editorial","Rendimiento, Consultas y Transformacion","Arquitectura y Data Cloud","Which of the following languages can be used to implement Snowflake User Defined Functions (UDFs)? (Choose two.)","Enunciado, opciones y clave contrastados; explicación actualizada.","https://docs.snowflake.com/en/developer-guide/udf/udf-overview","2026-09-21"
"432","apartar","quarantine","","3.1","provisional","Carga, Descarga y Conectividad","Carga, Descarga y Conectividad","What is the default compression type when unloading data from Snowflake?","Apartada tras cribado: posible clave o generalización incorrecta, dependencia de interfaz/versión, o condiciones insuficientes. Requiere validación individual.","https://docs.snowflake.com/en/user-guide/data-unload-considerations.html#compression",""
"433","conservar_revisada","verified","1.4","","editorial","Rendimiento, Consultas y Transformacion","Arquitectura y Data Cloud","Which statement describes when a virtual warehouse can be resized?","Enunciado, opciones y clave contrastados; explicación actualizada.","https://docs.snowflake.com/en/user-guide/warehouses-tasks","2026-09-21"
"434","apartar","quarantine","","3.1","provisional","Carga, Descarga y Conectividad","Carga, Descarga y Conectividad","What is the compressed size limit for semi-structured data loaded into a VARIANT data type using the COPY command?","Límite histórico de 16 MB sin contexto de tipo/versión; contrastar con límites actuales.","https://docs.snowflake.com/en/user-guide/data-load-considerations-prepare#semi-structured-data-size-limitations",""
"435","apartar","quarantine","","5.1","provisional","Colaboracion y Proteccion de datos","Colaboracion y Proteccion de datos","User A cloned a schema and overwrote a schema that User B was working on. User B no longer has access to their version of the tables. However, this all occurred within the Time Travel retention period defined at the database level. How should the missing tables be restored?","Apartada tras cribado: posible clave o generalización incorrecta, dependencia de interfaz/versión, o condiciones insuficientes. Requiere validación individual.","https://docs.snowflake.com/en/sql-reference/sql/undrop-table.html",""
"436","conservar_revisada","verified","3.1","","editorial","Carga, Descarga y Conectividad","Carga, Descarga y Conectividad","How does Snowflake recommend handling the bulk loading of data batches from files already available in cloud storage?","Enunciado, opciones y clave contrastados; explicación actualizada.","https://docs.snowflake.com/en/user-guide/data-load-overview","2026-09-21"
"437","corregir","verified","3.1","","editorial","Carga, Descarga y Conectividad","Carga, Descarga y Conectividad","What is the default ENCODING value for a CSV file format?","Corregidos alcance, ambigüedad o contenido desactualizado; alternativas y explicación contrastadas.","https://docs.snowflake.com/en/sql-reference/sql/create-file-format","2026-09-21"
"438","corregir","verified","4.4","","editorial","Rendimiento, Consultas y Transformacion","Rendimiento, Consultas y Transformacion","What distinguishes an anonymous Snowflake Scripting block from a stored procedure?","Corregidos alcance, ambigüedad o contenido desactualizado; alternativas y explicación contrastadas.","https://docs.snowflake.com/en/developer-guide/snowflake-scripting/blocks","2026-09-21"
"439","conservar_revisada","verified","3.1","","editorial","Carga, Descarga y Conectividad","Carga, Descarga y Conectividad","When unloading data from Snowflake, the user executes a COPY INTO command into an internal stage. What additional command is required to load the file onto the local file system?","Enunciado, opciones y clave revisados; explicación sustituida por una nota contrastada.","https://docs.snowflake.com/en/sql-reference/sql/get","2026-09-21"
"440","conservar_revisada","verified","4.1","","editorial","Rendimiento, Consultas y Transformacion","Rendimiento, Consultas y Transformacion","A Snowflake user has a query that is running for a long time. When the user opens the query profiler, it indicates that a lot of data is spilling to disk. What is causing this to happen?","Enunciado, opciones y clave revisados; explicación sustituida por una nota contrastada.","https://docs.snowflake.com/en/user-guide/ui-snowsight-activity","2026-09-21"
"441","apartar","quarantine","","3.1","provisional","Carga, Descarga y Conectividad","Carga, Descarga y Conectividad","What is the MOST performant file format for loading data in Snowflake?","No existe un formato universalmente más rápido independiente del volumen, compresión y estructura de los archivos.","https://community.snowflake.com/s/article/How-to-Load-Terabytes-Into-Snowflake-Speeds-Feeds-and-Techniques",""
"442","archivar","archived","","1.2","provisional","Arquitectura y Data Cloud","Arquitectura y Data Cloud","Which chart type does Snowsight support to visualize worksheet data?","Trivia sobre tipos de gráficos de una interfaz cambiante; se retira del simulacro y se conserva el original.","https://docs.snowflake.com/en/user-guide/ui-snowsight-visualizations","2026-09-21"
"443","corregir","verified","4.1","","editorial","Rendimiento, Consultas y Transformacion","Rendimiento, Consultas y Transformacion","For a native table scan, Partitions scanned is lower than Partitions total. What can you conclude?","Corregidos alcance, ambigüedad o contenido desactualizado; alternativas y explicación contrastadas.","https://docs.snowflake.com/en/user-guide/tables-clustering-micropartitions","2026-09-21"
"444","corregir","verified","4.2","","editorial","Rendimiento, Consultas y Transformacion","Rendimiento, Consultas y Transformacion","Which clustering metric helps assess overlap among micro-partitions for candidate clustering columns?","Corregidos alcance, ambigüedad o contenido desactualizado; alternativas y explicación contrastadas.","https://docs.snowflake.com/en/user-guide/tables-clustering-keys","2026-09-21"
"445","apartar","quarantine","","3.1","provisional","Carga, Descarga y Conectividad","Carga, Descarga y Conectividad","Which file format is MOST performant in Snowflake for data loading?","No existe un formato universalmente más rápido independiente del volumen, compresión y estructura de los archivos.","https://docs.snowflake.com/en/user-guide/data-load-considerations-prepare#file-format",""
"446","corregir","verified","1.2","","editorial","Gestion de cuenta y Gobernanza","Arquitectura y Data Cloud","Does sharing a Snowsight worksheet automatically grant recipients access to its underlying database objects?","Corregidos alcance, ambigüedad o contenido desactualizado; alternativas y explicación contrastadas.","https://docs.snowflake.com/en/user-guide/ui-snowsight-worksheets","2026-09-21"
"447","conservar_revisada","verified","3.2","","editorial","Colaboracion y Proteccion de datos","Carga, Descarga y Conectividad","Which Snowflake objects track DML changes made to tables, like inserts, updates, and deletes?","Enunciado, opciones y clave revisados; explicación sustituida por una nota contrastada.","https://docs.snowflake.com/en/user-guide/streams-intro","2026-09-21"
"448","apartar","quarantine","","2.3","provisional","Arquitectura y Data Cloud","Gestion de cuenta y Gobernanza","Which table type is automatically deleted after a session is closed and has no Fail-safe or Time Travel cost?","Apartada tras cribado: posible clave o generalización incorrecta, dependencia de interfaz/versión, o condiciones insuficientes. Requiere validación individual.","https://docs.snowflake.com/en/user-guide/tables-temp-transient.html#temporary-tables",""
"449","apartar","quarantine","","4.4","provisional","Gestion de cuenta y Gobernanza","Rendimiento, Consultas y Transformacion","Which constraint type is enforced in Snowflake from the ANSI SQL standard?","Apartada tras cribado: posible clave o generalización incorrecta, dependencia de interfaz/versión, o condiciones insuficientes. Requiere validación individual.","https://docs.snowflake.com/en/sql-reference/constraints-properties#ansi-sql-constraint-properties",""
"450","corregir","verified","2.3","","editorial","Rendimiento, Consultas y Transformacion","Gestion de cuenta y Gobernanza","Which ACCOUNT_USAGE view reports hourly warehouse credit usage?","Corregidos alcance, ambigüedad o contenido desactualizado; alternativas y explicación contrastadas.","https://docs.snowflake.com/en/sql-reference/account-usage/warehouse_metering_history","2026-09-21"
"451","conservar_revisada","verified","4.1","","editorial","Arquitectura y Data Cloud","Rendimiento, Consultas y Transformacion","What is a characteristic of the Snowflake query profiler?","Enunciado, opciones y clave contrastados; explicación actualizada.","https://docs.snowflake.com/en/user-guide/ui-snowsight-activity","2026-09-21"
"452","corregir","verified","5.2","","editorial","Colaboracion y Proteccion de datos","Colaboracion y Proteccion de datos","A provider wants to let a supplier query shared data without purchasing its own Snowflake account. Which approach is designed for this?","Reformulado para corregir alcance, ambigüedad o datos desactualizados; respuesta contrastada.","https://docs.snowflake.com/en/user-guide/data-sharing-reader-create","2026-09-21"
"453","corregir","verified","5.2","","editorial","Colaboracion y Proteccion de datos","Colaboracion y Proteccion de datos","For a direct secure share, what determines which provider objects the consumer can query?","Reformulado para corregir alcance, ambigüedad o datos desactualizados; respuesta contrastada.","https://docs.snowflake.com/en/user-guide/data-sharing-intro","2026-09-21"
"454","conservar_revisada","verified","3.1","","editorial","Carga, Descarga y Conectividad","Carga, Descarga y Conectividad","Which command is used to load files into an internal stage within Snowflake?","Enunciado, opciones y clave revisados; explicación sustituida por una nota contrastada.","https://docs.snowflake.com/en/sql-reference/sql/put","2026-09-21"
"455","corregir","verified","2.1","","editorial","Gestion de cuenta y Gobernanza","Gestion de cuenta y Gobernanza","Under role-based access control, which entity receives SELECT on a table and is then assigned to users?","Reformulado para corregir alcance, ambigüedad o datos desactualizados; respuesta contrastada.","https://docs.snowflake.com/en/user-guide/security-access-control-overview","2026-09-21"
"456","apartar","quarantine","","1.2","provisional","Rendimiento, Consultas y Transformacion","Arquitectura y Data Cloud","What is the default value in the Snowflake Web Interface (UI) for auto suspending a Virtual Warehouse?","Apartada tras cribado: posible clave o generalización incorrecta, dependencia de interfaz/versión, o condiciones insuficientes. Requiere validación individual.","https://docs.snowflake.com/en/user-guide/warehouses-tasks.html#suspending-and-resuming-warehouses",""
"457","corregir","verified","1.4","","editorial","Rendimiento, Consultas y Transformacion","Arquitectura y Data Cloud","An auto-scaling multi-cluster warehouse is at its configured maximum, and otherwise healthy independent queries are queuing. Which change can allow more clusters to serve this workload?","Reformulado para corregir alcance, ambigüedad o datos desactualizados; respuesta contrastada.","https://docs.snowflake.com/en/user-guide/warehouses-multicluster","2026-09-21"
"458","conservar_revisada","verified","4.4","","editorial","Rendimiento, Consultas y Transformacion","Rendimiento, Consultas y Transformacion","Which data types are valid in Snowflake? (Choose two.)","Enunciado, alternativas y clave contrastados; explicación actualizada.","https://docs.snowflake.com/en/sql-reference/data-types-semistructured","2026-09-21"
"459","apartar","quarantine","","1.4","provisional","Rendimiento, Consultas y Transformacion","Arquitectura y Data Cloud","What happens when the size of a virtual warehouse is changed?","Afirma que las consultas en ejecución se migran a la nueva configuración al redimensionar.","https://docs.snowflake.com/en/user-guide/warehouses-tasks.html#resizing-a-warehouse",""
"460","corregir","verified","2.2","","editorial","Gestion de cuenta y Gobernanza","Gestion de cuenta y Gobernanza","When does Snowflake automatically rotate active keys in its Snowflake-managed encryption-key hierarchy?","Reformulado para corregir alcance, ambigüedad o datos desactualizados; respuesta contrastada.","https://docs.snowflake.com/en/user-guide/security-encryption-manage","2026-09-21"
"461","apartar","quarantine","","2.1","provisional","Gestion de cuenta y Gobernanza","Gestion de cuenta y Gobernanza","As a best practice, all custom roles should be granted to which system-defined role?","Apartada tras cribado: posible clave o generalización incorrecta, dependencia de interfaz/versión, o condiciones insuficientes. Requiere validación individual.","https://docs.snowflake.com/en/user-guide/security-access-control-considerations#avoid-using-the-accountadmin-role-to-create-objects",""
"462","apartar","quarantine","","4.4","provisional","Rendimiento, Consultas y Transformacion","Rendimiento, Consultas y Transformacion","Which Snowflake object can be accessed in the FROM clause of a query, returning a set of rows having one or more columns?","Apartada tras cribado: posible clave o generalización incorrecta, dependencia de interfaz/versión, o condiciones insuficientes. Requiere validación individual.","https://docs.snowflake.com/en/sql-reference/functions-table.html",""
"463","conservar_revisada","verified","1.5","","editorial","Carga, Descarga y Conectividad","Arquitectura y Data Cloud","How are micro-partitions typically generated in Snowflake?","Enunciado, alternativas y clave contrastados; explicación actualizada.","https://docs.snowflake.com/en/user-guide/tables-clustering-micropartitions","2026-09-21"
"464","apartar","quarantine","","2.1","provisional","Gestion de cuenta y Gobernanza","Gestion de cuenta y Gobernanza","What does Snowflake recommend regarding database object ownership? (Choose two.)","Apartada tras cribado: posible clave o generalización incorrecta, dependencia de interfaz/versión, o condiciones insuficientes. Requiere validación individual.","https://docs.snowflake.com/en/user-guide/security-access-control-overview.html",""
"465","conservar_revisada","verified","2.3","","editorial","Rendimiento, Consultas y Transformacion","Gestion de cuenta y Gobernanza","Other than ownership what privileges does a user need to view and modify resource monitors in Snowflake? (Choose two.)","Enunciado, alternativas y clave contrastados; explicación actualizada.","https://docs.snowflake.com/en/user-guide/resource-monitors","2026-09-21"
"466","conservar_revisada","verified","1.4","","editorial","Rendimiento, Consultas y Transformacion","Arquitectura y Data Cloud","What technique does Snowflake recommend for determining which virtual warehouse size to select?","Enunciado, opciones y clave revisados; explicación sustituida por una nota contrastada.","https://docs.snowflake.com/en/user-guide/warehouses-considerations","2026-09-21"
"467","conservar_revisada","verified","3.1","","editorial","Carga, Descarga y Conectividad","Carga, Descarga y Conectividad","Which command should be used when loading many flat files into a single table?","Enunciado, opciones y clave revisados; explicación sustituida por una nota contrastada.","https://docs.snowflake.com/en/sql-reference/sql/copy-into-table","2026-09-21"
"468","conservar_revisada","verified","5.2","","editorial","Colaboracion y Proteccion de datos","Colaboracion y Proteccion de datos","How can a Snowflake user share data with another user who does not have a Snowflake account?","Enunciado, opciones y clave revisados; explicación sustituida por una nota contrastada.","https://docs.snowflake.com/en/user-guide/data-sharing-reader-create","2026-09-21"
"469","conservar_revisada","verified","3.1","","editorial","Carga, Descarga y Conectividad","Carga, Descarga y Conectividad","Which semi-structured data formats can be loaded into Snowflake with a COPY command? (Choose two.)","Enunciado, alternativas y clave contrastados; explicación actualizada.","https://docs.snowflake.com/en/sql-reference/sql/create-file-format","2026-09-21"
"470","apartar","quarantine","","2.1","provisional","Gestion de cuenta y Gobernanza","Gestion de cuenta y Gobernanza","Which statements reflect valid commands when using secondary roles? (Choose two.)","Apartada tras cribado: posible clave o generalización incorrecta, dependencia de interfaz/versión, o condiciones insuficientes. Requiere validación individual.","https://docs.snowflake.com/en/sql-reference/sql/use-secondary-roles.html",""
"471","apartar","quarantine","","1.2","provisional","Arquitectura y Data Cloud","Arquitectura y Data Cloud","How long is a query visible in the Query History page in the Snowflake Web Interface (UI)?","Apartada tras cribado: posible clave o generalización incorrecta, dependencia de interfaz/versión, o condiciones insuficientes. Requiere validación individual.","https://docs.snowflake.com/en/user-guide/ui-history.html#query-history",""
"472","conservar_revisada","verified","1.4","","editorial","Rendimiento, Consultas y Transformacion","Arquitectura y Data Cloud","Two users share a virtual warehouse named WH_DEV_01. When one of the users loads data, the other one experiences performance issues while querying data. How does Snowflake recommend resolving this issue?","Enunciado, opciones y clave revisados; explicación sustituida por una nota contrastada.","https://docs.snowflake.com/en/user-guide/warehouses-considerations","2026-09-21"
"473","archivar","archived","","4.4","provisional","Rendimiento, Consultas y Transformacion","Rendimiento, Consultas y Transformacion","What is a feature of a stored procedure in Snowflake?","Repite el contraste caller/owner rights ya validado en ID 174; se conserva el original.","https://docs.snowflake.com/en/sql-reference/stored-procedures-usage.html#ownership-and-execution-privileges","2026-09-21"
"474","conservar_revisada","verified","2.2","","editorial","Gestion de cuenta y Gobernanza","Gestion de cuenta y Gobernanza","Which view will return users who have queried a table?","Enunciado, opciones y clave revisados; explicación sustituida por una nota contrastada.","https://docs.snowflake.com/en/sql-reference/account-usage/access_history","2026-09-21"
"475","conservar_revisada","verified","1.4","","editorial","Rendimiento, Consultas y Transformacion","Arquitectura y Data Cloud","Why do Snowflake’s virtual warehouses have scaling policies?","Enunciado, opciones y clave revisados; explicación sustituida por una nota contrastada.","https://docs.snowflake.com/en/user-guide/warehouses-multicluster","2026-09-21"
"476","archivar","archived","","1.2","provisional","Carga, Descarga y Conectividad","Arquitectura y Data Cloud","Where can a Snowflake user find the query history in Snowsight?","Memorización de la ubicación de un menú cambiante; el uso de Query History ya se evalúa con preguntas funcionales.","https://docs.snowflake.com/en/user-guide/ui-snowsight-activity","2026-09-21"
"477","conservar_revisada","verified","1.2","","editorial","Arquitectura y Data Cloud","Arquitectura y Data Cloud","What is SnowSQL?","Enunciado, alternativas y clave contrastados; explicación actualizada.","https://docs.snowflake.com/en/user-guide/snowsql","2026-09-21"
"478","corregir","verified","1.3","","editorial","Rendimiento, Consultas y Transformacion","Arquitectura y Data Cloud","A sequence is referenced with NEXTVAL in SELECT and INSERT statements. Which assumption is safe?","Reformulado para corregir alcance, ambigüedad o datos desactualizados; respuesta contrastada.","https://docs.snowflake.com/en/user-guide/querying-sequences","2026-09-21"
"479","apartar","quarantine","","5.2","provisional","Colaboracion y Proteccion de datos","Colaboracion y Proteccion de datos","Which statement is true of zero-copy cloning?","Apartada tras cribado: posible clave o generalización incorrecta, dependencia de interfaz/versión, o condiciones insuficientes. Requiere validación individual.","https://docs.snowflake.com/en/user-guide/tables-storage-considerations#cloning-tables-schemas-and-databases",""
"480","apartar","quarantine","","2.1","provisional","Colaboracion y Proteccion de datos","Gestion de cuenta y Gobernanza","A Snowflake user has been granted the CREATE DATA EXCHANGE LISTING privilege with their role. Which tasks can this user now perform on the Data Exchange? (Choose two.)","Apartada tras cribado: posible clave o generalización incorrecta, dependencia de interfaz/versión, o condiciones insuficientes. Requiere validación individual.","https://docs.snowflake.com/en/user-guide/data-exchange-marketplace-privileges#global-create-data-exchange-listing-privilege",""
"481","corregir","verified","3.2","","editorial","Carga, Descarga y Conectividad","Carga, Descarga y Conectividad","Which parameter limits how far Snowflake may extend table retention to help protect unconsumed stream changes from staleness?","Reformulado para corregir alcance, ambigüedad o datos desactualizados; respuesta contrastada.","https://docs.snowflake.com/en/user-guide/streams-intro","2026-09-21"
"482","conservar_revisada","verified","2.3","","editorial","Rendimiento, Consultas y Transformacion","Gestion de cuenta y Gobernanza","If a virtual warehouse runs for 30 seconds after it is provisioned, how many seconds will the customer be billed for?","Enunciado, alternativas y clave contrastados; explicación actualizada.","https://docs.snowflake.com/en/user-guide/warehouses-considerations","2026-09-21"
"483","conservar_revisada","verified","1.3","","editorial","Rendimiento, Consultas y Transformacion","Arquitectura y Data Cloud","When should a stored procedure be created with caller's rights?","Enunciado, alternativas y clave contrastados; explicación actualizada.","https://docs.snowflake.com/en/developer-guide/stored-procedure/stored-procedures-rights","2026-09-21"
"484","corregir","verified","1.3","","editorial","Rendimiento, Consultas y Transformacion","Arquitectura y Data Cloud","Which delimiters can enclose an inline JavaScript procedure body in CREATE PROCEDURE SQL? (Choose two.)","Reformulado para corregir alcance, ambigüedad o datos desactualizados; respuesta contrastada.","https://docs.snowflake.com/en/sql-reference/sql/create-procedure","2026-09-21"
"485","conservar_revisada","verified","4.4","","editorial","Rendimiento, Consultas y Transformacion","Rendimiento, Consultas y Transformacion","What type of function can be used to estimate the approximate number of distinct values from a table that has trillions of rows?","Enunciado, alternativas y clave contrastados; explicación actualizada.","https://docs.snowflake.com/en/user-guide/querying-approximate-cardinality","2026-09-21"
"486","conservar_revisada","verified","2.2","","editorial","Colaboracion y Proteccion de datos","Gestion de cuenta y Gobernanza","Which Data Definition Language (DDL) commands are supported by Snowflake to manage tags? (Choose two.)","Enunciado, alternativas y clave contrastados; explicación actualizada.","https://docs.snowflake.com/en/sql-reference/sql/alter-tag","2026-09-21"
"487","corregir","verified","5.2","","editorial","Colaboracion y Proteccion de datos","Colaboracion y Proteccion de datos","Which listed objects can a provider expose as directly queryable data in a secure share? (Choose two.)","Reformulado para corregir alcance, ambigüedad o datos desactualizados; respuesta contrastada.","https://docs.snowflake.com/en/user-guide/data-sharing-intro","2026-09-21"
"488","conservar_revisada","verified","4.1","","editorial","Rendimiento, Consultas y Transformacion","Rendimiento, Consultas y Transformacion","A Query Profile shows a UnionAll operator with an extra Aggregate operator on top. What does this signify?","Enunciado, opciones y clave revisados; explicación sustituida por una nota contrastada.","https://docs.snowflake.com/en/user-guide/ui-snowsight-activity","2026-09-21"
"489","apartar","quarantine","","","provisional","Gestion de cuenta y Gobernanza","Arquitectura y Data Cloud","Which data governance control has Snowflake embedded in the application?","Apartada tras cribado: posible clave o generalización incorrecta, dependencia de interfaz/versión, o condiciones insuficientes. Requiere validación individual.","https://docs.snowflake.com/en/user-guide/security-access-control-considerations.html#attribute-based-access-control",""
"490","apartar","quarantine","","2.2","provisional","Carga, Descarga y Conectividad","Gestion de cuenta y Gobernanza","What actions does the use of the PUT command do automatically? (Choose two.)","Apartada tras cribado: posible clave o generalización incorrecta, dependencia de interfaz/versión, o condiciones insuficientes. Requiere validación individual.","https://docs.snowflake.com/en/sql-reference/sql/put.html",""
"491","conservar_revisada","verified","3.1","","editorial","Carga, Descarga y Conectividad","Carga, Descarga y Conectividad","Which command should a Snowflake user execute to load data into a table?","Enunciado, alternativas y clave contrastados; explicación actualizada.","https://docs.snowflake.com/en/sql-reference/sql/copy-into-table","2026-09-21"
"492","apartar","quarantine","","3.1","provisional","Carga, Descarga y Conectividad","Carga, Descarga y Conectividad","Which function returns the URL of a stage using the stage name as the input?","Apartada tras cribado: posible clave o generalización incorrecta, dependencia de interfaz/versión, o condiciones insuficientes. Requiere validación individual.","https://docs.snowflake.com/en/sql-reference/functions/get_stage_location.html",""
"493","apartar","quarantine","","1.4","provisional","Rendimiento, Consultas y Transformacion","Arquitectura y Data Cloud","What is the MAXIMUM number of clusters that can be provisioned with a multi-cluster virtual warehouse? D. 100","Apartada tras cribado: posible clave o generalización incorrecta, dependencia de interfaz/versión, o condiciones insuficientes. Requiere validación individual.","https://docs.snowflake.com/en/user-guide/warehouses-multicluster.html",""
"494","apartar","quarantine","","","provisional","Arquitectura y Data Cloud","Arquitectura y Data Cloud","Which Snowflake table supports unstructured data?","Apartada tras cribado: posible clave o generalización incorrecta, dependencia de interfaz/versión, o condiciones insuficientes. Requiere validación individual.","https://docs.snowflake.com/en/user-guide/data-load-dirtables, https://docs.snowflake.com/en/user-guide/unstructured-intro",""
"495","apartar","quarantine","","3.1","provisional","Carga, Descarga y Conectividad","Carga, Descarga y Conectividad","When unloading data, which file format preserves the data values for floating-point number columns?","Apartada tras cribado: posible clave o generalización incorrecta, dependencia de interfaz/versión, o condiciones insuficientes. Requiere validación individual.","https://docs.snowflake.com/en/user-guide/data-unload-considerations#explicitly-converting-numeric-columns-to-parquet-data-types",""
"496","conservar_revisada","verified","2.3","","editorial","Rendimiento, Consultas y Transformacion","Gestion de cuenta y Gobernanza","Which virtual warehouse privilege is required to view a load-monitoring chart?","Enunciado, alternativas y clave contrastados; explicación actualizada.","https://docs.snowflake.com/en/user-guide/warehouses-tasks","2026-09-21"
"497","apartar","quarantine","","","provisional","Rendimiento, Consultas y Transformacion","Arquitectura y Data Cloud","Which use case will always cause an exploding join in Snowflake?","Apartada tras cribado: posible clave o generalización incorrecta, dependencia de interfaz/versión, o condiciones insuficientes. Requiere validación individual.","https://docs.snowflake.com/en/user-guide/ui-snowsight-activity#label-exploding-join",""
"498","conservar_revisada","verified","2.3","","editorial","Rendimiento, Consultas y Transformacion","Gestion de cuenta y Gobernanza","How many resource monitors can be applied to a single virtual warehouse?","Enunciado, opciones y clave revisados; explicación sustituida por una nota contrastada.","https://docs.snowflake.com/en/user-guide/resource-monitors","2026-09-21"
"499","apartar","quarantine","","5.1","provisional","Arquitectura y Data Cloud","Colaboracion y Proteccion de datos","What are the main differences between the account usage views and the information schema views? (Choose two.)","Apartada tras cribado: posible clave o generalización incorrecta, dependencia de interfaz/versión, o condiciones insuficientes. Requiere validación individual.","https://docs.snowflake.com/en/user-guide/views-account-usage.html",""
"500","corregir","verified","3.1","","editorial","Carga, Descarga y Conectividad","Carga, Descarga y Conectividad","Which function generates a temporary URL whose holder can retrieve the file without a separate Snowflake login?","Reformulado para corregir alcance, ambigüedad o datos desactualizados; respuesta contrastada.","https://docs.snowflake.com/en/user-guide/unstructured-intro","2026-09-21"
"501","apartar","quarantine","","2.3","provisional","Carga, Descarga y Conectividad","Gestion de cuenta y Gobernanza","Which view can be used to determine if a table has frequent row updates or deletes?","Apartada tras cribado: posible clave o generalización incorrecta, dependencia de interfaz/versión, o condiciones insuficientes. Requiere validación individual.","https://docs.snowflake.com/en/sql-reference/account-usage/table_storage_metrics.html",""
"502","apartar","quarantine","","4.2","provisional","Rendimiento, Consultas y Transformacion","Rendimiento, Consultas y Transformacion","How does the Snowflake search optimization service improve query performance?","Apartada tras cribado: posible clave o generalización incorrecta, dependencia de interfaz/versión, o condiciones insuficientes. Requiere validación individual.","https://docs.snowflake.com/en/user-guide/search-optimization-service",""
"503","corregir","verified","3.1","","editorial","Carga, Descarga y Conectividad","Carga, Descarga y Conectividad","How can a client retrieve a staged unstructured file using a URL?","Reformulado para corregir alcance, ambigüedad o datos desactualizados; respuesta contrastada.","https://docs.snowflake.com/en/user-guide/unstructured-intro","2026-09-21"
"504","corregir","verified","5.1","","editorial","Colaboracion y Proteccion de datos","Colaboracion y Proteccion de datos","Which clause requests copying explicit privileges other than OWNERSHIP when cloning a table?","Reformulado para corregir alcance, ambigüedad o datos desactualizados; respuesta contrastada.","https://docs.snowflake.com/en/sql-reference/sql/create-clone","2026-09-21"
"505","conservar_revisada","verified","4.1","","editorial","Rendimiento, Consultas y Transformacion","Rendimiento, Consultas y Transformacion","What common query issues can be identified using the Query Profile? (Choose two.)","Enunciado, opciones y clave revisados; explicación sustituida por una nota contrastada.","https://docs.snowflake.com/en/user-guide/ui-snowsight-activity","2026-09-21"
"506","apartar","quarantine","","3.1","provisional","Carga, Descarga y Conectividad","Carga, Descarga y Conectividad","What is used to extract the content of PDF files stored in Snowflake stages?","Apartada tras cribado: posible clave o generalización incorrecta, dependencia de interfaz/versión, o condiciones insuficientes. Requiere validación individual.","https://docs.snowflake.com/en/user-guide/unstructured-data-java#process-a-pdf-with-a-udf-and-procedure",""
"507","duplicado","archived","","3.1","provisional","Carga, Descarga y Conectividad","Carga, Descarga y Conectividad","What is used to extract the content of PDF files stored in Snowflake stages?","Mismo enunciado, opciones y respuestas que 506 (ignorando orden).","https://docs.snowflake.com/en/user-guide/unstructured-data-java#process-a-pdf-with-a-udf-and-procedure",""
"508","apartar","quarantine","","2.1","provisional","Colaboracion y Proteccion de datos","Gestion de cuenta y Gobernanza","What happens when a database is cloned?","Apartada tras cribado: posible clave o generalización incorrecta, dependencia de interfaz/versión, o condiciones insuficientes. Requiere validación individual.","https://docs.snowflake.com/en/user-guide/object-clone#access-control-privileges-for-cloned-objects",""
"509","conservar_revisada","verified","4.1","","editorial","Arquitectura y Data Cloud","Rendimiento, Consultas y Transformacion","What does a Query Profile provide in Snowflake?","Enunciado, opciones y clave revisados; explicación sustituida por una nota contrastada.","https://docs.snowflake.com/en/user-guide/ui-snowsight-activity","2026-09-21"
"510","conservar_revisada","verified","3.1","","editorial","Carga, Descarga y Conectividad","Carga, Descarga y Conectividad","When executing a COPY INTO command, performance can be negatively affected by using which optional parameter on a large number of files?","Enunciado, alternativas y clave contrastados; explicación actualizada.","https://docs.snowflake.com/en/user-guide/data-load-considerations-load","2026-09-21"
"511","apartar","quarantine","","3.1","provisional","Carga, Descarga y Conectividad","Carga, Descarga y Conectividad","Which URL type should be used to get a permanent URL to a file in a stage?","Apartada tras cribado: posible clave o generalización incorrecta, dependencia de interfaz/versión, o condiciones insuficientes. Requiere validación individual.","https://docs.snowflake.com/en/user-guide/unstructured-intro#types-of-urls-available-to-access-files",""
"512","apartar","quarantine","","","provisional","Gestion de cuenta y Gobernanza","Arquitectura y Data Cloud","Which operation will produce an error in Snowflake?","Apartada tras cribado: posible clave o generalización incorrecta, dependencia de interfaz/versión, o condiciones insuficientes. Requiere validación individual.","https://docs.snowflake.com/en/sql-reference/constraints-overview.html#not-null-constraint",""
"513","conservar_revisada","verified","3.1","","editorial","Carga, Descarga y Conectividad","Carga, Descarga y Conectividad","How are URLs that access unstructured data in external stages retrieved?","Enunciado, alternativas y clave contrastados; explicación actualizada.","https://docs.snowflake.com/en/user-guide/data-load-dirtables-query","2026-09-21"
"514","conservar_revisada","verified","1.4","","editorial","Rendimiento, Consultas y Transformacion","Arquitectura y Data Cloud","What is the Snowflake multi-clustering feature for virtual warehouses used for?","Enunciado, opciones y clave revisados; explicación sustituida por una nota contrastada.","https://docs.snowflake.com/en/user-guide/warehouses-multicluster","2026-09-21"
"515","apartar","quarantine","","4.2","provisional","Rendimiento, Consultas y Transformacion","Rendimiento, Consultas y Transformacion","Which features could be used to improve the performance of queries that return a small subset of rows from a large table? (Choose two.)","Apartada tras cribado: posible clave o generalización incorrecta, dependencia de interfaz/versión, o condiciones insuficientes. Requiere validación individual.","https://docs.snowflake.com/en/user-guide/tables-clustering-micropartitions.html",""
"516","conservar_revisada","verified","4.4","","editorial","Rendimiento, Consultas y Transformacion","Rendimiento, Consultas y Transformacion","Which command would return an empty sample?","Enunciado, opciones y clave revisados; explicación sustituida por una nota contrastada.","https://docs.snowflake.com/en/sql-reference/constructs/sample","2026-09-21"
"517","conservar_revisada","verified","3.1","","editorial","Carga, Descarga y Conectividad","Carga, Descarga y Conectividad","What Snowflake function should be used to unload relational data to JSON?","Enunciado, alternativas y clave contrastados; explicación actualizada.","https://docs.snowflake.com/en/user-guide/data-unload-considerations","2026-09-21"
"518","apartar","quarantine","","3.1","provisional","Carga, Descarga y Conectividad","Carga, Descarga y Conectividad","Floating point values are truncated when unloaded to which file format?","Apartada tras cribado: posible clave o generalización incorrecta, dependencia de interfaz/versión, o condiciones insuficientes. Requiere validación individual.","https://docs.snowflake.com/en/user-guide/data-unload-considerations.html",""
"519","apartar","quarantine","","2.1","provisional","Gestion de cuenta y Gobernanza","Gestion de cuenta y Gobernanza","Which levels can apply network policies? (Choose two.)","Apartada tras cribado: posible clave o generalización incorrecta, dependencia de interfaz/versión, o condiciones insuficientes. Requiere validación individual.","https://docs.snowflake.com/en/user-guide/network-policies.html",""
"520","corregir","verified","5.2","","editorial","Colaboracion y Proteccion de datos","Colaboracion y Proteccion de datos","A provider drops a shared table and recreates it as a new object without restoring SELECT to the share. What can happen?","Reformulado para corregir alcance, ambigüedad o datos desactualizados; respuesta contrastada.","https://docs.snowflake.com/en/user-guide/data-sharing-intro","2026-09-21"
"521","conservar_revisada","verified","2.1","","editorial","Gestion de cuenta y Gobernanza","Gestion de cuenta y Gobernanza","How can an administrator check for updates (for example, SCIM API requests) sent to Snowflake by the identity provider?","Enunciado, alternativas y clave contrastados; explicación actualizada.","https://docs.snowflake.com/en/sql-reference/functions/rest_event_history","2026-09-21"
"522","apartar","quarantine","","4.4","provisional","Rendimiento, Consultas y Transformacion","Rendimiento, Consultas y Transformacion","A Snowflake user is writing a User-Defined Function (UDF) with some unqualified object names. How will those object names be resolved during execution?","Apartada tras cribado: posible clave o generalización incorrecta, dependencia de interfaz/versión, o condiciones insuficientes. Requiere validación individual.","https://docs.snowflake.com/en/sql-reference/name-resolution#name-resolution-in-queries",""
"523","conservar_revisada","verified","1.4","","editorial","Rendimiento, Consultas y Transformacion","Arquitectura y Data Cloud","Why should a user select the economy scaling policy for a multi-cluster warehouse?","Enunciado, opciones y clave revisados; explicación sustituida por una nota contrastada.","https://docs.snowflake.com/en/user-guide/warehouses-multicluster","2026-09-21"
"524","apartar","quarantine","","3.3","provisional","Gestion de cuenta y Gobernanza","Carga, Descarga y Conectividad","What MINIMUM privilege is required on the external stage for any role in the GET REST API to access unstructured data files using a file URL?","Apartada tras cribado: posible clave o generalización incorrecta, dependencia de interfaz/versión, o condiciones insuficientes. Requiere validación individual.","https://docs.snowflake.com/en/user-guide/data-load-snowpipe-rest-apis.html",""
"525","conservar_revisada","verified","2.1","","editorial","Gestion de cuenta y Gobernanza","Gestion de cuenta y Gobernanza","Which view in SNOWFLAKE.ACCOUNT_USAGE shows from which IP address a user connected to Snowflake?","Enunciado, opciones y clave revisados; explicación sustituida por una nota contrastada.","https://docs.snowflake.com/en/sql-reference/account-usage/login_history","2026-09-21"
"526","apartar","quarantine","","2.1","provisional","Gestion de cuenta y Gobernanza","Gestion de cuenta y Gobernanza","Snowflake Partner Connect is limited to users with a verified email address and which role?","Apartada tras cribado: posible clave o generalización incorrecta, dependencia de interfaz/versión, o condiciones insuficientes. Requiere validación individual.","https://docs.snowflake.com/en/user-guide/partner-connect.html",""
"527","conservar_revisada","verified","1.5","","editorial","Arquitectura y Data Cloud","Arquitectura y Data Cloud","What unit of storage supports efficient query processing in Snowflake?","Enunciado, opciones y clave revisados; explicación sustituida por una nota contrastada.","https://docs.snowflake.com/en/user-guide/tables-clustering-micropartitions","2026-09-21"
"528","apartar","quarantine","","4.4","provisional","Rendimiento, Consultas y Transformacion","Rendimiento, Consultas y Transformacion","What is the difference between a stored procedure and a User-Defined Function (UDF)?","Apartada tras cribado: posible clave o generalización incorrecta, dependencia de interfaz/versión, o condiciones insuficientes. Requiere validación individual.","https://docs.snowflake.com/en/sql-reference/stored-procedures.html",""
"529","apartar","quarantine","","5.2","provisional","Colaboracion y Proteccion de datos","Colaboracion y Proteccion de datos","Which URL type does Snowflake recommend to use when providing unstructured data to other accounts through a share?","Apartada tras cribado: posible clave o generalización incorrecta, dependencia de interfaz/versión, o condiciones insuficientes. Requiere validación individual.","https://docs.snowflake.com/en/user-guide/unstructured-intro",""
"530","conservar_revisada","verified","5.1","","editorial","Carga, Descarga y Conectividad","Colaboracion y Proteccion de datos","What is the MAXIMUM Time Travel retention period for a transient table?","Enunciado, opciones y clave revisados; explicación sustituida por una nota contrastada.","https://docs.snowflake.com/en/user-guide/tables-temp-transient","2026-09-21"
"531","conservar_revisada","verified","5.2","","editorial","Colaboracion y Proteccion de datos","Colaboracion y Proteccion de datos","What is the advantage of using a reader account?","Enunciado, opciones y clave revisados; explicación sustituida por una nota contrastada.","https://docs.snowflake.com/en/user-guide/data-sharing-reader-create","2026-09-21"
"532","conservar_revisada","verified","3.1","","editorial","Carga, Descarga y Conectividad","Carga, Descarga y Conectividad","What command is used to export or unload data from Snowflake?","Enunciado, opciones y clave revisados; explicación sustituida por una nota contrastada.","https://docs.snowflake.com/en/sql-reference/sql/copy-into-location","2026-09-21"
"533","conservar_revisada","verified","5.2","","editorial","Colaboracion y Proteccion de datos","Colaboracion y Proteccion de datos","A Snowflake user wants to share data with someone who does not have a Snowflake account. How can the Snowflake user share the data?","Enunciado, opciones y clave revisados; explicación sustituida por una nota contrastada.","https://docs.snowflake.com/en/user-guide/data-sharing-reader-create","2026-09-21"
"534","conservar_revisada","verified","2.1","","editorial","Gestion de cuenta y Gobernanza","Gestion de cuenta y Gobernanza","A user wants to add additional privileges to the system-defined roles for their virtual warehouse. How does Snowflake recommend they accomplish this?","Enunciado, opciones y clave revisados; explicación sustituida por una nota contrastada.","https://docs.snowflake.com/en/user-guide/security-access-control-overview","2026-09-21"
"535","conservar_revisada","verified","1.5","","editorial","Arquitectura y Data Cloud","Arquitectura y Data Cloud","How does Snowflake store a table's underlying data? (Choose two.)","Enunciado, opciones y clave revisados; explicación sustituida por una nota contrastada.","https://docs.snowflake.com/en/user-guide/tables-clustering-micropartitions","2026-09-21"
"536","apartar","quarantine","","2.2","provisional","Colaboracion y Proteccion de datos","Gestion de cuenta y Gobernanza","What is the MAXIMUM number of days a Snowflake-managed encryption key can be used before it gets automatically rotated?","Apartada tras cribado: posible clave o generalización incorrecta, dependencia de interfaz/versión, o condiciones insuficientes. Requiere validación individual.","https://docs.snowflake.com/en/user-guide/security-encryption.html",""
"537","apartar","quarantine","","1.3","provisional","Gestion de cuenta y Gobernanza","Arquitectura y Data Cloud","Which user object property requires contacting Snowflake Support in order to set a value for it?","Apartada tras cribado: posible clave o generalización incorrecta, dependencia de interfaz/versión, o condiciones insuficientes. Requiere validación individual.","https://docs.snowflake.com/en/user-guide/network-policies",""
"538","apartar","quarantine","","3.1","provisional","Carga, Descarga y Conectividad","Carga, Descarga y Conectividad","How does Snowflake handle the bulk unloading of data into single or multiple files?","Apartada tras cribado: posible clave o generalización incorrecta, dependencia de interfaz/versión, o condiciones insuficientes. Requiere validación individual.","https://docs.snowflake.com/en/user-guide/data-unload-overview",""
"539","conservar_revisada","verified","4.1","","editorial","Arquitectura y Data Cloud","Rendimiento, Consultas y Transformacion","What information is included in the display in the Query Profile? (Choose two.)","Enunciado, opciones y clave revisados; explicación sustituida por una nota contrastada.","https://docs.snowflake.com/en/user-guide/ui-snowsight-activity","2026-09-21"
"540","corregir","verified","4.2","","editorial","Rendimiento, Consultas y Transformacion","Rendimiento, Consultas y Transformacion","A supported expensive expression over a slowly changing base table is repeatedly queried. Which feature can precompute and maintain the result to reduce repeated computation?","Reformulado para corregir alcance, ambigüedad o datos desactualizados; respuesta contrastada.","https://docs.snowflake.com/en/user-guide/views-materialized","2026-09-21"
"541","conservar_revisada","verified","2.1","","editorial","Gestion de cuenta y Gobernanza","Gestion de cuenta y Gobernanza","When using the ALLOW_CLIENT_MFA_CACHING parameter, how long is a cached Multi-Factor Authentication (MFA) token valid for?","Enunciado, alternativas y clave contrastados; explicación actualizada.","https://docs.snowflake.com/en/user-guide/security-mfa","2026-09-21"
"542","conservar_revisada","verified","3.1","","editorial","Carga, Descarga y Conectividad","Carga, Descarga y Conectividad","When unloading data, which file formats are supported by the COPY INTO command? (Choose two.)","Enunciado, opciones y clave revisados; explicación sustituida por una nota contrastada.","https://docs.snowflake.com/en/sql-reference/sql/copy-into-location","2026-09-21"
"543","apartar","quarantine","","4.4","provisional","Rendimiento, Consultas y Transformacion","Rendimiento, Consultas y Transformacion","A JSON object is loaded into a column named data using a Snowflake variant datatype. The root node of the object is BIKE. The child attribute for this root node is BIKEID. Which statement will allow the user to access BIKEID?","Apartada tras cribado: posible clave o generalización incorrecta, dependencia de interfaz/versión, o condiciones insuficientes. Requiere validación individual.","https://docs.snowflake.com/en/user-guide/querying-semistructured",""
"544","archivar","archived","","2.1","provisional","Gestion de cuenta y Gobernanza","Gestion de cuenta y Gobernanza","A custom role owns multiple tables. If this role is dropped from the system, who becomes the owner of these tables?","Repite la transferencia de ownership al eliminar un rol, ya contrastada en ID 55.","https://docs.snowflake.com/en/sql-reference/sql/drop-role","2026-09-21"
"545","conservar_revisada","verified","4.4","","editorial","Rendimiento, Consultas y Transformacion","Rendimiento, Consultas y Transformacion","Which function produces a lateral view of a VARIANT column?","Enunciado, opciones y clave revisados; explicación sustituida por una nota contrastada.","https://docs.snowflake.com/en/sql-reference/functions/flatten","2026-09-21"
"546","apartar","quarantine","","2.1","provisional","Gestion de cuenta y Gobernanza","Gestion de cuenta y Gobernanza","Snowflake strongly recommends that all users with what type of role be required to use Multi-Factor Authentication (MFA)?","Apartada tras cribado: posible clave o generalización incorrecta, dependencia de interfaz/versión, o condiciones insuficientes. Requiere validación individual.","https://docs.snowflake.com/en/user-guide/security-mfa.html",""
"547","corregir","verified","4.4","","editorial","Carga, Descarga y Conectividad","Rendimiento, Consultas y Transformacion","How does BERNOULLI sampling select data?","Reformulado para corregir alcance, ambigüedad o datos desactualizados; respuesta contrastada.","https://docs.snowflake.com/en/sql-reference/constructs/sample","2026-09-21"
"548","conservar_revisada","verified","2.1","","editorial","Gestion de cuenta y Gobernanza","Gestion de cuenta y Gobernanza","What are characteristics of Snowflake network policies? (Choose two.)","Enunciado, opciones y clave revisados; explicación sustituida por una nota contrastada.","https://docs.snowflake.com/en/user-guide/network-policies","2026-09-21"
"549","conservar_revisada","verified","4.4","","editorial","Arquitectura y Data Cloud","Rendimiento, Consultas y Transformacion","Which function should be used to find the query ID of the second query executed in a current session?","Enunciado, opciones y clave revisados; explicación sustituida por una nota contrastada.","https://docs.snowflake.com/en/sql-reference/functions/last_query_id","2026-09-21"
"550","conservar_revisada","verified","1.3","","editorial","Arquitectura y Data Cloud","Arquitectura y Data Cloud","How is the hierarchy of database objects organized in Snowflake?","Enunciado, opciones y clave revisados; explicación sustituida por una nota contrastada.","https://docs.snowflake.com/en/user-guide/databases","2026-09-21"
"551","apartar","quarantine","","2.1","provisional","Gestion de cuenta y Gobernanza","Gestion de cuenta y Gobernanza","Which role can execute the SHOW ORGANIZATION ACCOUNTS command successfully?","Pendiente prioritaria por formulación absoluta, comportamiento cambiante, respuesta sospechosa o escenario incompleto. Se excluye hasta contrastar las condiciones.","https://docs.snowflake.com/en/sql-reference/sql/show-organization-accounts.html",""
"552","conservar_revisada","verified","4.4","","editorial","Rendimiento, Consultas y Transformacion","Rendimiento, Consultas y Transformacion","Which data types in Snowflake are synonymous for FLOAT? (Choose two.)","Enunciado, alternativas y clave contrastados; explicación actualizada.","https://docs.snowflake.com/en/sql-reference/data-types-numeric","2026-09-21"
"553","apartar","quarantine","","2.1","provisional","Gestion de cuenta y Gobernanza","Gestion de cuenta y Gobernanza","What ensures that a user with the role SECURITYADMIN can activate a network policy for an individual user?","Pendiente prioritaria por formulación absoluta, comportamiento cambiante, respuesta sospechosa o escenario incompleto. Se excluye hasta contrastar las condiciones.","https://docs.snowflake.com/en/sql-reference/sql/grant-privilege.html",""
"554","archivar","archived","","3.1","provisional","Rendimiento, Consultas y Transformacion","Carga, Descarga y Conectividad","Which function can be combined with the copy command to unload a relational table into a JSON file?","Repite OBJECT_CONSTRUCT para descarga JSON, cubierto en ID 517 de esta tanda.","https://docs.snowflake.com/en/sql-reference/functions/object_construct.html","2026-09-21"
"555","corregir","verified","1.5","","editorial","Arquitectura y Data Cloud","Arquitectura y Data Cloud","Reconstructable intermediate data must remain available across sessions but does not need Fail-safe. Which native table type fits?","Reformulado para corregir alcance, ambigüedad o datos desactualizados; respuesta contrastada.","https://docs.snowflake.com/en/user-guide/tables-temp-transient","2026-09-21"
"556","conservar_revisada","verified","3.1","","editorial","Carga, Descarga y Conectividad","Carga, Descarga y Conectividad","While loading data from a JSON file, what enables the removal of the outer array structure from the file and loads the records into separate table rows?","Enunciado, alternativas y clave contrastados; explicación actualizada.","https://docs.snowflake.com/en/sql-reference/sql/create-file-format","2026-09-21"
"557","apartar","quarantine","","5.2","provisional","Colaboracion y Proteccion de datos","Colaboracion y Proteccion de datos","Which functions can be used to share unstructured data through a secure view? (Choose two.)","Pendiente prioritaria por formulación absoluta, comportamiento cambiante, respuesta sospechosa o escenario incompleto. Se excluye hasta contrastar las condiciones.","https://docs.snowflake.com/en/sql-reference/functions/build_scoped_file_url.html",""
"558","corregir","verified","4.4","","editorial","Rendimiento, Consultas y Transformacion","Rendimiento, Consultas y Transformacion","Which table function expands compound values in VARIANT, OBJECT or ARRAY input into relational rows?","Reformulado para corregir alcance, ambigüedad o datos desactualizados; respuesta contrastada.","https://docs.snowflake.com/en/sql-reference/functions/flatten","2026-09-21"
"559","apartar","quarantine","","4.2","provisional","Rendimiento, Consultas y Transformacion","Rendimiento, Consultas y Transformacion","What is the MINIMUM size of a table for which Snowflake recommends considering adding a clustering key?","Pendiente prioritaria por formulación absoluta, comportamiento cambiante, respuesta sospechosa o escenario incompleto. Se excluye hasta contrastar las condiciones.","https://docs.snowflake.com/en/user-guide/tables-clustering-keys.html",""
"560","apartar","quarantine","","2.2","provisional","Colaboracion y Proteccion de datos","Gestion de cuenta y Gobernanza","For the ALLOWED_VALUES tag property, what is the MAXIMUM number of possible string values for a single tag?","Pendiente prioritaria por formulación absoluta, comportamiento cambiante, respuesta sospechosa o escenario incompleto. Se excluye hasta contrastar las condiciones.","https://docs.snowflake.com/en/sql-reference/sql/create-tag",""
"561","apartar","quarantine","","1.5","provisional","Arquitectura y Data Cloud","Arquitectura y Data Cloud","Which Snowflake table type is only visible to the user who creates it, can have the same name as permanent tables in the same schema, and is dropped at the end of the session?","Pendiente prioritaria por formulación absoluta, comportamiento cambiante, respuesta sospechosa o escenario incompleto. Se excluye hasta contrastar las condiciones.","https://docs.snowflake.com/en/user-guide/tables-temp-transient.html#temporary-tables",""
"562","conservar_revisada","verified","2.1","","editorial","Gestion de cuenta y Gobernanza","Gestion de cuenta y Gobernanza","What is a characteristic of a role in Snowflake?","Enunciado, alternativas y clave contrastados; explicación actualizada.","https://docs.snowflake.com/en/user-guide/security-access-control-overview","2026-09-21"
"563","corregir","verified","3.1","","editorial","Carga, Descarga y Conectividad","Carga, Descarga y Conectividad","Which command uploads existing local unstructured files to an internal Snowflake stage?","Reformulado para corregir alcance, ambigüedad o datos desactualizados; respuesta contrastada.","https://docs.snowflake.com/en/sql-reference/sql/put","2026-09-21"
"564","conservar_revisada","verified","2.1","","editorial","Colaboracion y Proteccion de datos","Gestion de cuenta y Gobernanza","How do managed access schemas help with data governance?","Enunciado, alternativas y clave contrastados; explicación actualizada.","https://docs.snowflake.com/en/user-guide/security-access-control-overview","2026-09-21"
"565","apartar","quarantine","","1.2","provisional","Rendimiento, Consultas y Transformacion","Arquitectura y Data Cloud","What is the default period of time the Warehouse Activity section provides a graph of Snowsight activity?","Pendiente prioritaria por formulación absoluta, comportamiento cambiante, respuesta sospechosa o escenario incompleto. Se excluye hasta contrastar las condiciones.","https://docs.snowflake.com/en/user-guide/ui-snowsight-admin#warehouse-activity",""
"566","apartar","quarantine","","3.1","provisional","Carga, Descarga y Conectividad","Carga, Descarga y Conectividad","A Snowflake user wants to unload data from a relational table sized 5 GB using CSV. The extract needs to be as performant as possible. What should the user do?","Pendiente prioritaria por formulación absoluta, comportamiento cambiante, respuesta sospechosa o escenario incompleto. Se excluye hasta contrastar las condiciones.","https://docs.snowflake.com/en/user-guide/data-unload-considerations.html",""
"567","conservar_revisada","verified","2.1","","editorial","Gestion de cuenta y Gobernanza","Gestion de cuenta y Gobernanza","How is the MANAGE GRANTS privilege applied?","Enunciado, alternativas y clave contrastados; explicación actualizada.","https://docs.snowflake.com/en/sql-reference/sql/grant-privilege","2026-09-21"
"568","apartar","quarantine","","4.3","provisional","Rendimiento, Consultas y Transformacion","Rendimiento, Consultas y Transformacion","What is required for a query execution to be served from the result cache?","Pendiente prioritaria por formulación absoluta, comportamiento cambiante, respuesta sospechosa o escenario incompleto. Se excluye hasta contrastar las condiciones.","https://docs.snowflake.com/en/user-guide/querying-persisted-results",""
"569","conservar_revisada","verified","3.1","","editorial","Carga, Descarga y Conectividad","Carga, Descarga y Conectividad","Which Snowflake URL type is used by directory tables?","Enunciado, alternativas y clave contrastados; explicación actualizada.","https://docs.snowflake.com/en/user-guide/data-load-dirtables-query","2026-09-21"
"570","corregir","verified","3.1","","editorial","Colaboracion y Proteccion de datos","Carga, Descarga y Conectividad","For an internal stage configured with SNOWFLAKE_FULL encryption, when is client-side encryption applied to a PUT upload?","Reformulado para corregir alcance, ambigüedad o datos desactualizados; respuesta contrastada.","https://docs.snowflake.com/en/sql-reference/sql/create-stage","2026-09-21"
"571","apartar","quarantine","","2.1","provisional","Gestion de cuenta y Gobernanza","Gestion de cuenta y Gobernanza","Which privileges are required for a user to restore an object? (Choose two.)","Pendiente prioritaria por formulación absoluta, comportamiento cambiante, respuesta sospechosa o escenario incompleto. Se excluye hasta contrastar las condiciones.","https://docs.snowflake.com/en/user-guide/security-access-control-privileges",""
"572","corregir","verified","2.3","","editorial","Rendimiento, Consultas y Transformacion","Gestion de cuenta y Gobernanza","Holding running time, warehouse type and generation constant, which settings affect multi-cluster warehouse compute credits? (Choose two.)","Reformulado para corregir alcance, ambigüedad o datos desactualizados; respuesta contrastada.","https://docs.snowflake.com/en/user-guide/warehouses-multicluster","2026-09-21"
"573","corregir","verified","2.1","","editorial","Gestion de cuenta y Gobernanza","Gestion de cuenta y Gobernanza","A client IP appears in both ALLOWED_IP_LIST and BLOCKED_IP_LIST of the applicable network policy. What is the result?","Reformulado para corregir alcance, ambigüedad o datos desactualizados; respuesta contrastada.","https://docs.snowflake.com/en/user-guide/network-policies","2026-09-21"
"574","apartar","quarantine","","4.1","provisional","Rendimiento, Consultas y Transformacion","Rendimiento, Consultas y Transformacion","What does the orange bar on an operator represent when reviewing the Query Profile?","Pendiente prioritaria por formulación absoluta, comportamiento cambiante, respuesta sospechosa o escenario incompleto. Se excluye hasta contrastar las condiciones.","https://docs.snowflake.com/en/user-guide/query-profile.html",""
"575","apartar","quarantine","","3.1","provisional","Carga, Descarga y Conectividad","Carga, Descarga y Conectividad","When unloading data from Snowflake, what is the default file size of each file?","Pendiente prioritaria por formulación absoluta, comportamiento cambiante, respuesta sospechosa o escenario incompleto. Se excluye hasta contrastar las condiciones.","https://docs.snowflake.com/en/user-guide/data-unload-considerations.html",""
"576","corregir","verified","3.1","","editorial","Carga, Descarga y Conectividad","Carga, Descarga y Conectividad","Which statements list files in the current user stage? (Choose two.)","Reformulado para corregir alcance, ambigüedad o datos desactualizados; respuesta contrastada.","https://docs.snowflake.com/en/sql-reference/sql/list","2026-09-21"
"577","conservar_revisada","verified","2.2","","editorial","Colaboracion y Proteccion de datos","Gestion de cuenta y Gobernanza","Which features make up Snowflake's column level security? (Choose two.)","Enunciado, alternativas y clave contrastados; explicación actualizada.","https://docs.snowflake.com/en/user-guide/security-column-intro","2026-09-21"
"578","conservar_revisada","verified","1.3","","editorial","Rendimiento, Consultas y Transformacion","Arquitectura y Data Cloud","Which programming languages are supported for Snowflake User-Defined Functions (UDFs)? (Choose two.)","Enunciado, alternativas y clave contrastados; explicación actualizada.","https://docs.snowflake.com/en/developer-guide/udf/udf-overview","2026-09-21"
"579","corregir","verified","4.3","","editorial","Rendimiento, Consultas y Transformacion","Rendimiento, Consultas y Transformacion","Repeated reuse can reset a persisted query result retention window, but what is the maximum age measured from its first execution?","Reformulado para corregir alcance, ambigüedad o datos desactualizados; respuesta contrastada.","https://docs.snowflake.com/en/user-guide/querying-persisted-results","2026-09-21"
"580","corregir","verified","4.1","","editorial","Rendimiento, Consultas y Transformacion","Rendimiento, Consultas y Transformacion","Many short queries on one warehouse have high end-to-end latency. Monitoring shows a high queued load. Which diagnosis is supported?","Reformulado para corregir alcance, ambigüedad o datos desactualizados; respuesta contrastada.","https://docs.snowflake.com/en/sql-reference/functions/warehouse_load_history","2026-09-21"
"581","conservar_revisada","verified","1.1","","editorial","Gestion de cuenta y Gobernanza","Arquitectura y Data Cloud","Which Snowflake edition offers the highest level of security for organizations that have the strictest requirements?","Enunciado, alternativas y clave contrastados; explicación actualizada.","https://docs.snowflake.com/en/user-guide/intro-editions","2026-09-21"
"582","corregir","verified","4.4","","editorial","Rendimiento, Consultas y Transformacion","Rendimiento, Consultas y Transformacion","What is the documented upper bound for the uncompressed size of one VARIANT value, before practical reductions for internal overhead?","Reformulado para corregir alcance, ambigüedad o datos desactualizados; respuesta contrastada.","https://docs.snowflake.com/en/sql-reference/data-types-semistructured","2026-09-21"
"583","apartar","quarantine","","2.1","provisional","Gestion de cuenta y Gobernanza","Gestion de cuenta y Gobernanza","What criteria does Snowflake use to determine the current role when initiating a session? (Choose two.)","Reglas de elección de rol y fallo de inicio de sesión no respaldadas por el escenario.","https://docs.snowflake.com/en/user-guide/admin-user-management.html#setting-a-default-role",""
"584","conservar_revisada","verified","3.1","","editorial","Carga, Descarga y Conectividad","Carga, Descarga y Conectividad","What command should be used to move data from a Snowflake database table into one or more files in an external stage?","Enunciado, alternativas y clave contrastados; explicación actualizada.","https://docs.snowflake.com/en/sql-reference/sql/copy-into-location","2026-09-21"
"585","conservar_revisada","verified","3.1","","editorial","Carga, Descarga y Conectividad","Carga, Descarga y Conectividad","How does a Snowflake user reference a directory table created on stage mystage in a SQL query?","Enunciado, alternativas y clave contrastados; explicación actualizada.","https://docs.snowflake.com/en/user-guide/data-load-dirtables-query","2026-09-21"
"586","corregir","verified","1.5","","editorial","Colaboracion y Proteccion de datos","Arquitectura y Data Cloud","Why might a provider use a secure view for sensitive data?","Reformulado para corregir alcance, ambigüedad o datos desactualizados; respuesta contrastada.","https://docs.snowflake.com/en/user-guide/views-secure","2026-09-21"
"587","conservar_revisada","verified","3.1","","editorial","Carga, Descarga y Conectividad","Carga, Descarga y Conectividad","Which command can be added to the COPY command to make it load all files, whether or not the load status of the files is known?","Enunciado, alternativas y clave contrastados; explicación actualizada.","https://docs.snowflake.com/en/sql-reference/sql/copy-into-table","2026-09-21"
"588","apartar","quarantine","","","provisional","Rendimiento, Consultas y Transformacion","Arquitectura y Data Cloud","How can a Snowflake user improve long-running query performance?","Pendiente prioritaria por formulación absoluta, comportamiento cambiante, respuesta sospechosa o escenario incompleto. Se excluye hasta contrastar las condiciones.","https://docs.snowflake.com/en/user-guide/tables-clustering-keys.html",""
"589","corregir","verified","2.2","","editorial","Colaboracion y Proteccion de datos","Gestion de cuenta y Gobernanza","Which source can help identify tables not observed in supported access records during the available history window?","Reformulado para corregir alcance, ambigüedad o datos desactualizados; respuesta contrastada.","https://docs.snowflake.com/en/sql-reference/account-usage/access_history","2026-09-21"
"590","corregir","verified","4.4","","editorial","Rendimiento, Consultas y Transformacion","Rendimiento, Consultas y Transformacion","Which constructs can traverse a hierarchy whose depth is not known in advance? (Choose two.)","Reformulado para corregir alcance, ambigüedad o datos desactualizados; respuesta contrastada.","https://docs.snowflake.com/en/user-guide/queries-hierarchical","2026-09-21"
"591","conservar_revisada","verified","2.2","","editorial","Gestion de cuenta y Gobernanza","Gestion de cuenta y Gobernanza","What information is stored in the ACCESS_HISTORY view?","Enunciado, alternativas y clave contrastados; explicación actualizada.","https://docs.snowflake.com/en/sql-reference/account-usage/access_history","2026-09-21"
"592","apartar","quarantine","","2.1","provisional","Colaboracion y Proteccion de datos","Gestion de cuenta y Gobernanza","What privilege does a user need in order to receive or request data from the Snowflake Marketplace?","Pendiente prioritaria por formulación absoluta, comportamiento cambiante, respuesta sospechosa o escenario incompleto. Se excluye hasta contrastar las condiciones.","https://docs.snowflake.com/en/user-guide/data-exchange-consumer.html",""
"593","conservar_revisada","verified","5.2","","editorial","Colaboracion y Proteccion de datos","Colaboracion y Proteccion de datos","Which Snowflake database object can be shared with other accounts?","Enunciado, alternativas y clave contrastados; explicación actualizada.","https://docs.snowflake.com/en/user-guide/data-sharing-intro","2026-09-21"
"594","apartar","quarantine","","2.1","provisional","Gestion de cuenta y Gobernanza","Gestion de cuenta y Gobernanza","Which identity providers are valid type values for federated authentication on the SAML_IDENTITY_PROVIDER parameter? (Choose two.)","Pendiente prioritaria por formulación absoluta, comportamiento cambiante, respuesta sospechosa o escenario incompleto. Se excluye hasta contrastar las condiciones.","https://docs.snowflake.com/en/user-guide/admin-security-fed-auth-use.html#setting-up-federated-authentication",""
"595","corregir","verified","5.2","","editorial","Colaboracion y Proteccion de datos","Colaboracion y Proteccion de datos","Which statement adds a consumer account to an existing direct share using an organization-qualified account identifier?","Reformulado para corregir alcance, ambigüedad o datos desactualizados; respuesta contrastada.","https://docs.snowflake.com/en/sql-reference/sql/alter-share","2026-09-21"
"596","apartar","quarantine","","2.1","provisional","Gestion de cuenta y Gobernanza","Gestion de cuenta y Gobernanza","What role is required to use Partner Connect?","Pendiente prioritaria por formulación absoluta, comportamiento cambiante, respuesta sospechosa o escenario incompleto. Se excluye hasta contrastar las condiciones.","https://docs.snowflake.com/en/user-guide/ecosystem-partner-connect",""
"597","corregir","verified","1.4","","editorial","Rendimiento, Consultas y Transformacion","Arquitectura y Data Cloud","On Enterprise Edition, independent queries are queuing because a warehouse has insufficient concurrency capacity. Which feature can scale out its compute?","Reformulado para corregir alcance, ambigüedad o datos desactualizados; respuesta contrastada.","https://docs.snowflake.com/en/user-guide/warehouses-multicluster","2026-09-21"
"598","conservar_revisada","verified","1.5","","editorial","Arquitectura y Data Cloud","Arquitectura y Data Cloud","How is table data compressed in Snowflake?","Enunciado, alternativas y clave contrastados; explicación actualizada.","https://docs.snowflake.com/en/user-guide/tables-clustering-micropartitions","2026-09-21"
"599","apartar","quarantine","","4.4","provisional","Carga, Descarga y Conectividad","Rendimiento, Consultas y Transformacion","What will be the output of the below query against the table name gold_data? select * from gold_data tablesample (100);","Pendiente prioritaria por formulación absoluta, comportamiento cambiante, respuesta sospechosa o escenario incompleto. Se excluye hasta contrastar las condiciones.","https://docs.snowflake.com/en/sql-reference/constructs/sample",""
"600","corregir","verified","4.1","","editorial","Rendimiento, Consultas y Transformacion","Rendimiento, Consultas y Transformacion","A query spills a large amount of intermediate data to local storage. Which response is reasonable?","Reformulado para corregir alcance, ambigüedad o datos desactualizados; respuesta contrastada.","https://docs.snowflake.com/en/user-guide/performance-query-warehouse-memory","2026-09-21"
"601","apartar","quarantine","","3.2","provisional","Carga, Descarga y Conectividad","Carga, Descarga y Conectividad","What is the MOST efficient way to load streaming data into Snowflake?","La pregunta sobre streaming omite Snowpipe Streaming y no distingue filas de archivos.","https://docs.snowflake.com/en/user-guide/data-load-snowpipe-intro.html",""
"602","apartar","quarantine","","3.1","provisional","Carga, Descarga y Conectividad","Carga, Descarga y Conectividad","Which COPY INTO statement accurately describes how to unload data from a Snowflake table? file can be compressed.","Pendiente prioritaria por formulación absoluta, comportamiento cambiante, respuesta sospechosa o escenario incompleto. Se excluye hasta contrastar las condiciones.","https://docs.snowflake.com/en/sql-reference/functions/object_construct.html",""
"603","corregir","verified","3.1","","editorial","Carga, Descarga y Conectividad","Carga, Descarga y Conectividad","Which command downloads a file from an internal Snowflake stage to a client filesystem?","Reformulado para corregir alcance, ambigüedad o datos desactualizados; respuesta contrastada.","https://docs.snowflake.com/en/sql-reference/sql/get","2026-09-21"
"604","apartar","quarantine","","2.1","provisional","Gestion de cuenta y Gobernanza","Gestion de cuenta y Gobernanza","By default, which role has privileges to create tables and views in an account?","Pendiente prioritaria por formulación absoluta, comportamiento cambiante, respuesta sospechosa o escenario incompleto. Se excluye hasta contrastar las condiciones.","https://docs.snowflake.com/en/user-guide/admin-user-management.html",""
"605","apartar","quarantine","","","provisional","Colaboracion y Proteccion de datos","Arquitectura y Data Cloud","What does Snowflake recommend as a best practice for using secure views?","Pendiente prioritaria por formulación absoluta, comportamiento cambiante, respuesta sospechosa o escenario incompleto. Se excluye hasta contrastar las condiciones.","https://docs.snowflake.com/en/user-guide/views-secure.html",""
"606","conservar_revisada","verified","5.1","","editorial","Colaboracion y Proteccion de datos","Colaboracion y Proteccion de datos","What is the Fail-safe period for a transient table in the Snowflake Enterprise edition and higher?","Enunciado, alternativas y clave contrastados; explicación actualizada.","https://docs.snowflake.com/en/user-guide/tables-temp-transient","2026-09-21"
"607","apartar","quarantine","","1.2","provisional","Gestion de cuenta y Gobernanza","Arquitectura y Data Cloud","How does a Snowflake user enable Multi-Factor Authentication (MFA)?","Pendiente prioritaria por formulación absoluta, comportamiento cambiante, respuesta sospechosa o escenario incompleto. Se excluye hasta contrastar las condiciones.","https://docs.snowflake.com/en/user-guide/security-mfa.html",""
"608","apartar","quarantine","","2.3","provisional","Rendimiento, Consultas y Transformacion","Gestion de cuenta y Gobernanza","What allows a user to limit the number of credits consumed within a Snowflake account?","Pendiente prioritaria por formulación absoluta, comportamiento cambiante, respuesta sospechosa o escenario incompleto. Se excluye hasta contrastar las condiciones.","https://docs.snowflake.com/en/user-guide/resource-monitors.html",""
"609","conservar_revisada","verified","1.1","","editorial","Arquitectura y Data Cloud","Arquitectura y Data Cloud","Which statement accurately describes Snowflake's architecture?","Enunciado, alternativas y clave contrastados; explicación actualizada.","https://docs.snowflake.com/en/user-guide/intro-key-concepts","2026-09-21"
"610","conservar_revisada","verified","4.4","","editorial","Carga, Descarga y Conectividad","Rendimiento, Consultas y Transformacion","Which Snowflake SQL command is used to get a subset of rows randomly from a table?","Enunciado, alternativas y clave contrastados; explicación actualizada.","https://docs.snowflake.com/en/sql-reference/constructs/sample","2026-09-21"
"611","apartar","quarantine","","1.4","provisional","Rendimiento, Consultas y Transformacion","Arquitectura y Data Cloud","Which statement accurately describes how a virtual warehouse functions?","Pendiente prioritaria por formulación absoluta, comportamiento cambiante, respuesta sospechosa o escenario incompleto. Se excluye hasta contrastar las condiciones.","https://docs.snowflake.com/en/user-guide/warehouses-overview.html",""
"612","conservar_revisada","verified","3.2","","editorial","Rendimiento, Consultas y Transformacion","Carga, Descarga y Conectividad","Which Snowflake object can be used to record DML changes made to a table?","Enunciado, alternativas y clave contrastados; explicación actualizada.","https://docs.snowflake.com/en/user-guide/streams-intro","2026-09-21"
"613","conservar_revisada","verified","4.1","","editorial","Carga, Descarga y Conectividad","Rendimiento, Consultas y Transformacion","Which statistic displayed in a Query Profile is specific to external functions?","Enunciado, alternativas y clave contrastados; explicación actualizada.","https://docs.snowflake.com/en/user-guide/ui-snowsight-activity","2026-09-21"
"614","corregir","verified","1.4","","editorial","Rendimiento, Consultas y Transformacion","Arquitectura y Data Cloud","Sustained warehouse queues are caused by concurrent independent workloads. Which approaches can distribute future work over additional compute? (Choose two.)","Reformulado para corregir alcance, ambigüedad o datos desactualizados; respuesta contrastada.","https://docs.snowflake.com/en/user-guide/warehouses-multicluster","2026-09-21"
"615","apartar","quarantine","","5.1","provisional","Rendimiento, Consultas y Transformacion","Colaboracion y Proteccion de datos","Which command is used to generate a zero-copy 'snapshot' of any table, schema, or database?","Pendiente prioritaria por formulación absoluta, comportamiento cambiante, respuesta sospechosa o escenario incompleto. Se excluye hasta contrastar las condiciones.","https://docs.snowflake.com/en/sql-reference/sql/create-clone.html",""
"616","archivar","archived","","3.2","provisional","Carga, Descarga y Conectividad","Carga, Descarga y Conectividad","How long is the load history stored in the metadata of the pipe in Snowpipe?","Repite los 14 días de metadatos del pipe, ya acotados y contrastados en ID 200.","https://docs.snowflake.com/en/user-guide/data-load-snowpipe-intro","2026-09-21"
"617","apartar","quarantine","","1.3","provisional","Arquitectura y Data Cloud","Arquitectura y Data Cloud","What are the key characteristics of ACCOUNT_USAGE views? (Choose two.)","Pendiente prioritaria por formulación absoluta, comportamiento cambiante, respuesta sospechosa o escenario incompleto. Se excluye hasta contrastar las condiciones.","https://docs.snowflake.com/en/sql-reference/account-usage#differences-between-account-usage-and-information-schema",""
"618","apartar","quarantine","","","provisional","Colaboracion y Proteccion de datos","Arquitectura y Data Cloud","How does a scoped URL expire?","Pendiente prioritaria por formulación absoluta, comportamiento cambiante, respuesta sospechosa o escenario incompleto. Se excluye hasta contrastar las condiciones.","https://docs.snowflake.com/en/user-guide/unstructured-intro",""
"619","conservar_revisada","verified","1.4","","editorial","Rendimiento, Consultas y Transformacion","Arquitectura y Data Cloud","What are the available Snowflake scaling modes for configuring multi-cluster virtual warehouses? (Choose two.)","Enunciado, alternativas y clave contrastados; explicación actualizada.","https://docs.snowflake.com/en/user-guide/warehouses-multicluster","2026-09-21"
"620","conservar_revisada","verified","4.4","","editorial","Rendimiento, Consultas y Transformacion","Rendimiento, Consultas y Transformacion","Which loop type iterates until a condition is true?","Enunciado, alternativas y clave contrastados; explicación actualizada.","https://docs.snowflake.com/en/developer-guide/snowflake-scripting/loops","2026-09-21"
"621","conservar_revisada","verified","1.4","","editorial","Rendimiento, Consultas y Transformacion","Arquitectura y Data Cloud","Which property needs to be added to the ALTER WAREHOUSE command to verify the additional compute resources for a virtual warehouse have been fully provisioned?","Enunciado, alternativas y clave contrastados; explicación actualizada.","https://docs.snowflake.com/en/sql-reference/sql/alter-warehouse","2026-09-21"
"622","corregir","verified","2.1","","editorial","Gestion de cuenta y Gobernanza","Gestion de cuenta y Gobernanza","Which are user authentication mechanisms rather than data encryption or object authorization? (Choose two.)","Reformulado para corregir alcance, ambigüedad o datos desactualizados; respuesta contrastada.","https://docs.snowflake.com/en/user-guide/security-mfa","2026-09-21"
"623","conservar_revisada","verified","4.4","","editorial","Carga, Descarga y Conectividad","Rendimiento, Consultas y Transformacion","What are the native data types that Snowflake provides to store semi-structured data? (Choose two.)","Enunciado, alternativas y clave contrastados; explicación actualizada.","https://docs.snowflake.com/en/sql-reference/data-types-semistructured","2026-09-21"
"624","conservar_revisada","verified","5.1","","editorial","Colaboracion y Proteccion de datos","Colaboracion y Proteccion de datos","How long is the Fail-safe period for recovering historical data from permanent tables?","Enunciado, alternativas y clave contrastados; explicación actualizada.","https://docs.snowflake.com/en/user-guide/data-failsafe","2026-09-21"
"625","conservar_revisada","verified","1.5","","editorial","Rendimiento, Consultas y Transformacion","Arquitectura y Data Cloud","What does the average_overlaps in the output of SYSTEM$CLUSTERING_INFORMATION refer to?","Enunciado, alternativas y clave contrastados; explicación actualizada.","https://docs.snowflake.com/en/sql-reference/functions/system_clustering_information","2026-09-21"
"626","apartar","quarantine","","1.4","provisional","Rendimiento, Consultas y Transformacion","Arquitectura y Data Cloud","If queries start to queue in a multi-cluster virtual warehouse, an additional compute cluster starts immediately under what setting?","Pendiente prioritaria por formulación absoluta, comportamiento cambiante, respuesta sospechosa o escenario incompleto. Se excluye hasta contrastar las condiciones.","https://docs.snowflake.com/en/user-guide/warehouses-multicluster.html",""
"627","apartar","quarantine","","3.1","provisional","Carga, Descarga y Conectividad","Carga, Descarga y Conectividad","When floating-point number columns are unloaded to CSV or JSON files, Snowflake truncates the values to approximately what? A. (12,2) B. (10,4) C. (14,8) D. (15,9)","Precisión de coma flotante expresada como par precisión/escala; enunciado y opciones requieren revisión.","https://docs.snowflake.com/en/user-guide/data-unload-considerations#floating-point-numbers-truncated",""
"628","apartar","quarantine","","2.1","provisional","Colaboracion y Proteccion de datos","Gestion de cuenta y Gobernanza","By definition, a secure view is exposed only to users with what privilege?","Confunde acceso a datos de una vista segura, definición y privilegios de visibilidad adicionales.","https://docs.snowflake.com/en/user-guide/views-secure.html",""
"629","apartar","quarantine","","1.2","provisional","Gestion de cuenta y Gobernanza","Arquitectura y Data Cloud","What happens when a user exits Snowsight during a session that a query is running?","Pendiente prioritaria por formulación absoluta, comportamiento cambiante, respuesta sospechosa o escenario incompleto. Se excluye hasta contrastar las condiciones.","https://docs.snowflake.com/en/user-guide/session-policies#snowsight-sessions",""
"630","conservar_revisada","verified","4.4","","editorial","Carga, Descarga y Conectividad","Rendimiento, Consultas y Transformacion","Which native data types are used for storing semi-structured data in Snowflake? (Choose two.)","Enunciado, alternativas y clave contrastados; explicación actualizada.","https://docs.snowflake.com/en/sql-reference/data-types-semistructured","2026-09-21"
"631","conservar_revisada","verified","3.1","","editorial","Carga, Descarga y Conectividad","Carga, Descarga y Conectividad","Which columns are available in the output of a Snowflake directory table? (Choose two.)","Enunciado, alternativas y clave contrastados; explicación actualizada.","https://docs.snowflake.com/en/user-guide/data-load-dirtables-query","2026-09-21"
"632","conservar_revisada","verified","3.3","","editorial","Gestion de cuenta y Gobernanza","Carga, Descarga y Conectividad","What is used to diagnose and troubleshoot network connections to Snowflake?","Enunciado, alternativas y clave contrastados; explicación actualizada.","https://docs.snowflake.com/en/user-guide/snowcd","2026-09-21"
"633","archivar","archived","","3.2","provisional","Rendimiento, Consultas y Transformacion","Carga, Descarga y Conectividad","What Snowflake object records Data Manipulation Language (DML) changes so that actions can be taken using the changed data?","Repite la función de los streams, conservada en ID 612 de esta tanda.","https://docs.snowflake.com/en/user-guide/streams.html","2026-09-21"
"634","conservar_revisada","verified","3.1","","editorial","Carga, Descarga y Conectividad","Carga, Descarga y Conectividad","By default, the COPY INTO statement will separate table data into a set of output files to take advantage of which Snowflake feature?","Enunciado, alternativas y clave contrastados; explicación actualizada.","https://docs.snowflake.com/en/sql-reference/sql/copy-into-location","2026-09-21"
"635","conservar_revisada","verified","2.1","","editorial","Gestion de cuenta y Gobernanza","Gestion de cuenta y Gobernanza","Which command allows you to view the allowed and blocked IP list of a network policy?","Enunciado, alternativas y clave contrastados; explicación actualizada.","https://docs.snowflake.com/en/sql-reference/sql/desc-network-policy","2026-09-21"
"636","conservar_revisada","verified","3.1","","editorial","Carga, Descarga y Conectividad","Carga, Descarga y Conectividad","Which file functions are non-deterministic? (Choose two.)","Enunciado, alternativas y clave contrastados; explicación actualizada.","https://docs.snowflake.com/en/sql-reference/functions-file","2026-09-21"
"637","corregir","verified","4.2","","editorial","Rendimiento, Consultas y Transformacion","Rendimiento, Consultas y Transformacion","Which features can improve selective access to a large standard native analytical table when justified by its workload? (Choose two.)","Reformulado para corregir alcance, ambigüedad o datos desactualizados; respuesta contrastada.","https://docs.snowflake.com/en/user-guide/search-optimization-service","2026-09-21"
"638","apartar","quarantine","","2.1","provisional","Gestion de cuenta y Gobernanza","Gestion de cuenta y Gobernanza","What is the MINIMUM role required to set the value for the parameter ENABLE_ACCOUNT_DATABASE_REPLICATION?","Pendiente prioritaria por formulación absoluta, comportamiento cambiante, respuesta sospechosa o escenario incompleto. Se excluye hasta contrastar las condiciones.","https://docs.snowflake.com/en/user-guide/account-replication-config#prerequisite-enable-replication-for-accounts-in-the-organization",""
"639","conservar_revisada","verified","3.1","","editorial","Carga, Descarga y Conectividad","Carga, Descarga y Conectividad","Which file format will keep floating-point numbers from being truncated when data is unloaded?","Enunciado, alternativas y clave contrastados; explicación actualizada.","https://docs.snowflake.com/en/user-guide/data-unload-considerations","2026-09-21"
"640","conservar_revisada","verified","4.4","","editorial","Carga, Descarga y Conectividad","Rendimiento, Consultas y Transformacion","A user has semi-structured data to load into Snowflake but is not sure what types of operations will need to be performed on the data. Based on this situation, what type of column does Snowflake recommend be used?","Enunciado, alternativas y clave contrastados; explicación actualizada.","https://docs.snowflake.com/en/sql-reference/data-types-semistructured","2026-09-21"
"641","corregir","verified","4.1","","editorial","Rendimiento, Consultas y Transformacion","Rendimiento, Consultas y Transformacion","Which Information Schema table function provides aggregate warehouse-load measures such as AVG_QUEUED_LOAD?","Reformulado para corregir alcance, ambigüedad o datos desactualizados; respuesta contrastada.","https://docs.snowflake.com/en/sql-reference/functions/warehouse_load_history","2026-09-21"
"642","apartar","quarantine","","3.1","provisional","Colaboracion y Proteccion de datos","Carga, Descarga y Conectividad","Which Snowflake object can be created to be temporary?","Pendiente prioritaria por formulación absoluta, comportamiento cambiante, respuesta sospechosa o escenario incompleto. Se excluye hasta contrastar las condiciones.","https://docs.snowflake.com/en/sql-reference/sql/create-stage.html",""
"643","conservar_revisada","verified","3.2","","editorial","Rendimiento, Consultas y Transformacion","Carga, Descarga y Conectividad","Which stream type can be used for tracking the records in external tables?","Enunciado, alternativas y clave contrastados; explicación actualizada.","https://docs.snowflake.com/en/sql-reference/sql/create-stream","2026-09-21"
"644","conservar_revisada","verified","3.1","","editorial","Carga, Descarga y Conectividad","Carga, Descarga y Conectividad","What is the recommended approach for unloading data to a cloud storage location from Snowflake?","Enunciado, alternativas y clave contrastados; explicación actualizada.","https://docs.snowflake.com/en/sql-reference/sql/copy-into-location","2026-09-21"
"645","corregir","verified","3.1","","editorial","Carga, Descarga y Conectividad","Carga, Descarga y Conectividad","From which kind of stage does the GET command download files to a local client?","Original enunciado incorrectly extended GET to external stages.","https://docs.snowflake.com/en/sql-reference/sql/get","2026-09-21"
"646","conservar_revisada","verified","1.3","","editorial","Rendimiento, Consultas y Transformacion","Arquitectura y Data Cloud","A tabular User-Defined Function (UDF) is defined by specifying a return clause that contains which keyword?","Enunciado, alternativas y clave contrastados; explicación actualizada.","https://docs.snowflake.com/en/sql-reference/sql/create-function","2026-09-21"
"647","corregir","verified","1.4","","editorial","Rendimiento, Consultas y Transformacion","Arquitectura y Data Cloud","Which operation uses warehouse compute rather than being an ordinary metadata-only operation on a standard native table?","Reformulado para corregir alcance, ambigüedad o datos desactualizados; respuesta contrastada.","https://docs.snowflake.com/en/user-guide/warehouses-considerations","2026-09-21"
"648","corregir","verified","3.3","","editorial","Carga, Descarga y Conectividad","Carga, Descarga y Conectividad","Which REST endpoint family retrieves a staged file using an appropriate Snowflake file URL or scoped URL?","Reformulado para corregir alcance, ambigüedad o datos desactualizados; respuesta contrastada.","https://docs.snowflake.com/en/user-guide/data-load-unstructured-rest-api","2026-09-21"
"649","conservar_revisada","verified","3.1","","editorial","Carga, Descarga y Conectividad","Carga, Descarga y Conectividad","Which query contains a Snowflake hosted file URL in a directory table for a stage named bronzestage?","Enunciado, alternativas y clave contrastados; explicación actualizada.","https://docs.snowflake.com/en/user-guide/data-load-dirtables-query","2026-09-21"
"650","apartar","quarantine","","2.1","provisional","Gestion de cuenta y Gobernanza","Gestion de cuenta y Gobernanza","Which feature is integrated to support Multi-Factor Authentication (MFA) at Snowflake?","Pendiente prioritaria por formulación absoluta, comportamiento cambiante, respuesta sospechosa o escenario incompleto. Se excluye hasta contrastar las condiciones.","https://docs.snowflake.com/en/user-guide/security-mfa",""
"651","conservar_revisada","verified","1.1","","editorial","Arquitectura y Data Cloud","Arquitectura y Data Cloud","In which Snowflake layer does Snowflake reorganize data into its internal optimized, compressed, columnar format?","Enunciado, alternativas y clave contrastados; explicación actualizada.","https://docs.snowflake.com/en/user-guide/intro-key-concepts","2026-09-21"
"652","conservar_revisada","verified","1.3","","editorial","Rendimiento, Consultas y Transformacion","Arquitectura y Data Cloud","When can user session variables be accessed in a Snowflake scripting procedure?","Enunciado, alternativas y clave contrastados; explicación actualizada.","https://docs.snowflake.com/en/developer-guide/stored-procedure/stored-procedures-rights","2026-09-21"
"653","conservar_revisada","verified","1.6","","editorial","Rendimiento, Consultas y Transformacion","Arquitectura y Data Cloud","What computer language can be selected when creating User-Defined Functions (UDFs) using the Snowpark API?","Enunciado, alternativas y clave contrastados; explicación actualizada.","https://docs.snowflake.com/en/developer-guide/snowpark/index","2026-09-21"
"654","apartar","quarantine","","2.3","provisional","Carga, Descarga y Conectividad","Gestion de cuenta y Gobernanza","A user needs to ingest 1 GB of data that is available in an external stage using a COPY INTO command. How can this be done with MAXIMUM performance and the LEAST cost?","Pendiente prioritaria por formulación absoluta, comportamiento cambiante, respuesta sospechosa o escenario incompleto. Se excluye hasta contrastar las condiciones.","https://docs.snowflake.com/en/user-guide/data-load-considerations-prepare.html",""
"655","conservar_revisada","verified","4.4","","editorial","Rendimiento, Consultas y Transformacion","Rendimiento, Consultas y Transformacion","A Snowflake user has two tables that contain numeric values and is trying to find out which values are present in both tables. Which set operator should be used?","Enunciado, alternativas y clave contrastados; explicación actualizada.","https://docs.snowflake.com/en/sql-reference/operators-query","2026-09-21"
"656","apartar","quarantine","","1.5","provisional","Rendimiento, Consultas y Transformacion","Arquitectura y Data Cloud","A view is defined on a permanent table. A temporary table with the same name is created in the same schema as the referenced table. What will the query from the view return?","Pendiente prioritaria por formulación absoluta, comportamiento cambiante, respuesta sospechosa o escenario incompleto. Se excluye hasta contrastar las condiciones.","https://docs.snowflake.com/en/sql-reference/sql/create-view.html",""
"657","conservar_revisada","verified","3.1","","editorial","Carga, Descarga y Conectividad","Carga, Descarga y Conectividad","Which file function generates a Snowflake-hosted file URL to a staged file using the stage name and relative file path as inputs?","Enunciado, alternativas y clave contrastados; explicación actualizada.","https://docs.snowflake.com/en/sql-reference/functions/build_stage_file_url","2026-09-21"
"658","archivar","archived","","4.2","provisional","Rendimiento, Consultas y Transformacion","Rendimiento, Consultas y Transformacion","Which service or feature in Snowflake is used to improve the performance of certain types of lookup and analytical queries that use an extensive set of WHERE conditions?","Repite la identificación del search optimization service para búsquedas selectivas, ya contrastada en IDs 144, 221, 414 y 3043.","https://docs.snowflake.com/en/user-guide/search-optimization-service.html","2026-09-21"
"659","archivar","archived","","1.2","provisional","Gestion de cuenta y Gobernanza","Arquitectura y Data Cloud","What is the name of the SnowSQL file that can store connection information?","SnowSQL es un cliente heredado que no figura en la guía COF-C03, y la clave es ambigua: los archivos snowsql.cnf también son ubicaciones de configuración documentadas.","https://docs.snowflake.com/en/user-guide/snowsql-config.html","2026-09-21"
"660","apartar","quarantine","","","provisional","Colaboracion y Proteccion de datos","Arquitectura y Data Cloud","How do secure views compare to non-secure views in Snowflake?","Pendiente prioritaria por formulación absoluta, comportamiento cambiante, respuesta sospechosa o escenario incompleto. Se excluye hasta contrastar las condiciones.","https://docs.snowflake.com/en/user-guide/views-secure.html",""
"661","apartar","quarantine","","","provisional","Rendimiento, Consultas y Transformacion","Arquitectura y Data Cloud","Which type of join will list all rows in the specified table, even if those rows have no match in the other table?","Pendiente prioritaria por formulación absoluta, comportamiento cambiante, respuesta sospechosa o escenario incompleto. Se excluye hasta contrastar las condiciones.","https://docs.snowflake.com/en/user-guide/querying-joins#types-of-joins",""
"662","apartar","quarantine","","3.1","provisional","Carga, Descarga y Conectividad","Carga, Descarga y Conectividad","When unloading data to an external stage, what is the MAXIMUM file size supported?","Pendiente prioritaria por formulación absoluta, comportamiento cambiante, respuesta sospechosa o escenario incompleto. Se excluye hasta contrastar las condiciones.","https://docs.snowflake.com/en/user-guide/data-unload-considerations#unloading-to-a-single-file",""
"663","conservar_revisada","verified","2.2","","editorial","Colaboracion y Proteccion de datos","Gestion de cuenta y Gobernanza","How long does Snowflake retain information in the ACCESS_HISTORY view?","Enunciado, alternativas y clave contrastados; explicación actualizada.","https://docs.snowflake.com/en/sql-reference/account-usage/access_history","2026-09-21"
"664","apartar","quarantine","","2.2","provisional","Colaboracion y Proteccion de datos","Gestion de cuenta y Gobernanza","Which encryption type will enable client-side encryption for a directory table?","Pendiente prioritaria por formulación absoluta, comportamiento cambiante, respuesta sospechosa o escenario incompleto. Se excluye hasta contrastar las condiciones.","https://docs.snowflake.com/en/sql-reference/sql/create-stage#internal-stage-parameters-internalstageparams",""
"665","conservar_revisada","verified","3.1","","editorial","Carga, Descarga y Conectividad","Carga, Descarga y Conectividad","If file format options are specified in multiple locations, the load operation selects which option FIRST to apply in order of precedence?","Enunciado, alternativas y clave contrastados; explicación actualizada.","https://docs.snowflake.com/en/user-guide/data-load-prepare","2026-09-21"
"666","apartar","quarantine","","4.1","provisional","Rendimiento, Consultas y Transformacion","Rendimiento, Consultas y Transformacion","A complex SQL query involving eight tables with joins is taking a while to execute. The Query Profile shows that all partitions are being scanned. What is causing the query performance issue?","Pendiente prioritaria por formulación absoluta, comportamiento cambiante, respuesta sospechosa o escenario incompleto. Se excluye hasta contrastar las condiciones.","https://docs.snowflake.com/en/user-guide/ui-query-profile#inefficient-pruning",""
"667","apartar","quarantine","","2.2","provisional","Rendimiento, Consultas y Transformacion","Gestion de cuenta y Gobernanza","What does Snowflake's search optimization service support?","Pendiente prioritaria por formulación absoluta, comportamiento cambiante, respuesta sospechosa o escenario incompleto. Se excluye hasta contrastar las condiciones.","https://docs.snowflake.com/en/user-guide/search-optimization/queries-that-benefit#queries-that-do-not-benefit-from-search-optimization",""
"668","apartar","quarantine","","5.1","provisional","Colaboracion y Proteccion de datos","Colaboracion y Proteccion de datos","Which table type is no longer available after the close of the session and therefore has no Fail-safe or Time Travel recovery option?","Pendiente prioritaria por formulación absoluta, comportamiento cambiante, respuesta sospechosa o escenario incompleto. Se excluye hasta contrastar las condiciones.","https://docs.snowflake.com/en/user-guide/tables-temp-transient.html#temporary-tables",""
"669","conservar_revisada","verified","2.1","","editorial","Gestion de cuenta y Gobernanza","Gestion de cuenta y Gobernanza","How many network policies can be assigned to an account or specific user at a time?","Enunciado, alternativas y clave contrastados; explicación actualizada.","https://docs.snowflake.com/en/user-guide/network-policies","2026-09-21"
"670","conservar_revisada","verified","2.2","","editorial","Colaboracion y Proteccion de datos","Gestion de cuenta y Gobernanza","What is a characteristic of a tag associated with a masking policy?","Enunciado, alternativas y clave contrastados; explicación actualizada.","https://docs.snowflake.com/en/user-guide/tag-based-masking-policies","2026-09-21"
"671","apartar","quarantine","","3.3","provisional","Gestion de cuenta y Gobernanza","Carga, Descarga y Conectividad","Which clients does Snowflake support Multi-Factor Authentication (MFA) token caching for? (Choose two.)","Pendiente prioritaria por formulación absoluta, comportamiento cambiante, respuesta sospechosa o escenario incompleto. Se excluye hasta contrastar las condiciones.","https://docs.snowflake.com/en/user-guide/security-mfa#using-mfa-token-caching-to-minimize-the-number-of-prompts-during-authentication-optional",""
"672","apartar","quarantine","","","provisional","Carga, Descarga y Conectividad","Arquitectura y Data Cloud","What is the Snowflake recommended Parquet file size when querying from external tables to optimize the number of parallel scanning operations?","Pendiente prioritaria por formulación absoluta, comportamiento cambiante, respuesta sospechosa o escenario incompleto. Se excluye hasta contrastar las condiciones.","https://docs.snowflake.com/en/user-guide/tables-external-intro#general-file-sizing-recommendations",""
"673","archivar","archived","","4.4","provisional","Carga, Descarga y Conectividad","Rendimiento, Consultas y Transformacion","Which data types can be used in a Snowflake table that holds semi-structured data? (Choose two.)","Repite ARRAY y VARIANT como tipos para datos semiestructurados, ya contrastado en ID 623.","https://docs.snowflake.com/sql-reference/data-types-semistructured","2026-09-21"
"674","apartar","quarantine","","","provisional","Rendimiento, Consultas y Transformacion","Arquitectura y Data Cloud","Which constraint is enforced in Snowflake?","Pendiente prioritaria por formulación absoluta, comportamiento cambiante, respuesta sospechosa o escenario incompleto. Se excluye hasta contrastar las condiciones.","https://docs.snowflake.com/en/sql-reference/constraints-overview#supported-constraint-types",""
"675","archivar","archived","","1.2","provisional","Arquitectura y Data Cloud","Arquitectura y Data Cloud","Which pages are included in the Activity area of Snowsight? (Choose two.)","Memoriza páginas del antiguo área Activity de Snowsight, que hoy figura como Monitoring; mismo criterio que ID 476.","https://docs.snowflake.com/en/user-guide/ui-snowsight-quick-tour#activity-pages","2026-09-21"
"676","archivar","archived","","1.4","provisional","Rendimiento, Consultas y Transformacion","Arquitectura y Data Cloud","When should a user consider disabling auto-suspend for a virtual warehouse? (Choose two.)","Repite cuándo evitar la suspensión automática (carga estable y sin latencia de reanudación), ya contrastado en ID 76.","https://docs.snowflake.com/en/user-guide/warehouses-considerations#automating-warehouse-suspension","2026-09-21"
"677","archivar","archived","","1.2","provisional","Arquitectura y Data Cloud","Arquitectura y Data Cloud","What can a Snowflake user do in the Activity section in Snowsight?","Depende del antiguo área Activity de Snowsight (hoy Monitoring); el análisis de consultas ya se evalúa con preguntas funcionales de Query History y Query Profile.","https://docs.snowflake.com/en/user-guide/ui-snowsight-quick-tour#activity-pages","2026-09-21"
"678","conservar_revisada","verified","1.1","","editorial","Carga, Descarga y Conectividad","Arquitectura y Data Cloud","How does Snowflake reorganize data when it is loaded? (Choose two.)","Enunciado, alternativas y clave contrastados; explicación actualizada.","https://docs.snowflake.com/en/user-guide/intro-key-concepts","2026-09-21"
"679","archivar","archived","","2.1","provisional","Arquitectura y Data Cloud","Gestion de cuenta y Gobernanza","Which operations are handled in the Cloud Services layer of Snowflake? (Choose two.)","Repite seguridad y gestión de metadatos como servicios de cloud services, ya contrastado en IDs 152 y 215.","https://docs.snowflake.com/en/user-guide/intro-key-concepts#snowflake-architecture","2026-09-21"
"680","duplicado","archived","","2.2","provisional","Colaboracion y Proteccion de datos","Gestion de cuenta y Gobernanza","At which point is data encrypted when using a PUT command?","Mismo enunciado, opciones y respuestas que 570 (ignorando orden).","https://docs.snowflake.com/en/sql-reference/sql/put#usage-notes",""
"681","apartar","quarantine","","4.2","provisional","Rendimiento, Consultas y Transformacion","Rendimiento, Consultas y Transformacion","What type of columns does Snowflake recommend to be used as clustering keys? (Choose two.)","Pendiente prioritaria por formulación absoluta, comportamiento cambiante, respuesta sospechosa o escenario incompleto. Se excluye hasta contrastar las condiciones.","https://docs.snowflake.com/en/user-guide/tables-clustering-keys#strategies-for-selecting-clustering-keys",""
"682","conservar_revisada","verified","1.3","","editorial","Arquitectura y Data Cloud","Arquitectura y Data Cloud","Which objects together comprise a namespace in Snowflake? (Choose two.)","Enunciado, alternativas y clave contrastados; explicación actualizada.","https://docs.snowflake.com/en/sql-reference/ddl-database","2026-09-21"
"683","archivar","archived","","4.1","provisional","Rendimiento, Consultas y Transformacion","Rendimiento, Consultas y Transformacion","What statistical information in a Query Profile indicates that the query is too large to fit in memory? (Choose two.)","Repite el derrame a almacenamiento local o remoto como señal de falta de memoria, ya contrastado en IDs 143, 282 y 413.","https://docs.snowflake.com/en/user-guide/ui-query-profile#queries-too-large-to-fit-in-memory","2026-09-21"
"684","apartar","quarantine","","5.2","provisional","Colaboracion y Proteccion de datos","Colaboracion y Proteccion de datos","How do Snowflake data providers share data that resides in different databases?","Pendiente prioritaria por formulación absoluta, comportamiento cambiante, respuesta sospechosa o escenario incompleto. Se excluye hasta contrastar las condiciones.","https://docs.snowflake.com/en/user-guide/data-sharing-multiple-db",""
"685","conservar_revisada","verified","3.1","","editorial","Carga, Descarga y Conectividad","Carga, Descarga y Conectividad","What operations can be performed while loading a simple CSV file into a Snowflake table using the COPY INTO command? (Choose two.)","Enunciado, alternativas y clave contrastados; explicación actualizada.","https://docs.snowflake.com/en/user-guide/data-load-transform","2026-09-21"
"686","apartar","quarantine","","","provisional","Rendimiento, Consultas y Transformacion","Arquitectura y Data Cloud","Which commands support a multiple-statement request to access and update Snowflake data? (Choose two.)","Pendiente prioritaria por formulación absoluta, comportamiento cambiante, respuesta sospechosa o escenario incompleto. Se excluye hasta contrastar las condiciones.","https://docs.snowflake.com/en/sql-reference/commands-transaction",""
"687","archivar","archived","","","provisional","Colaboracion y Proteccion de datos","Arquitectura y Data Cloud","Why should a Snowflake user implement a secure view? (Choose two.)","Repite los motivos para usar vistas seguras (proteger datos sensibles y ocultar la definición), ya contrastados en ID 586.","https://docs.snowflake.com/en/user-guide/views-secure.html","2026-09-21"
"688","conservar_revisada","verified","2.3","","editorial","Rendimiento, Consultas y Transformacion","Gestion de cuenta y Gobernanza","At what levels can a resource monitor be configured? (Choose two.)","Enunciado, alternativas y clave contrastados; explicación actualizada.","https://docs.snowflake.com/en/user-guide/resource-monitors","2026-09-21"
"689","archivar","archived","","1.2","provisional","Gestion de cuenta y Gobernanza","Arquitectura y Data Cloud","What activities can be monitored by a user directly from Snowsight's Activity tab without using the Account_Usage views? (Choose two.)","Depende del antiguo área Activity de Snowsight (hoy Monitoring) y de qué vistas ofrece la interfaz, que cambian con el tiempo; mismo criterio que ID 476.","https://docs.snowflake.com/en/user-guide/ui-snowsight-quick-tour#activity-pages","2026-09-21"
"690","corregir","verified","4.1","","editorial","Rendimiento, Consultas y Transformacion","Rendimiento, Consultas y Transformacion","A user selects an executed query in Snowsight Query History to open its Query Details. Which information is available there?","El original confundía la sección de detalles con Query Profile y usaba como distractor el rol, dato que la documentación no sitúa en Query Details; reformulado sobre la información documentada.","https://docs.snowflake.com/en/user-guide/ui-snowsight-activity","2026-09-21"
"691","apartar","quarantine","","4.4","provisional","Carga, Descarga y Conectividad","Rendimiento, Consultas y Transformacion","How can a Snowflake user access a JSON object, given the following table? (Choose two.)","Falta imagen, tabla o configuración citada por el enunciado; no se puede resolver de forma autónoma.","https://docs.snowflake.com/en/user-guide/querying-semistructured#traversing-semi-structured-data",""
"692","conservar_revisada","verified","4.1","","editorial","Rendimiento, Consultas y Transformacion","Rendimiento, Consultas y Transformacion","Which term is used to describe information about disk usage for operations where intermediate results cannot be accommodated in a Snowflake virtual warehouse memory?","Enunciado, alternativas y clave contrastados; explicación actualizada.","https://docs.snowflake.com/en/user-guide/performance-query-warehouse-memory","2026-09-21"
"693","conservar_revisada","verified","5.2","","editorial","Colaboracion y Proteccion de datos","Colaboracion y Proteccion de datos","There are two Snowflake accounts in the same cloud provider region: one is production and the other is non-production. How can data be easily transferred from the production account to the non-production account?","Enunciado, alternativas y clave contrastados; explicación actualizada.","https://docs.snowflake.com/en/user-guide/data-sharing-intro","2026-09-21"
"694","apartar","quarantine","","3.1","provisional","Carga, Descarga y Conectividad","Carga, Descarga y Conectividad","A user is unloading data to a stage using this command: copy into @message from (select object_construct('id', 1, 'first_name', 'Snowflake', 'last_name', 'User', 'city', 'Bozeman')) file_format = (type = json) What will the output file in the stage be?","Pendiente prioritaria por formulación absoluta, comportamiento cambiante, respuesta sospechosa o escenario incompleto. Se excluye hasta contrastar las condiciones.","https://docs.snowflake.com/en/user-guide/data-unload-considerations#unloading-a-relational-table-to-json",""
"695","conservar_revisada","verified","4.4","","editorial","Rendimiento, Consultas y Transformacion","Rendimiento, Consultas y Transformacion","A JSON file that contains lots of dates and arrays needs to be processed in Snowflake. The user wants to ensure optimal performance while querying the data. How can this be achieved?","Enunciado, alternativas y clave contrastados; explicación actualizada.","https://docs.snowflake.com/en/user-guide/semistructured-considerations","2026-09-21"
"696","conservar_revisada","verified","1.3","","editorial","Rendimiento, Consultas y Transformacion","Arquitectura y Data Cloud","When referring to User-Defined Function (UDF) names in Snowflake, what does the term overloading mean?","Enunciado, alternativas y clave contrastados; explicación actualizada.","https://docs.snowflake.com/en/developer-guide/udf-stored-procedure-naming-conventions","2026-09-21"
"697","apartar","quarantine","","2.2","provisional","Colaboracion y Proteccion de datos","Gestion de cuenta y Gobernanza","Which key governance feature in Snowflake allows users to identify data objects that contain sensitive data and their related objects?","Pendiente prioritaria por formulación absoluta, comportamiento cambiante, respuesta sospechosa o escenario incompleto. Se excluye hasta contrastar las condiciones.","https://docs.snowflake.com/en/user-guide/object-tagging.html",""
"698","apartar","quarantine","","1.2","provisional","Arquitectura y Data Cloud","Arquitectura y Data Cloud","What can a Snowflake user do in the Admin area of Snowsight?","Pendiente prioritaria por formulación absoluta, comportamiento cambiante, respuesta sospechosa o escenario incompleto. Se excluye hasta contrastar las condiciones.","https://docs.snowflake.com/en/user-guide/ui-snowsight-admin",""
"699","archivar","archived","","3.1","provisional","Carga, Descarga y Conectividad","Carga, Descarga y Conectividad","Which function generates a Snowflake hosted file URL to a staged file using the stage name and relative file path as inputs?","Duplica ID 657 con un distractor ambiguo: BUILD_SCOPED_FILE_URL también genera una URL de Snowflake a partir del stage y la ruta relativa.","https://docs.snowflake.com/en/sql-reference/functions/build_stage_file_url","2026-09-21"
"700","archivar","archived","","3.1","provisional","Rendimiento, Consultas y Transformacion","Carga, Descarga y Conectividad","What is the purpose of using the OBJECT_CONSTRUCT function with the COPY INTO command?","Repite OBJECT_CONSTRUCT para descargar datos relacionales como JSON, ya contrastado en ID 517 (mismo criterio que ID 554).","https://docs.snowflake.com/en/user-guide/data-unload-considerations#unloading-a-relational-table-to-json","2026-09-21"
"701","archivar","archived","","","provisional","Colaboracion y Proteccion de datos","Arquitectura y Data Cloud","Which URL provides access to files in Snowflake without authorization?","Repite la URL prefirmada como acceso sin autenticación, ya contrastada en ID 388.","https://docs.snowflake.com/en/user-guide/unstructured-intro#types-of-urls-available-to-access-files","2026-09-21"
"702","conservar_revisada","verified","4.4","","editorial","Carga, Descarga y Conectividad","Rendimiento, Consultas y Transformacion","What type of NULL values are supported in semi-structured data? (Choose two.)","Enunciado, alternativas y clave contrastados; explicación actualizada.","https://docs.snowflake.com/en/user-guide/semistructured-considerations","2026-09-21"
"703","corregir","verified","1.5","","editorial","Carga, Descarga y Conectividad","Arquitectura y Data Cloud","What are characteristics of transient tables in Snowflake? (Choose two.)","Sustituido el distractor sobre clonar tablas transitorias como permanentes: la documentación vigente no enuncia esa regla para tablas estándar. Claves conservadas.","https://docs.snowflake.com/en/user-guide/tables-temp-transient","2026-09-21"
"704","apartar","quarantine","","4.4","provisional","Arquitectura y Data Cloud","Rendimiento, Consultas y Transformacion","The INFORMATION_SCHEMA included in each database contains which objects? (Choose two.)","Generaliza el alcance de todas las vistas de INFORMATION_SCHEMA a toda la cuenta.","https://docs.snowflake.com/en/sql-reference/info-schema#what-is-information-schema",""
"705","archivar","archived","","4.2","provisional","Rendimiento, Consultas y Transformacion","Rendimiento, Consultas y Transformacion","The use of which technique or tool will improve Snowflake query performance on very large tables?","Repite las claves de clustering para tablas muy grandes (IDs 1, 186 y 305) y admite otra respuesta plausible: las vistas materializadas también pueden acelerar consultas.","https://docs.snowflake.com/en/user-guide/tables-clustering-keys.html","2026-09-21"
"706","archivar","archived","","1.4","provisional","Arquitectura y Data Cloud","Arquitectura y Data Cloud","Which Snowflake layer is associated with virtual warehouses?","Repite la capa de cómputo a la que pertenecen los warehouses, ya contrastada en ID 424.","https://docs.snowflake.com/en/user-guide/intro-key-concepts#snowflake-architecture","2026-09-21"
"707","apartar","quarantine","","2.1","provisional","Gestion de cuenta y Gobernanza","Gestion de cuenta y Gobernanza","Which MINIMUM set of privileges is required to temporarily bypass an active network policy by configuring the user object property MINS_TO_BYPASS_NETWORK_POLICY?","Pendiente prioritaria por formulación absoluta, comportamiento cambiante, respuesta sospechosa o escenario incompleto. Se excluye hasta contrastar las condiciones.","https://docs.snowflake.com/en/user-guide/network-policies#bypassing-a-network-policy",""
"708","apartar","quarantine","","3.3","provisional","Carga, Descarga y Conectividad","Carga, Descarga y Conectividad","What authentication method does the Kafka connector use within Snowflake?","Pendiente prioritaria por formulación absoluta, comportamiento cambiante, respuesta sospechosa o escenario incompleto. Se excluye hasta contrastar las condiciones.","https://docs.snowflake.com/en/user-guide/kafka-connector-install#using-key-pair-authentication-key-rotation",""
"709","corregir","verified","4.4","","editorial","Rendimiento, Consultas y Transformacion","Rendimiento, Consultas y Transformacion","What does SPLIT_TO_TABLE do?","Original answer said columns rather than rows.","https://docs.snowflake.com/en/sql-reference/functions/split_to_table","2026-09-21"
"710","archivar","archived","","5.1","provisional","Colaboracion y Proteccion de datos","Colaboracion y Proteccion de datos","What feature of Snowflake Continuous Data Protection can be used for maintenance of historical data?","Repite Time Travel como acceso a datos históricos (ID 136); además, «mantenimiento de datos históricos» también podría atribuirse a Fail-safe.","https://docs.snowflake.com/en/user-guide/data-time-travel.html","2026-09-21"
"711","apartar","quarantine","","4.1","provisional","Rendimiento, Consultas y Transformacion","Rendimiento, Consultas y Transformacion","What aspect of an executed query is represented by the remote disk I/O statistic of the Query Profile in Snowflake?","Pendiente prioritaria por formulación absoluta, comportamiento cambiante, respuesta sospechosa o escenario incompleto. Se excluye hasta contrastar las condiciones.","https://docs.snowflake.com/en/user-guide/ui-query-profile#execution-time",""
"712","archivar","archived","","1.4","provisional","Rendimiento, Consultas y Transformacion","Arquitectura y Data Cloud","What action can a user take to address query concurrency issues?","Repite los warehouses multiclúster para resolver concurrencia, ya contrastados en IDs 201, 597 y 614.","https://docs.snowflake.com/en/user-guide/warehouses-multicluster.html","2026-09-21"
"713","conservar_revisada","verified","5.1","","editorial","Gestion de cuenta y Gobernanza","Colaboracion y Proteccion de datos","What does the client redirect feature in Snowflake enable?","Enunciado, alternativas y clave contrastados; explicación actualizada.","https://docs.snowflake.com/en/user-guide/client-redirect","2026-09-21"
"714","conservar_revisada","verified","2.2","","editorial","Colaboracion y Proteccion de datos","Gestion de cuenta y Gobernanza","Which Snowflake feature can be used to find sensitive data in a table or column?","Enunciado, alternativas y clave contrastados; explicación actualizada.","https://docs.snowflake.com/en/user-guide/classify-intro","2026-09-21"
"715","conservar_revisada","verified","2.2","","editorial","Colaboracion y Proteccion de datos","Gestion de cuenta y Gobernanza","Which Snowflake feature allows a user to track sensitive data for compliance, discovery, protection, and resource usage?","Enunciado, alternativas y clave contrastados; explicación actualizada.","https://docs.snowflake.com/en/user-guide/object-tagging/introduction","2026-09-21"
"716","apartar","quarantine","","","provisional","Colaboracion y Proteccion de datos","Arquitectura y Data Cloud","Snowflake’s hierarchical key mode includes which keys? (Choose two.)","Pendiente prioritaria por formulación absoluta, comportamiento cambiante, respuesta sospechosa o escenario incompleto. Se excluye hasta contrastar las condiciones.","https://docs.snowflake.com/en/user-guide/security-encryption-manage#hierarchical-key-model",""
"717","conservar_revisada","verified","2.1","","editorial","Gestion de cuenta y Gobernanza","Gestion de cuenta y Gobernanza","What can the Snowflake SCIM API be used to manage? (Choose two.)","Enunciado, alternativas y clave contrastados; explicación actualizada.","https://docs.snowflake.com/en/user-guide/scim-intro","2026-09-21"
"718","apartar","quarantine","","2.1","provisional","Rendimiento, Consultas y Transformacion","Gestion de cuenta y Gobernanza","Which privilege is required to use the search optimization service in Snowflake?","Pendiente prioritaria por formulación absoluta, comportamiento cambiante, respuesta sospechosa o escenario incompleto. Se excluye hasta contrastar las condiciones.","https://docs.snowflake.com/en/user-guide/search-optimization/enabling",""
"719","conservar_revisada","verified","3.1","","editorial","Carga, Descarga y Conectividad","Carga, Descarga y Conectividad","What is generally the FASTEST way to bulk load data files from a stage?","Enunciado, alternativas y clave contrastados; explicación actualizada.","https://docs.snowflake.com/en/user-guide/data-load-considerations-load","2026-09-21"
"720","apartar","quarantine","","3.1","provisional","Carga, Descarga y Conectividad","Carga, Descarga y Conectividad","How does a Snowflake user extract the URL of a directory table on an external stage for further transformation?","Pendiente prioritaria por formulación absoluta, comportamiento cambiante, respuesta sospechosa o escenario incompleto. Se excluye hasta contrastar las condiciones.","https://docs.snowflake.com/en/sql-reference/functions/get_stage_location",""
"721","archivar","archived","","5.2","provisional","Colaboracion y Proteccion de datos","Colaboracion y Proteccion de datos","A Snowflake user needs to share unstructured data from an internal stage to a reporting tool that does not have Snowflake access. Which file function should be used?","Repite GET_PRESIGNED_URL para acceder a archivos sin cuenta de Snowflake, ya contrastado en ID 500.","https://docs.snowflake.com/en/user-guide/unstructured-intro","2026-09-21"
"722","apartar","quarantine","","2.3","provisional","Rendimiento, Consultas y Transformacion","Gestion de cuenta y Gobernanza","The use of which Snowflake table type will reduce costs when working with ETL workflows?","Pendiente prioritaria por formulación absoluta, comportamiento cambiante, respuesta sospechosa o escenario incompleto. Se excluye hasta contrastar las condiciones.","https://docs.snowflake.com/en/user-guide/tables-temp-transient.html#temporary-tables",""
"723","archivar","archived","","5.2","provisional","Colaboracion y Proteccion de datos","Colaboracion y Proteccion de datos","What is one of the characteristics of data shares?","Clave imprecisa: con SECURE_OBJECTS_ONLY = FALSE un share puede incluir vistas no seguras. La regla por defecto se reformula en ID 781 y el resto de afirmaciones ya se evalúa en IDs 228 y 379.","https://docs.snowflake.com/en/user-guide/data-sharing-intro.html","2026-09-21"
"724","apartar","quarantine","","1.3","provisional","Gestion de cuenta y Gobernanza","Arquitectura y Data Cloud","What is the MINIMUM configurable idle timeout value for a session policy in Snowflake?","Pendiente prioritaria por formulación absoluta, comportamiento cambiante, respuesta sospechosa o escenario incompleto. Se excluye hasta contrastar las condiciones.","https://docs.snowflake.com/en/sql-reference/sql/create-session-policy.html",""
"725","corregir","verified","3.1","","editorial","Carga, Descarga y Conectividad","Carga, Descarga y Conectividad","Which operation unloads a Snowflake table directly to a named external stage?","Removed incorrect requirement to follow an external unload with GET.","https://docs.snowflake.com/en/sql-reference/sql/copy-into-location","2026-09-21"
"726","archivar","archived","","1.5","provisional","Rendimiento, Consultas y Transformacion","Arquitectura y Data Cloud","What is a characteristic of materialized views in Snowflake?","Repite la limitación de las vistas materializadas a una sola tabla sin joins, ya contrastada en ID 212.","https://docs.snowflake.com/en/user-guide/views-materialized.html","2026-09-21"
"727","archivar","archived","","2.1","provisional","Carga, Descarga y Conectividad","Gestion de cuenta y Gobernanza","Which Snowflake URL type allows users or applications to download or access files directly from Snowflake stage without authentication?","Repite la URL prefirmada como acceso sin autenticación, ya contrastada en ID 388.","https://docs.snowflake.com/en/user-guide/unstructured-intro","2026-09-21"
"728","apartar","quarantine","","3.1","provisional","Carga, Descarga y Conectividad","Carga, Descarga y Conectividad","Which SQL command will download all the data files from an internal table stage named TBL_EMPLOYEE to a local window directory or folder on a client machine in a folder named folder with space within the C drive?","Pendiente prioritaria por formulación absoluta, comportamiento cambiante, respuesta sospechosa o escenario incompleto. Se excluye hasta contrastar las condiciones.","https://docs.snowflake.com/en/sql-reference/sql/get.html",""
"729","corregir","verified","3.1","","editorial","Carga, Descarga y Conectividad","Carga, Descarga y Conectividad","Which statement unloads all rows of table my_table into files in the named internal stage my_stage?","Sustituida una pseudosintaxis (COPY INTO @STAGE FROM TABLE) por sentencias reales; la nota del original advertía que era una versión inventada.","https://docs.snowflake.com/en/sql-reference/sql/copy-into-location","2026-09-21"
"730","apartar","quarantine","","4.4","provisional","Rendimiento, Consultas y Transformacion","Rendimiento, Consultas y Transformacion","How does a Snowflake stored procedure compare to a User-Defined Function (UDF)?","Afirma un máximo general de dos stored procedures por sentencia sin base suficiente.","https://docs.snowflake.com/en/developer-guide/stored-procedures-vs-udfs",""
"731","archivar","archived","","3.1","provisional","Carga, Descarga y Conectividad","Carga, Descarga y Conectividad","Which command should be used to unload all the rows from a table into one or more files in a named stage?","Repite COPY INTO para descargar filas de una tabla a un stage, ya contrastado en ID 584 y en la sintaxis corregida del ID 729.","https://docs.snowflake.com/en/sql-reference/sql/copy-into-location.html","2026-09-21"
"732","archivar","archived","","3.1","provisional","Carga, Descarga y Conectividad","Carga, Descarga y Conectividad","Which command is used to unload data from a table or move a query result to a stage?","Repite COPY INTO para descargar datos de una tabla o consulta a un stage, ya contrastado en ID 584.","https://docs.snowflake.com/en/sql-reference/sql/copy-into-location.html","2026-09-21"
"733","apartar","quarantine","","2.1","provisional","Colaboracion y Proteccion de datos","Gestion de cuenta y Gobernanza","What privileges are necessary for a consumer in the Data Exchange to make a request and receive data? (Choose two.)","Pendiente prioritaria por formulación absoluta, comportamiento cambiante, respuesta sospechosa o escenario incompleto. Se excluye hasta contrastar las condiciones.","https://other-docs.snowflake.com/en/collaboration/consumer-becoming",""
"734","apartar","quarantine","","1.6","provisional","Arquitectura y Data Cloud","Arquitectura y Data Cloud","What are benefits of using Snowpark with Snowflake? (Choose two.)","Pendiente prioritaria por formulación absoluta, comportamiento cambiante, respuesta sospechosa o escenario incompleto. Se excluye hasta contrastar las condiciones.","https://docs.snowflake.com/en/developer-guide/snowpark/index",""
"735","apartar","quarantine","","2.1","provisional","Gestion de cuenta y Gobernanza","Gestion de cuenta y Gobernanza","What are Snowflake best practices when assigning the ACCOUNTADMIN role to users? (Choose two.)","Pendiente prioritaria por formulación absoluta, comportamiento cambiante, respuesta sospechosa o escenario incompleto. Se excluye hasta contrastar las condiciones.","https://docs.snowflake.com/en/user-guide/admin-user-management",""
"736","apartar","quarantine","","4.2","provisional","Rendimiento, Consultas y Transformacion","Rendimiento, Consultas y Transformacion","What is a recommended approach for optimizing query performance in Snowflake?","Pendiente prioritaria por formulación absoluta, comportamiento cambiante, respuesta sospechosa o escenario incompleto. Se excluye hasta contrastar las condiciones.","https://docs.snowflake.com/en/guides-overview-performance",""
"737","apartar","quarantine","","1.2","provisional","Carga, Descarga y Conectividad","Arquitectura y Data Cloud","When using SnowSQL, which configuration options are required when unloading data from a SQL query run on a local machine? (Choose two.)","Pendiente prioritaria por formulación absoluta, comportamiento cambiante, respuesta sospechosa o escenario incompleto. Se excluye hasta contrastar las condiciones.","https://docs.snowflake.com/en/user-guide/snowsql-use#exporting-data.",""
"738","conservar_revisada","verified","2.2","","editorial","Colaboracion y Proteccion de datos","Gestion de cuenta y Gobernanza","Which Snowflake view is used to support compliance auditing?","Enunciado, alternativas y clave contrastados; explicación actualizada.","https://docs.snowflake.com/en/user-guide/access-history","2026-09-21"
"739","archivar","archived","","3.1","provisional","Carga, Descarga y Conectividad","Carga, Descarga y Conectividad","How can a Snowflake user load duplicate files with a COPY INTO command?","Repite FORCE = TRUE para volver a cargar archivos ya cargados, ya contrastado en ID 587.","https://docs.snowflake.com/en/sql-reference/sql/copy-into-table.html","2026-09-21"
"740","archivar","archived","","2.1","provisional","Colaboracion y Proteccion de datos","Gestion de cuenta y Gobernanza","What causes objects in a data share to become unavailable to a consumer account?","Repite la pérdida de acceso al recrear objetos compartidos sin volver a concederlos al share, ya contrastada en ID 520.","https://docs.snowflake.com/en/user-guide/data-sharing-intro.html","2026-09-21"
"741","conservar_revisada","verified","1.5","","editorial","Arquitectura y Data Cloud","Arquitectura y Data Cloud","Which statement describes Snowflake tables?","Enunciado, alternativas y clave contrastados; explicación actualizada.","https://docs.snowflake.com/en/user-guide/tables-clustering-micropartitions","2026-09-21"
"742","archivar","archived","","1.2","provisional","Rendimiento, Consultas y Transformacion","Arquitectura y Data Cloud","Which type of charts are supported by Snowsight? (Choose two.)","Trivia sobre tipos de gráficos de Snowsight, una interfaz cambiante; mismo criterio que ID 442.","https://docs.snowflake.com/en/user-guide/ui-snowsight-visualizations","2026-09-21"
"743","conservar_revisada","verified","3.3","","editorial","Carga, Descarga y Conectividad","Carga, Descarga y Conectividad","A user wants to upload a file to an internal Snowflake stage using a PUT command. Which tools and/or connectors could be used to execute this command? (Choose two.)","Enunciado, alternativas y clave contrastados; explicación actualizada.","https://docs.snowflake.com/en/sql-reference/sql/put","2026-09-21"
"744","conservar_revisada","verified","3.1","","editorial","Carga, Descarga y Conectividad","Carga, Descarga y Conectividad","Which Snowflake table is an implicit object layered on a stage, where the stage can be either internal or external?","Enunciado, alternativas y clave contrastados; explicación actualizada.","https://docs.snowflake.com/en/user-guide/data-load-dirtables","2026-09-21"
"745","apartar","quarantine","","1.2","provisional","Rendimiento, Consultas y Transformacion","Arquitectura y Data Cloud","(https://civicasoft0.sharepoint.com/:i:/s/EspecialidadSnowflake/EQHdSrIjURhCmjPJUt5h4y0BtMF4iCGd1bU4OHY0_8jx5g?e=rbtAEq  Image needed) The Query Profile in the image is for a query executed in Snowsight. Four of the key nodes are highlighted in yellow. Which highlighted node will be the MOST expensive?","El enunciado requiere un recurso visual que no está integrado en el banco.","https://docs.snowflake.com/en/user-guide/query-profile.html",""
"746","corregir","verified","1.5","","editorial","Rendimiento, Consultas y Transformacion","Arquitectura y Data Cloud","What is a characteristic of the maintenance of a materialized view?","Precisada la clave: el mantenimiento lo hace un servicio en segundo plano con cómputo de Snowflake, no un warehouse del usuario.","https://docs.snowflake.com/en/user-guide/views-materialized","2026-09-21"
"747","apartar","quarantine","","2.2","provisional","Colaboracion y Proteccion de datos","Gestion de cuenta y Gobernanza","Which command should be used to implement a masking policy that was already created in Snowflake?","ALTER MASKING POLICY modifica la política; su aplicación a una columna necesita otra operación.","https://docs.snowflake.com/en/user-guide/security-column-ddm-use",""
"748","duplicado","archived","","3.1","provisional","Carga, Descarga y Conectividad","Carga, Descarga y Conectividad","Which command should be used to unload all the rows from a table into one or more files in a named stage?","Mismo enunciado, opciones y respuestas que 731 (ignorando orden).","https://docs.snowflake.com/en/sql-reference/sql/copy-into-location.html",""
"749","corregir","verified","1.5","","editorial","Rendimiento, Consultas y Transformacion","Arquitectura y Data Cloud","A query reads a materialized view before its background maintenance has applied recent DML on the base table. What does Snowflake return?","La clave original (una sola tabla, sin joins) repetía la pregunta 212; reformulada sobre la vigencia de los datos, que el original trataba en un distractor.","https://docs.snowflake.com/en/user-guide/views-materialized","2026-09-21"
"750","duplicado","archived","","2.3","provisional","Rendimiento, Consultas y Transformacion","Gestion de cuenta y Gobernanza","The use of which Snowflake table type will reduce costs when working with ETL workflows?","Mismo enunciado, opciones y respuestas que 722 (ignorando orden).","https://docs.snowflake.com/en/user-guide/tables-temp-transient.html#temporary-tables",""
"751","apartar","quarantine","","3.1","provisional","Carga, Descarga y Conectividad","Carga, Descarga y Conectividad","A user wants to unload data from a relational table into a CSV file in an external stage. The table must be named exactly as specified by the user. Which file format option MUST be used to do this?","Pendiente prioritaria por formulación absoluta, comportamiento cambiante, respuesta sospechosa o escenario incompleto. Se excluye hasta contrastar las condiciones.","https://docs.snowflake.com/en/sql-reference/sql/copy-into-location.html",""
"752","archivar","archived","","2.2","provisional","Rendimiento, Consultas y Transformacion","Gestion de cuenta y Gobernanza","Which account usage view in Snowflake can be used to identify the most-frequently accessed tables?","Repite el uso de ACCESS_HISTORY para analizar el uso de tablas, ya contrastado en IDs 474 y 589.","https://docs.snowflake.com/en/sql-reference/account-usage/access_history.html","2026-09-21"
"753","corregir","verified","1.5","","editorial","Arquitectura y Data Cloud","Arquitectura y Data Cloud","Which two items does Snowflake document among the metadata it stores about the rows in each micro-partition? (Choose two.)","Sustituido un distractor que podía ser verdadero (recuento de valores, posible propiedad adicional de los metadatos) por otro claramente falso.","https://docs.snowflake.com/en/user-guide/tables-clustering-micropartitions","2026-09-21"
"754","conservar_revisada","verified","5.2","","editorial","Gestion de cuenta y Gobernanza","Colaboracion y Proteccion de datos","What role has the privileges to create and manage data shares by default?","Enunciado, alternativas y clave contrastados; explicación actualizada.","https://docs.snowflake.com/en/user-guide/data-sharing-provider","2026-09-21"
"755","conservar_revisada","verified","4.4","","editorial","Rendimiento, Consultas y Transformacion","Rendimiento, Consultas y Transformacion","Which function determines the kind of value stored in a VARIANT column?","Enunciado, alternativas y clave contrastados; explicación actualizada.","https://docs.snowflake.com/en/sql-reference/functions/typeof","2026-09-21"
"756","corregir","verified","5.1","","editorial","Colaboracion y Proteccion de datos","Colaboracion y Proteccion de datos","Which operation can be performed using Time Travel?","Sustituido el distractor sobre restaurar tablas eliminadas de un share, ambiguo porque Time Travel sí restaura tablas eliminadas. Clave conservada.","https://docs.snowflake.com/en/user-guide/data-time-travel","2026-09-21"
"757","conservar_revisada","verified","3.1","","editorial","Carga, Descarga y Conectividad","Carga, Descarga y Conectividad","What are characteristics of Snowflake directory tables? (Choose two.)","Enunciado, alternativas y clave contrastados; explicación actualizada.","https://docs.snowflake.com/en/user-guide/data-load-dirtables","2026-09-21"
"758","apartar","quarantine","","4.4","provisional","Rendimiento, Consultas y Transformacion","Rendimiento, Consultas y Transformacion","What does the VARIANT data type impose a 16 MB size limit on?","Límite histórico de 16 MB sin contexto de tipo/versión; contrastar con límites actuales.","https://docs.snowflake.com/en/user-guide/semistructured-considerations",""
"759","archivar","archived","","2.1","provisional","Arquitectura y Data Cloud","Gestion de cuenta y Gobernanza","Which activities are included in the Cloud Services layer? (Choose two.)","Repite la lista de servicios de cloud services (IDs 152, 163, 215 y 381); además, el distractor de enmascaramiento dinámico es discutible porque cloud services incluye el control de acceso.","https://docs.snowflake.com/en/user-guide/intro-key-concepts.html#cloud-services-layer","2026-09-21"
"760","corregir","verified","4.1","","editorial","Rendimiento, Consultas y Transformacion","Rendimiento, Consultas y Transformacion","What does percentage scanned from cache in Query Profile describe?","Original answer incorrectly said remote disk cache.","https://docs.snowflake.com/en/user-guide/ui-snowsight-activity","2026-09-21"
"761","apartar","quarantine","","2.1","provisional","Colaboracion y Proteccion de datos","Gestion de cuenta y Gobernanza","Which role has the ability to create a share from a shared database by default?","Pendiente prioritaria por formulación absoluta, comportamiento cambiante, respuesta sospechosa o escenario incompleto. Se excluye hasta contrastar las condiciones.","https://docs.snowflake.com/en/user-guide/data-share-consumers",""
"762","corregir","verified","4.1","","editorial","Rendimiento, Consultas y Transformacion","Rendimiento, Consultas y Transformacion","Which warehouse parameters cancel SQL statements after a time limit, either while they wait in the queue or while they run? (Choose two.)","MAX_CONCURRENCY_LEVEL también es un parámetro de objeto (warehouse) que controla la concurrencia: el original tenía tres respuestas plausibles. Acotado a los límites de tiempo.","https://docs.snowflake.com/en/sql-reference/parameters","2026-09-21"
"763","archivar","archived","","1.5","provisional","Arquitectura y Data Cloud","Arquitectura y Data Cloud","What metadata does Snowflake store for rows in micro-partitions? (Choose two.)","Duplica ID 753 y su distractor «Null values» no es claramente falso: la documentación menciona propiedades adicionales de los metadatos sin enumerarlas.","https://docs.snowflake.com/en/user-guide/tables-clustering-micropartitions.html","2026-09-21"
"764","conservar_revisada","verified","4.4","","editorial","Rendimiento, Consultas y Transformacion","Rendimiento, Consultas y Transformacion","What are valid sub-clauses to the OVER clause for a window function? (Choose two.)","Enunciado, alternativas y clave contrastados; explicación actualizada.","https://docs.snowflake.com/en/sql-reference/functions-window-syntax","2026-09-21"
"765","archivar","archived","","3.1","provisional","Carga, Descarga y Conectividad","Carga, Descarga y Conectividad","Which kind of Snowflake table stores file-level metadata for each file in a stage?","Repite la tabla de directorio como almacén de metadatos de los archivos del stage, ya contrastada en ID 369 y en los IDs 744 y 757 de esta tanda.","https://docs.snowflake.com/en/user-guide/data-load-dirtables","2026-09-21"
"766","conservar_revisada","verified","2.1","","editorial","Rendimiento, Consultas y Transformacion","Gestion de cuenta y Gobernanza","Which privileges apply to stored procedures? (Choose two.)","Enunciado, alternativas y clave contrastados; explicación actualizada.","https://docs.snowflake.com/en/user-guide/security-access-control-privileges","2026-09-21"
"767","apartar","quarantine","","3.3","provisional","Rendimiento, Consultas y Transformacion","Carga, Descarga y Conectividad","What column type does a Kafka connector store formatted information in a single column?","Pendiente prioritaria por formulación absoluta, comportamiento cambiante, respuesta sospechosa o escenario incompleto. Se excluye hasta contrastar las condiciones.","https://docs.snowflake.com/en/user-guide/kafka-connector-overview",""
"768","apartar","quarantine","","2.3","provisional","Rendimiento, Consultas y Transformacion","Gestion de cuenta y Gobernanza","If a size Small virtual warehouse costs two credits per hour, what is the credit cost per hour of a size Large virtual warehouse?","Pendiente prioritaria por formulación absoluta, comportamiento cambiante, respuesta sospechosa o escenario incompleto. Se excluye hasta contrastar las condiciones.","https://docs.snowflake.com/en/user-guide/warehouses-considerations.html#warehouse-size-and-credit-usage",""
"769","archivar","archived","","3.1","provisional","Carga, Descarga y Conectividad","Carga, Descarga y Conectividad","Which SQL command will list the files in a named stage?","Repite LIST sobre un stage con nombre, ya contrastado en ID 279.","https://docs.snowflake.com/en/sql-reference/sql/list.html","2026-09-21"
"770","conservar_revisada","verified","1.4","","editorial","Rendimiento, Consultas y Transformacion","Arquitectura y Data Cloud","What is the effect of configuring a virtual warehouse auto-suspend value to '0'?","Enunciado, alternativas y clave contrastados; explicación actualizada.","https://docs.snowflake.com/en/sql-reference/sql/alter-warehouse","2026-09-21"
"771","archivar","archived","","4.4","provisional","Carga, Descarga y Conectividad","Rendimiento, Consultas y Transformacion","Which data types can be used in Snowflake to store semi-structured data? (Choose two.)","Repite ARRAY y VARIANT como tipos para datos semiestructurados, ya contrastado en ID 623.","https://docs.snowflake.com/en/sql-reference/data-types-semistructured","2026-09-21"
"772","apartar","quarantine","","3.1","provisional","Carga, Descarga y Conectividad","Carga, Descarga y Conectividad","While attempting to avoid data duplication, which COPY INTO option should be used to load files with expired load metadata?","Pendiente prioritaria por formulación absoluta, comportamiento cambiante, respuesta sospechosa o escenario incompleto. Se excluye hasta contrastar las condiciones.","https://docs.snowflake.com/en/user-guide/data-load-considerations-load",""
"773","apartar","quarantine","","2.1","provisional","Gestion de cuenta y Gobernanza","Gestion de cuenta y Gobernanza","What service is provided as an integrated Snowflake feature to enhance Multi-Factor Authentication (MFA) support?","Pendiente prioritaria por formulación absoluta, comportamiento cambiante, respuesta sospechosa o escenario incompleto. Se excluye hasta contrastar las condiciones.","https://docs.snowflake.com/en/user-guide/admin-security-mfa-duo.html",""
"774","archivar","archived","","2.3","provisional","Rendimiento, Consultas y Transformacion","Gestion de cuenta y Gobernanza","What is the impact on queries that are being executed when a resource monitor set to the 'Notify & Suspend' threshold level is exceeded?","Repite la diferencia entre Notify & Suspend y Notify & Suspend Immediately, ya contrastada en IDs 298 y 1049.","https://docs.snowflake.com/en/user-guide/resource-monitors.html","2026-09-21"
"775","conservar_revisada","verified","5.3","","editorial","Colaboracion y Proteccion de datos","Colaboracion y Proteccion de datos","What tasks can an account administrator perform in the Data Exchange? (Choose two.)","Enunciado, alternativas y clave contrastados; explicación actualizada.","https://docs.snowflake.com/en/user-guide/data-exchange-marketplace-privileges","2026-09-21"
"776","apartar","quarantine","","","provisional","Rendimiento, Consultas y Transformacion","Arquitectura y Data Cloud","Which types of subqueries does Snowflake support? (Choose two.)","Pendiente prioritaria por formulación absoluta, comportamiento cambiante, respuesta sospechosa o escenario incompleto. Se excluye hasta contrastar las condiciones.","https://docs.snowflake.com/en/user-guide/querying-subqueries",""
"777","apartar","quarantine","","2.1","provisional","Gestion de cuenta y Gobernanza","Gestion de cuenta y Gobernanza","How can network and private connectivity security be managed in Snowflake?","Pendiente prioritaria por formulación absoluta, comportamiento cambiante, respuesta sospechosa o escenario incompleto. Se excluye hasta contrastar las condiciones.","https://docs.snowflake.com/en/user-guide/network-policies.html",""
"778","conservar_revisada","verified","3.1","","editorial","Carga, Descarga y Conectividad","Carga, Descarga y Conectividad","What consideration should be made when loading data into Snowflake?","Enunciado, alternativas y clave contrastados; explicación actualizada.","https://docs.snowflake.com/en/user-guide/data-load-considerations-prepare","2026-09-21"
"779","archivar","archived","","1.4","provisional","Rendimiento, Consultas y Transformacion","Arquitectura y Data Cloud","How can a user improve the performance of a single large complex query in Snowflake?","Repite el escalado vertical del warehouse para una consulta compleja, ya contrastado en IDs 17 y 137.","https://docs.snowflake.com/en/user-guide/warehouses-considerations","2026-09-21"
"780","apartar","quarantine","","","provisional","Colaboracion y Proteccion de datos","Arquitectura y Data Cloud","Who can access a referenced file through a scoped URL?","Pendiente prioritaria por formulación absoluta, comportamiento cambiante, respuesta sospechosa o escenario incompleto. Se excluye hasta contrastar las condiciones.","https://docs.snowflake.com/en/user-guide/unstructured-intro",""
"781","corregir","verified","5.2","","editorial","Colaboracion y Proteccion de datos","Colaboracion y Proteccion de datos","A provider creates a share without setting SECURE_OBJECTS_ONLY = FALSE. Granting SELECT on which object to this share returns an error?","La documentación vigente permite compartir vistas no seguras si el share usa SECURE_OBJECTS_ONLY = FALSE; se acota el escenario al comportamiento por defecto.","https://docs.snowflake.com/en/sql-reference/sql/grant-privilege-share","2026-09-21"
"782","corregir","verified","2.1","","editorial","Gestion de cuenta y Gobernanza","Gestion de cuenta y Gobernanza","In Snowsight, what determines which databases, tables and other objects a user can see and which actions the user can perform on them?","La documentación actual atribuye la visibilidad al rol primario junto con los roles secundarios activados, no solo al «rol activo».","https://docs.snowflake.com/en/user-guide/ui-snowsight-gs","2026-09-21"
"783","apartar","quarantine","","1.5","provisional","Rendimiento, Consultas y Transformacion","Arquitectura y Data Cloud","Why would a Snowflake user decide to use a materialized view instead of a regular view?","Pendiente prioritaria por formulación absoluta, comportamiento cambiante, respuesta sospechosa o escenario incompleto. Se excluye hasta contrastar las condiciones.","https://docs.snowflake.com/en/user-guide/views-materialized.html",""
"784","apartar","quarantine","","2.1","provisional","Colaboracion y Proteccion de datos","Gestion de cuenta y Gobernanza","When a database is cloned, which objects in the clone inherit all granted privileges from the source object? (Choose two.)","Pendiente prioritaria por formulación absoluta, comportamiento cambiante, respuesta sospechosa o escenario incompleto. Se excluye hasta contrastar las condiciones.","https://docs.snowflake.com/en/user-guide/object-clone",""
"785","conservar_revisada","verified","2.2","","editorial","Gestion de cuenta y Gobernanza","Gestion de cuenta y Gobernanza","How does the Access_History view enhance overall data governance pertaining to read and write operations? (Choose two.)","Enunciado, alternativas y clave contrastados; explicación actualizada.","https://docs.snowflake.com/en/user-guide/access-history","2026-09-21"
"786","archivar","archived","","3.3","provisional","Arquitectura y Data Cloud","Carga, Descarga y Conectividad","What does Snowflake recommend a user do if they need to connect to Snowflake with a tool or technology that is not listed in Snowflake’s partner ecosystem?","La recomendación citada ya no figura en la documentación vigente (el ecosistema remite a la web de partners) y la conexión mediante drivers estándar ya se evalúa en IDs 34, 3061 y 3062.","https://docs.snowflake.com/en/user-guide/ecosystem-all","2026-09-21"
"787","apartar","quarantine","","","provisional","Carga, Descarga y Conectividad","Arquitectura y Data Cloud","What is the expiration period for a file URL used to access unstructured data in cloud storage?","Pendiente prioritaria por formulación absoluta, comportamiento cambiante, respuesta sospechosa o escenario incompleto. Se excluye hasta contrastar las condiciones.","https://docs.snowflake.com/en/user-guide/unstructured-intro",""
"788","conservar_revisada","verified","2.1","","editorial","Gestion de cuenta y Gobernanza","Gestion de cuenta y Gobernanza","Which applications can use key pair authentication? (Choose two).","Enunciado, alternativas y clave contrastados; explicación actualizada.","https://docs.snowflake.com/en/user-guide/key-pair-auth","2026-09-21"
"789","corregir","verified","3.1","","editorial","Carga, Descarga y Conectividad","Carga, Descarga y Conectividad","Which statement about PUT and GET is correct?","Removed false SnowSQL exclusivity.","https://docs.snowflake.com/en/sql-reference/sql/put","2026-09-21"
"790","archivar","archived","","3.1","provisional","Rendimiento, Consultas y Transformacion","Carga, Descarga y Conectividad","A user has enabled the STRIP_OUTER_ARRAY file format option for the COPY INTO {table} command to remove the outer array structure. What else will this format option and command do?","Repite STRIP_OUTER_ARRAY para cargar cada elemento en una fila, ya contrastado en ID 335.","https://docs.snowflake.com/en/user-guide/semistructured-considerations","2026-09-21"
"791","conservar_revisada","verified","2.3","","editorial","Colaboracion y Proteccion de datos","Gestion de cuenta y Gobernanza","Which objects will incur storage costs associated with Fail-safe?","Enunciado, alternativas y clave contrastados; explicación actualizada.","https://docs.snowflake.com/en/user-guide/cost-understanding-data-storage","2026-09-21"
"792","conservar_revisada","verified","4.1","","editorial","Rendimiento, Consultas y Transformacion","Rendimiento, Consultas y Transformacion","What technique does Snowflake use to limit the number of micro-partitions scanned by each query?","Enunciado, alternativas y clave contrastados; explicación actualizada.","https://docs.snowflake.com/en/user-guide/tables-clustering-micropartitions","2026-09-21"
"793","apartar","quarantine","","2.1","provisional","Gestion de cuenta y Gobernanza","Gestion de cuenta y Gobernanza","What activities can a user with the ORGADMIN role perform? (Choose two.)","Pendiente prioritaria por formulación absoluta, comportamiento cambiante, respuesta sospechosa o escenario incompleto. Se excluye hasta contrastar las condiciones.","https://docs.snowflake.com/en/user-guide/organizations",""
"794","archivar","archived","","2.1","provisional","Gestion de cuenta y Gobernanza","Gestion de cuenta y Gobernanza","In a managed access schema, who can grant privileges on objects in the schema to other roles? (Choose two.)","Repite quién puede conceder privilegios en un esquema de acceso gestionado, ya contrastado en IDs 564 y 3063.","https://docs.snowflake.com/en/user-guide/security-access-control-overview","2026-09-21"
"795","archivar","archived","","4.1","provisional","Rendimiento, Consultas y Transformacion","Rendimiento, Consultas y Transformacion","What are the recommended steps to address poor SQL query performance due to data spilling? (Choose two.)","Repite las recomendaciones ante el derrame de memoria (ID 600) e incluye un distractor plausible: leer solo las columnas necesarias también puede reducir memoria.","https://docs.snowflake.com/en/user-guide/warehouses-tasks.html#managing-warehouse-performance","2026-09-21"
"796","corregir","verified","5.2","","editorial","Colaboracion y Proteccion de datos","Colaboracion y Proteccion de datos","A provider shares unstructured files with consumers through a secure view. Which Snowflake URL types can the view return so that consumers can access the files? (Choose two.)","Eliminado el distractor «HTTPS URL», ambiguo porque una URL prefirmada es una URL HTTPS; la explicación original estaba en español y sin justificación.","https://docs.snowflake.com/en/user-guide/unstructured-data-sharing","2026-09-21"
"797","conservar_revisada","verified","5.2","","editorial","Colaboracion y Proteccion de datos","Colaboracion y Proteccion de datos","What are characteristics of reader accounts in Snowflake? (Choose two.)","Enunciado, alternativas y clave contrastados; explicación actualizada.","https://docs.snowflake.com/en/user-guide/data-sharing-reader-create","2026-09-21"
"798","apartar","quarantine","","","provisional","Colaboracion y Proteccion de datos","Arquitectura y Data Cloud","Why should a Snowflake user configure a secure view? (Choose two.)","Pendiente prioritaria por formulación absoluta, comportamiento cambiante, respuesta sospechosa o escenario incompleto. Se excluye hasta contrastar las condiciones.","https://docs.snowflake.com/en/sql-reference/sql/create-view.html#secure-views",""
"799","archivar","archived","","2.1","provisional","Arquitectura y Data Cloud","Gestion de cuenta y Gobernanza","Which activities are managed by Snowflake’s Cloud Services layer? (Choose two.)","Repite autenticación y análisis/optimización de consultas como servicios de cloud services, ya contrastado en ID 381.","https://docs.snowflake.com/en/user-guide/intro-key-concepts.html","2026-09-21"
"800","conservar_revisada","verified","3.1","","editorial","Carga, Descarga y Conectividad","Carga, Descarga y Conectividad","The COPY INTO command can unload data from a table directly into which locations? (Choose two.)","Enunciado, alternativas y clave contrastados; explicación actualizada.","https://docs.snowflake.com/en/sql-reference/sql/copy-into-location","2026-09-21"
"801","archivar","archived","","1.2","provisional","Gestion de cuenta y Gobernanza","Arquitectura y Data Cloud","What does the Activity area of Snowsight allow users to do? (Choose two.)","Depende del antiguo área Activity de Snowsight (hoy Monitoring); Query History y Query Profile ya se evalúan con preguntas funcionales.","https://docs.snowflake.com/en/user-guide/ui-snowsight.html","2026-09-21"
"802","archivar","archived","","1.2","provisional","Gestion de cuenta y Gobernanza","Arquitectura y Data Cloud","In which Snowsight section can a user switch roles, modify their profile, and access documentation?","Memoriza la ubicación de opciones del menú de usuario de Snowsight; mismo criterio que ID 476.","https://docs.snowflake.com/en/user-guide/ui-snowsight.html","2026-09-21"
"803","conservar_revisada","verified","3.1","","editorial","Carga, Descarga y Conectividad","Carga, Descarga y Conectividad","What is the recommended way to change the existing file format type in my_format from CSV to JSON?","Enunciado, alternativas y clave contrastados; explicación actualizada.","https://docs.snowflake.com/en/sql-reference/sql/alter-file-format","2026-09-21"
"804","archivar","archived","","1.2","provisional","Arquitectura y Data Cloud","Arquitectura y Data Cloud","Which features are included in Snowsight? (Choose two.)","Trivia de interfaz: el límite de descarga de 100 MB no figura en la documentación vigente y compartir worksheets ya se evalúa en ID 204.","https://docs.snowflake.com/en/user-guide/ui-snowsight-quick-tourl","2026-09-21"
"805","conservar_revisada","verified","3.1","","editorial","Colaboracion y Proteccion de datos","Carga, Descarga y Conectividad","How long can a data consumer who has a pre-signed URL access data files using Snowflake?","Enunciado, alternativas y clave contrastados; explicación actualizada.","https://docs.snowflake.com/en/sql-reference/functions/get_presigned_url","2026-09-21"
"806","conservar_revisada","verified","3.2","","editorial","Carga, Descarga y Conectividad","Carga, Descarga y Conectividad","What mechanisms can be used to inform Snowpipe that there are staged files available to load into a Snowflake table? (Choose two.)","Enunciado, alternativas y clave contrastados; explicación actualizada.","https://docs.snowflake.com/en/user-guide/data-load-snowpipe-intro","2026-09-21"
"807","apartar","quarantine","","3.1","provisional","Carga, Descarga y Conectividad","Carga, Descarga y Conectividad","A Snowflake user needs to import a JSON file larger than 16 MB. What file format option could be used?","Pendiente prioritaria por formulación absoluta, comportamiento cambiante, respuesta sospechosa o escenario incompleto. Se excluye hasta contrastar las condiciones.","https://docs.snowflake.com/en/user-guide/data-load-considerations-prepare#semi-structured-data-size-limitations",""
"808","archivar","archived","","2.1","provisional","Gestion de cuenta y Gobernanza","Gestion de cuenta y Gobernanza","What is a feature of column-level security in Snowflake?","Repite External Tokenization como característica de seguridad a nivel de columna, ya contrastada en IDs 156 y 577.","https://docs.snowflake.com/user-guide/security-column-intro#what-is-column-level-security","2026-09-21"
"809","conservar_revisada","verified","4.1","","editorial","Rendimiento, Consultas y Transformacion","Rendimiento, Consultas y Transformacion","Which common query problems can the Query Profile help a user identify and troubleshoot? (Choose two.)","Enunciado, alternativas y clave contrastados; explicación actualizada.","https://docs.snowflake.com/en/user-guide/ui-snowsight-activity","2026-09-21"
"810","archivar","archived","","5.1","provisional","Colaboracion y Proteccion de datos","Colaboracion y Proteccion de datos","What is the Fail-safe retention period for transient and temporary tables?","Repite la ausencia de Fail-safe en tablas temporales y transitorias, ya contrastada en ID 164.","https://docs.snowflake.com/en/user-guide/tables-temp-transient","2026-09-21"
"811","apartar","quarantine","","2.1","provisional","Gestion de cuenta y Gobernanza","Gestion de cuenta y Gobernanza","Which Snowflake features can be enabled by calling the SYSTEM$GLOBAL_ACCOUNT_SET_PARAMETER function by a user with the ORGADMIN role? (Choose two.)","Pendiente prioritaria por formulación absoluta, comportamiento cambiante, respuesta sospechosa o escenario incompleto. Se excluye hasta contrastar las condiciones.","https://docs.snowflake.com/en/sql-reference/functions/system_global_account_set_parameter",""
"812","archivar","archived","","3.1","provisional","Carga, Descarga y Conectividad","Carga, Descarga y Conectividad","What are characteristics of directory tables when used with unstructured data? (Choose two.)","Repite las características de las tablas de directorio con datos no estructurados, ya contrastadas en ID 369 y en el ID 757 de esta tanda.","https://docs.snowflake.com/en/user-guide/data-load-dirtables#what-is-a-directory-table","2026-09-21"
"813","apartar","quarantine","","2.1","provisional","Gestion de cuenta y Gobernanza","Gestion de cuenta y Gobernanza","Snowflake best practice recommends that which role be used to enforce a network policy on a Snowflake account?","Pendiente prioritaria por formulación absoluta, comportamiento cambiante, respuesta sospechosa o escenario incompleto. Se excluye hasta contrastar las condiciones.","https://docs.snowflake.com/en/sql-reference/sql/create-network-policy",""
"814","conservar_revisada","verified","3.1","","editorial","Carga, Descarga y Conectividad","Carga, Descarga y Conectividad","What is the default behavior of internal stages in Snowflake?","Enunciado, alternativas y clave contrastados; explicación actualizada.","https://docs.snowflake.com/en/user-guide/data-load-local-file-system-create-stage","2026-09-21"
"815","apartar","quarantine","","3.2","provisional","Rendimiento, Consultas y Transformacion","Carga, Descarga y Conectividad","The MAXIMUM size for a serverless task run is equivalent to what size virtual warehouse?","Pendiente prioritaria por formulación absoluta, comportamiento cambiante, respuesta sospechosa o escenario incompleto. Se excluye hasta contrastar las condiciones.","https://docs.snowflake.com/en/user-guide/tasks-intro#label-billing-task-runs",""
"816","conservar_revisada","verified","2.3","","editorial","Carga, Descarga y Conectividad","Gestion de cuenta y Gobernanza","What storage cost is completely eliminated when a Snowflake table is defined as transient?","Enunciado, opciones y clave contrastados; explicación revisada.","https://docs.snowflake.com/en/user-guide/tables-temp-transient","2026-09-23"
"817","apartar","quarantine","","4.4","provisional","Rendimiento, Consultas y Transformacion","Rendimiento, Consultas y Transformacion","How can a Snowflake user traverse semi-structured data?","Pendiente prioritaria por formulación absoluta, comportamiento cambiante, respuesta sospechosa o escenario incompleto. Se excluye hasta contrastar las condiciones.","https://docs.snowflake.com/en/user-guide/querying-semistructured.html",""
"818","archivar","archived","","2.1","provisional","Gestion de cuenta y Gobernanza","Gestion de cuenta y Gobernanza","Based on Snowflake recommendations, when creating a hierarchy of custom roles, the top-most custom role should be assigned to which role?","Repite la habilidad y respuesta de la pregunta contrastada 280, sin aportar un escenario sustancialmente distinto. Se conserva el original.","https://docs.snowflake.com/en/user-guide/security-access-control-overview.html#custom-roles","2026-09-23"
"819","apartar","quarantine","","2.1","provisional","Gestion de cuenta y Gobernanza","Gestion de cuenta y Gobernanza","What happens to the privileges granted to Snowflake system-defined roles?","Pendiente prioritaria por formulación absoluta, comportamiento cambiante, respuesta sospechosa o escenario incompleto. Se excluye hasta contrastar las condiciones.","https://docs.snowflake.com/en/user-guide/security-access-control-overview",""
"820","apartar","quarantine","","2.1","provisional","Colaboracion y Proteccion de datos","Gestion de cuenta y Gobernanza","By default, which role allows a user to manage a Snowflake Data Exchange share?","Pendiente prioritaria por formulación absoluta, comportamiento cambiante, respuesta sospechosa o escenario incompleto. Se excluye hasta contrastar las condiciones.","https://docs.snowflake.com/en/user-guide/data-sharing-intro.html",""
"821","apartar","quarantine","","3.1","provisional","Carga, Descarga y Conectividad","Carga, Descarga y Conectividad","How does the PARTITION BY option affect an expression for a COPY INTO command?","Pendiente prioritaria por formulación absoluta, comportamiento cambiante, respuesta sospechosa o escenario incompleto. Se excluye hasta contrastar las condiciones.","https://docs.snowflake.com/en/user-guide/data-unload-overview#partitioned-data-unloading",""
"822","archivar","archived","","4.1","provisional","Rendimiento, Consultas y Transformacion","Rendimiento, Consultas y Transformacion","How does Snowflake improve the performance of queries that are designed to filter out a significant amount of data?","Repite la habilidad y respuesta de la pregunta contrastada 792, sin aportar un escenario sustancialmente distinto. Se conserva el original.","https://docs.snowflake.com/en/user-guide/tables-clustering-micropartitions.html","2026-09-23"
"823","conservar_revisada","verified","4.4","","editorial","Rendimiento, Consultas y Transformacion","Rendimiento, Consultas y Transformacion","A JSON document is stored in the source_column of type VARIANT. The document has an array called elements. The array contains the name key that has a string value. How can a Snowflake user extract the name from the first element?","Enunciado, opciones y clave contrastados; explicación revisada.","https://docs.snowflake.com/en/user-guide/querying-semistructured","2026-09-23"
"824","conservar_revisada","verified","4.4","","editorial","Rendimiento, Consultas y Transformacion","Rendimiento, Consultas y Transformacion","Which function should be used to insert JSON formatted string data into a VARIANT field?","Enunciado, opciones y clave contrastados; explicación revisada.","https://docs.snowflake.com/en/sql-reference/functions/parse_json","2026-09-23"
"825","conservar_revisada","verified","1.4","","editorial","Gestion de cuenta y Gobernanza","Arquitectura y Data Cloud","Which permission on a Snowflake virtual warehouse allows the role to resize the warehouse?","Enunciado, opciones y clave contrastados; explicación revisada.","https://docs.snowflake.com/en/sql-reference/sql/alter-warehouse","2026-09-23"
"826","apartar","quarantine","","2.2","provisional","Colaboracion y Proteccion de datos","Gestion de cuenta y Gobernanza","What is it called when a customer managed key is combined with a Snowflake managed key to create a composite key for encryption?","Pendiente prioritaria por formulación absoluta, comportamiento cambiante, respuesta sospechosa o escenario incompleto. Se excluye hasta contrastar las condiciones.","https://docs.snowflake.com/en/user-guide/security-encryption-manage#tri-secret-secure",""
"827","archivar","archived","","3.1","provisional","Carga, Descarga y Conectividad","Carga, Descarga y Conectividad","What is the COPY INTO command option default for unloading data into multiple files?","Repite la habilidad y respuesta de la pregunta contrastada 230, sin aportar un escenario sustancialmente distinto. Se conserva el original.","https://docs.snowflake.com/en/sql-reference/sql/copy-into-location.html","2026-09-23"
"828","apartar","quarantine","","2.3","provisional","Rendimiento, Consultas y Transformacion","Gestion de cuenta y Gobernanza","A size 3X-Large multi-cluster warehouse runs one cluster for one full hour and then runs two clusters for the next full hour. What would be the total number of credits billed?","Pendiente prioritaria por formulación absoluta, comportamiento cambiante, respuesta sospechosa o escenario incompleto. Se excluye hasta contrastar las condiciones.","https://docs.snowflake.com/en/user-guide/credits.html",""
"829","apartar","quarantine","","1.4","provisional","Rendimiento, Consultas y Transformacion","Arquitectura y Data Cloud","What is the impact of increasing the number of concurrent users on a Snowflake virtual warehouse?","Pendiente prioritaria por formulación absoluta, comportamiento cambiante, respuesta sospechosa o escenario incompleto. Se excluye hasta contrastar las condiciones.","https://docs.snowflake.com/en/user-guide/warehouses-multicluster",""
"830","archivar","archived","","5.1","provisional","Colaboracion y Proteccion de datos","Colaboracion y Proteccion de datos","By default, how long is the standard retention period for Time Travel across all Snowflake accounts?","Repite la habilidad y respuesta de la pregunta contrastada 266, sin aportar un escenario sustancialmente distinto. Se conserva el original.","https://docs.snowflake.com/en/user-guide/data-time-travel.html","2026-09-23"
"831","conservar_revisada","verified","4.2","","editorial","Rendimiento, Consultas y Transformacion","Rendimiento, Consultas y Transformacion","What type of query will benefit from the query acceleration service?","Enunciado, opciones y clave contrastados; explicación revisada.","https://docs.snowflake.com/en/user-guide/query-acceleration-service","2026-09-23"
"832","corregir","verified","4.2","","editorial","Rendimiento, Consultas y Transformacion","Rendimiento, Consultas y Transformacion","How does search optimization help skip irrelevant micro-partitions?","Acotado o corregido el contenido para evitar ambigüedad; alternativas y explicación contrastadas.","https://docs.snowflake.com/en/user-guide/search-optimization-service","2026-09-23"
"833","corregir","verified","1.4","","editorial","Rendimiento, Consultas y Transformacion","Arquitectura y Data Cloud","An eligible warehouse has recurring concurrency queues. Which change adds independent clusters rather than more resources to one cluster?","Acotado o corregido el contenido para evitar ambigüedad; alternativas y explicación contrastadas.","https://docs.snowflake.com/en/user-guide/warehouses-multicluster","2026-09-23"
"834","apartar","quarantine","","1.2","provisional","Arquitectura y Data Cloud","Arquitectura y Data Cloud","What are characteristics of Snowsight worksheets? (Choose two.)","Pendiente prioritaria por formulación absoluta, comportamiento cambiante, respuesta sospechosa o escenario incompleto. Se excluye hasta contrastar las condiciones.","https://docs.snowflake.com/en/user-guide/ui-snowsight-worksheets-gs",""
"835","apartar","quarantine","","3.1","provisional","Carga, Descarga y Conectividad","Carga, Descarga y Conectividad","What are reasons for using the VALIDATE function in Snowflake after a COPY INTO command execution? (Choose two.)","Pendiente prioritaria por formulación absoluta, comportamiento cambiante, respuesta sospechosa o escenario incompleto. Se excluye hasta contrastar las condiciones.","https://docs.snowflake.com/en/sql-reference/functions/validate",""
"836","conservar_revisada","verified","3.1","","editorial","Colaboracion y Proteccion de datos","Carga, Descarga y Conectividad","Which types of URLs are provided by Snowflake to access unstructured data files? (Choose two).","Enunciado, opciones y clave contrastados; explicación revisada.","https://docs.snowflake.com/en/user-guide/unstructured-intro","2026-09-23"
"837","conservar_revisada","verified","4.4","","editorial","Rendimiento, Consultas y Transformacion","Rendimiento, Consultas y Transformacion","Which query will return a sample of a table with 1000 rows named testtable, in which each row has a 10% probability of being included in the sample?","Enunciado, opciones y clave contrastados; explicación revisada.","https://docs.snowflake.com/en/sql-reference/constructs/sample","2026-09-23"
"838","apartar","quarantine","","5.3","provisional","Gestion de cuenta y Gobernanza","Colaboracion y Proteccion de datos","Which system function can be used to manage access to the data in a share and display certain data only to paying customers?","Pendiente prioritaria por formulación absoluta, comportamiento cambiante, respuesta sospechosa o escenario incompleto. Se excluye hasta contrastar las condiciones.","https://other-docs.snowflake.com/en/collaboration/provider-listings-preparing#preparing-shares-for-a-paid-listing",""
"839","apartar","quarantine","","2.3","provisional","Colaboracion y Proteccion de datos","Gestion de cuenta y Gobernanza","Which Snowflake object does not consume any storage costs?","Pendiente prioritaria por formulación absoluta, comportamiento cambiante, respuesta sospechosa o escenario incompleto. Se excluye hasta contrastar las condiciones.","https://docs.snowflake.com/en/user-guide/views-secure.html",""
"840","apartar","quarantine","","4.4","provisional","Rendimiento, Consultas y Transformacion","Rendimiento, Consultas y Transformacion","What does the LATERAL modifier for the FLATTEN function do?","Pendiente prioritaria por formulación absoluta, comportamiento cambiante, respuesta sospechosa o escenario incompleto. Se excluye hasta contrastar las condiciones.","https://docs.snowflake.com/en/user-guide/querying-semistructured#using-the-flatten-function-to-parse-arrays",""
"841","corregir","verified","3.1","","editorial","Carga, Descarga y Conectividad","Carga, Descarga y Conectividad","What does VALIDATION_MODE=RETURN_ROWS do in COPY INTO a location?","Acotado o corregido el contenido para evitar ambigüedad; alternativas y explicación contrastadas.","https://docs.snowflake.com/en/sql-reference/sql/copy-into-location","2026-09-23"
"842","archivar","archived","","2.1","provisional","Gestion de cuenta y Gobernanza","Gestion de cuenta y Gobernanza","What role in Snowflake separates the management of users and roles from the management of all grants?","Repite la habilidad y respuesta de la pregunta contrastada 4, sin aportar un escenario sustancialmente distinto. Se conserva el original.","https://docs.snowflake.com/en/user-guide/security-access-control-overview","2026-09-23"
"843","archivar","archived","","3.1","provisional","Carga, Descarga y Conectividad","Carga, Descarga y Conectividad","Which command will unload data from a table into an external stage?","Repite la habilidad y respuesta de la pregunta contrastada 584, sin aportar un escenario sustancialmente distinto. Se conserva el original.","https://docs.snowflake.com/en/sql-reference/sql/copy-into-location.html","2026-09-23"
"844","apartar","quarantine","","2.1","provisional","Gestion de cuenta y Gobernanza","Gestion de cuenta y Gobernanza","Why is a federated environment used for user authentication in Snowflake?","Pendiente prioritaria por formulación absoluta, comportamiento cambiante, respuesta sospechosa o escenario incompleto. Se excluye hasta contrastar las condiciones.","https://docs.snowflake.com/en/user-guide/admin-security-fed-auth-overview",""
"845","conservar_revisada","verified","1.4","","editorial","Rendimiento, Consultas y Transformacion","Arquitectura y Data Cloud","What will happen if a Snowflake user increases the size of a suspended virtual warehouse?","Enunciado, opciones y clave contrastados; explicación revisada.","https://docs.snowflake.com/en/user-guide/warehouses-tasks","2026-09-23"
"846","conservar_revisada","verified","3.1","","editorial","Carga, Descarga y Conectividad","Carga, Descarga y Conectividad","The VALIDATE table function has which parameter as an input argument for a Snowflake user?","Enunciado, opciones y clave contrastados; explicación revisada.","https://docs.snowflake.com/en/sql-reference/functions/validate","2026-09-23"
"847","apartar","quarantine","","1.1","provisional","Colaboracion y Proteccion de datos","Arquitectura y Data Cloud","Which Snowflake edition supports Protected Health Information (PHI) data (in accordance with HIPAA and HITRUST CSF regulations), and has a dedicated metadata store and pool of compute resources?","Pendiente prioritaria por formulación absoluta, comportamiento cambiante, respuesta sospechosa o escenario incompleto. Se excluye hasta contrastar las condiciones.","https://docs.snowflake.com/en/user-guide/intro-editions",""
"848","archivar","archived","","2.3","provisional","Carga, Descarga y Conectividad","Gestion de cuenta y Gobernanza","Which Snowflake table types are used to manage costs for short-lived tables? (Choose two.)","Repite la habilidad y respuesta de la pregunta contrastada 44, sin aportar un escenario sustancialmente distinto. Se conserva el original.","https://docs.snowflake.com/en/user-guide/tables-temp-transient.html","2026-09-23"
"849","archivar","archived","","1.4","provisional","Arquitectura y Data Cloud","Arquitectura y Data Cloud","What are key characteristics of virtual warehouses in Snowflake? (Choose two.)","Repite la habilidad y respuesta de la pregunta contrastada 26, sin aportar un escenario sustancialmente distinto. Se conserva el original.","https://docs.snowflake.com/en/user-guide/warehouses-overview.html","2026-09-23"
"850","corregir","verified","4.1","","editorial","Rendimiento, Consultas y Transformacion","Rendimiento, Consultas y Transformacion","Which workload-specific actions can improve performance when justified by measurements? (Choose two.)","Acotado o corregido el contenido para evitar ambigüedad; alternativas y explicación contrastadas.","https://docs.snowflake.com/en/user-guide/warehouses-considerations","2026-09-23"
"851","conservar_revisada","verified","2.1","","editorial","Gestion de cuenta y Gobernanza","Gestion de cuenta y Gobernanza","How are privileges inherited in a role hierarchy in Snowflake?","Enunciado, opciones y clave contrastados; explicación revisada.","https://docs.snowflake.com/en/user-guide/security-access-control-overview","2026-09-23"
"852","conservar_revisada","verified","2.1","","editorial","Gestion de cuenta y Gobernanza","Gestion de cuenta y Gobernanza","At what level can the ALLOW_CLIENT_MFA_CACHING parameter be set?","Enunciado, opciones y clave contrastados; explicación revisada.","https://docs.snowflake.com/en/sql-reference/parameters","2026-09-23"
"853","conservar_revisada","verified","5.2","","editorial","Colaboracion y Proteccion de datos","Colaboracion y Proteccion de datos","What entity is responsible for hosting and sharing data in Snowflake?","Enunciado, opciones y clave contrastados; explicación revisada.","https://docs.snowflake.com/en/user-guide/data-sharing-intro","2026-09-23"
"854","apartar","quarantine","","1.2","provisional","Gestion de cuenta y Gobernanza","Arquitectura y Data Cloud","Which function will provide the proxy information needed to protect Snowsight?","Pendiente prioritaria por formulación absoluta, comportamiento cambiante, respuesta sospechosa o escenario incompleto. Se excluye hasta contrastar las condiciones.","https://docs.snowflake.com/en/user-guide/ui-snowsight-gs#accessing-sf-web-interface-through-a-proxy-or-firewall",""
"855","conservar_revisada","verified","2.1","","editorial","Gestion de cuenta y Gobernanza","Gestion de cuenta y Gobernanza","The property MINS_TO_BYPASS_NETWORK_POLICY is set at which level?","Enunciado, opciones y clave contrastados; explicación revisada.","https://docs.snowflake.com/en/user-guide/network-policies","2026-09-23"
"856","conservar_revisada","verified","3.1","","editorial","Carga, Descarga y Conectividad","Carga, Descarga y Conectividad","When unloading the data for file format type specified (TYPE = 'CSV'), SQL NULL can be converted to string 'null' using which file format option?","Enunciado, opciones y clave contrastados; explicación revisada.","https://docs.snowflake.com/en/sql-reference/sql/copy-into-location","2026-09-23"
"857","conservar_revisada","verified","3.2","","editorial","Rendimiento, Consultas y Transformacion","Carga, Descarga y Conectividad","Which table function should be used to view details on a Directed Acyclic Graph (DAG) run that is presently scheduled or is executing?","Enunciado, opciones y clave contrastados; explicación revisada.","https://docs.snowflake.com/en/sql-reference/functions/current_task_graphs","2026-09-23"
"858","conservar_revisada","verified","4.2","","editorial","Arquitectura y Data Cloud","Rendimiento, Consultas y Transformacion","What Snowflake database object is derived from a query specification, stored for later use, and can speed up expensive aggregation on large data sets?","Enunciado, opciones y clave contrastados; explicación revisada.","https://docs.snowflake.com/en/user-guide/views-materialized","2026-09-23"
"859","corregir","verified","4.3","","editorial","Gestion de cuenta y Gobernanza","Rendimiento, Consultas y Transformacion","User1 manually ran a query. Can a different User2 access that stored result with RESULT_SCAN solely by holding ACCOUNTADMIN?","Acotado o corregido el contenido para evitar ambigüedad; alternativas y explicación contrastadas.","https://docs.snowflake.com/en/sql-reference/functions/result_scan","2026-09-23"
"860","apartar","quarantine","","1.5","provisional","Carga, Descarga y Conectividad","Arquitectura y Data Cloud","A permanent table and temporary table have the same name, TBL1, in a schema. What will happen if a user executes select * from TBL1?","Pendiente prioritaria por formulación absoluta, comportamiento cambiante, respuesta sospechosa o escenario incompleto. Se excluye hasta contrastar las condiciones.","https://docs.snowflake.com/en/user-guide/tables-temp-transient#potential-naming-conflicts-with-other-table-types",""
"861","corregir","verified","4.1","","editorial","Rendimiento, Consultas y Transformacion","Rendimiento, Consultas y Transformacion","Which pair of Query Profile statistics directly compares scanned micro-partitions with all partitions of the scanned table? (Choose two.)","Acotado o corregido el contenido para evitar ambigüedad; alternativas y explicación contrastadas.","https://docs.snowflake.com/en/user-guide/ui-snowsight-activity","2026-09-23"
"862","archivar","archived","","4.4","provisional","Rendimiento, Consultas y Transformacion","Rendimiento, Consultas y Transformacion","Which data types optimally store semi-structured data? (Choose two.)","Repite la habilidad y respuesta de la pregunta contrastada 623, sin aportar un escenario sustancialmente distinto. Se conserva el original.","https://docs.snowflake.com/en/user-guide/semistructured-intro.html","2026-09-23"
"863","archivar","archived","","3.2","provisional","Carga, Descarga y Conectividad","Carga, Descarga y Conectividad","What compute resource is used when loading data using Snowpipe?","Repite la habilidad y respuesta de la pregunta contrastada 107, sin aportar un escenario sustancialmente distinto. Se conserva el original.","https://docs.snowflake.com/en/user-guide/data-load-snowpipe-intro.html","2026-09-23"
"864","apartar","quarantine","","3.1","provisional","Carga, Descarga y Conectividad","Carga, Descarga y Conectividad","Which file function gives a user or application access to download unstructured data from a Snowflake stage?","Pendiente prioritaria por formulación absoluta, comportamiento cambiante, respuesta sospechosa o escenario incompleto. Se excluye hasta contrastar las condiciones.","https://docs.snowflake.com/en/user-guide/unstructured-intro",""
"865","conservar_revisada","verified","2.3","","editorial","Gestion de cuenta y Gobernanza","Gestion de cuenta y Gobernanza","By default, which role can create resource monitors?","Enunciado, opciones y clave contrastados; explicación revisada.","https://docs.snowflake.com/en/user-guide/resource-monitors","2026-09-23"
"866","corregir","verified","5.2","","editorial","Colaboracion y Proteccion de datos","Colaboracion y Proteccion de datos","Which statement can a consumer execute directly against an accessible shared table without modifying the provider data?","Acotado o corregido el contenido para evitar ambigüedad; alternativas y explicación contrastadas.","https://docs.snowflake.com/en/user-guide/data-sharing-intro","2026-09-23"
"867","archivar","archived","","1.2","provisional","Arquitectura y Data Cloud","Arquitectura y Data Cloud","Which types of charts does Snowsight support? (Choose two.)","Memorización de tipos de gráficos de Snowsight, dependiente de interfaz; se mantiene el criterio aplicado a IDs 442 y 742 y se conserva el original.","https://docs.snowflake.com/en/user-guide/ui-snowsight-visualizations","2026-09-23"
"868","apartar","quarantine","","2.1","provisional","Colaboracion y Proteccion de datos","Gestion de cuenta y Gobernanza","Which role in Snowflake allows a user to enable replication for multiple accounts?","Pendiente prioritaria por formulación absoluta, comportamiento cambiante, respuesta sospechosa o escenario incompleto. Se excluye hasta contrastar las condiciones.","https://docs.snowflake.com/en/user-guide/replication-intro.html",""
"869","apartar","quarantine","","1.2","provisional","Carga, Descarga y Conectividad","Arquitectura y Data Cloud","Which Snowflake tool is recommended for data batch processing?","Pendiente prioritaria por formulación absoluta, comportamiento cambiante, respuesta sospechosa o escenario incompleto. Se excluye hasta contrastar las condiciones.","https://docs.snowflake.com/en/user-guide/snowsql.html",""
"870","archivar","archived","","4.1","provisional","Rendimiento, Consultas y Transformacion","Rendimiento, Consultas y Transformacion","Which Snowflake mechanism is used to limit the number of micro-partitions scanned by a query?","Repite la habilidad y respuesta de la pregunta contrastada 792, sin aportar un escenario sustancialmente distinto. Se conserva el original.","https://docs.snowflake.com/en/user-guide/tables-clustering-micropartitions.html#partition-pruning-and-cluster-keys","2026-09-23"
"871","apartar","quarantine","","4.2","provisional","Rendimiento, Consultas y Transformacion","Rendimiento, Consultas y Transformacion","While clustering a table, columns with which data types can be used as clustering keys? (Choose two.)","Tipos elegidos para clustering requieren comprobación; no asumir soporte para GEOMETRY/BINARY.","https://docs.snowflake.com/en/user-guide/tables-clustering-keys.html",""
"872","corregir","verified","4.2","","editorial","Rendimiento, Consultas y Transformacion","Rendimiento, Consultas y Transformacion","Which listed join-predicate pattern is supported by search optimization?","Acotado o corregido el contenido para evitar ambigüedad; alternativas y explicación contrastadas.","https://docs.snowflake.com/en/user-guide/search-optimization/join-queries","2026-09-23"
"873","conservar_revisada","verified","3.1","","editorial","Carga, Descarga y Conectividad","Carga, Descarga y Conectividad","What should be used when creating a CSV file format where the columns are wrapped by single quotes or double quotes?","Enunciado, opciones y clave contrastados; explicación revisada.","https://docs.snowflake.com/en/sql-reference/sql/create-file-format","2026-09-23"
"874","apartar","quarantine","","1.4","provisional","Rendimiento, Consultas y Transformacion","Arquitectura y Data Cloud","If a multi-cluster warehouse is using an economy scaling policy, how long will queries wait in the queue before another cluster is started?","Confunde política/modo de escalado o interpreta los seis minutos de Economy como espera garantizada.","https://docs.snowflake.com/en/user-guide/warehouses-multicluster.html#scaling-policies",""
"875","conservar_revisada","verified","4.1","","editorial","Rendimiento, Consultas y Transformacion","Rendimiento, Consultas y Transformacion","What does the TableScan operator represent in the Query Profile?","Enunciado, opciones y clave contrastados; explicación revisada.","https://docs.snowflake.com/en/user-guide/ui-snowsight-activity","2026-09-23"
"876","conservar_revisada","verified","4.1","","editorial","Rendimiento, Consultas y Transformacion","Rendimiento, Consultas y Transformacion","What information is found within the Statistics output in the Query Profile Overview?","Enunciado, opciones y clave contrastados; explicación revisada.","https://docs.snowflake.com/en/user-guide/ui-snowsight-activity","2026-09-23"
"877","apartar","quarantine","","2.1","provisional","Gestion de cuenta y Gobernanza","Gestion de cuenta y Gobernanza","Which roles can make grant decisions to objects within a managed access schema? (Choose two.)","Pendiente prioritaria por formulación absoluta, comportamiento cambiante, respuesta sospechosa o escenario incompleto. Se excluye hasta contrastar las condiciones.","https://docs.snowflake.com/en/user-guide/security-access-control-overview.html#managed-access-schemas",""
"878","corregir","verified","4.4","","editorial","Carga, Descarga y Conectividad","Rendimiento, Consultas y Transformacion","Which table function can expose the stored output of SHOW FILE FORMATS to a subsequent SELECT within the supported access/retention window?","Acotado o corregido el contenido para evitar ambigüedad; alternativas y explicación contrastadas.","https://docs.snowflake.com/en/sql-reference/functions/result_scan","2026-09-23"
"879","apartar","quarantine","","2.3","provisional","Rendimiento, Consultas y Transformacion","Gestion de cuenta y Gobernanza","A Snowflake account administrator has set the resource monitors as shown in the diagram, with actions defined for each resource monitor as 'Notify & Suspend Immediately'. What is the MAXIMUM limit of credits that Warehouse 2 can consume? A. 0 B. 1500 C. 3500 D. 5000","El enunciado requiere un recurso visual que no está integrado en el banco.","https://docs.snowflake.com/en/user-guide/resource-monitors.html",""
"880","apartar","quarantine","","1.1","provisional","Gestion de cuenta y Gobernanza","Arquitectura y Data Cloud","When initially creating an account in Snowflake, which settings can be specified? (Choose two.)","Pendiente prioritaria por formulación absoluta, comportamiento cambiante, respuesta sospechosa o escenario incompleto. Se excluye hasta contrastar las condiciones.","https://docs.snowflake.com/en/user-guide/organizations-manage-accounts-create",""
"881","apartar","quarantine","","2.1","provisional","Gestion de cuenta y Gobernanza","Gestion de cuenta y Gobernanza","What activities can a user with the ORGADMIN role perform? (Choose two.)","Pendiente prioritaria por formulación absoluta, comportamiento cambiante, respuesta sospechosa o escenario incompleto. Se excluye hasta contrastar las condiciones.","https://docs.snowflake.com/en/user-guide/organizations",""
"882","corregir","verified","1.4","","editorial","Rendimiento, Consultas y Transformacion","Arquitectura y Data Cloud","What is a benefit of an auto-scaling multi-cluster warehouse configured with different minimum and maximum cluster counts?","Acotado o corregido el contenido para evitar ambigüedad; alternativas y explicación contrastadas.","https://docs.snowflake.com/en/user-guide/warehouses-multicluster","2026-09-23"
"883","archivar","archived","","1.4","provisional","Rendimiento, Consultas y Transformacion","Arquitectura y Data Cloud","When should a multi-cluster virtual warehouse be used in Snowflake?","Repite la habilidad y respuesta de la pregunta contrastada 597, sin aportar un escenario sustancialmente distinto. Se conserva el original.","https://docs.snowflake.com/en/user-guide/warehouses-multicluster.html","2026-09-23"
"884","archivar","archived","","1.5","provisional","Rendimiento, Consultas y Transformacion","Arquitectura y Data Cloud","What is used to denote a pre-computed data set derived from a SELECT query specification and stored for later use?","Repite la habilidad y respuesta de la pregunta contrastada 858, sin aportar un escenario sustancialmente distinto. Se conserva el original.","https://docs.snowflake.com/en/user-guide/views-materialized","2026-09-23"
"885","conservar_revisada","verified","2.1","","editorial","Gestion de cuenta y Gobernanza","Gestion de cuenta y Gobernanza","A Snowflake user wants to temporarily bypass a network policy by configuring the user object property MINS_TO_BYPASS_NETWORK_POLICY. What should they do?","Enunciado, opciones y clave contrastados; explicación revisada.","https://docs.snowflake.com/en/user-guide/network-policies","2026-09-23"
"886","apartar","quarantine","","2.1","provisional","Gestion de cuenta y Gobernanza","Gestion de cuenta y Gobernanza","What is the default access of a securable object until other access is granted?","Pendiente prioritaria por formulación absoluta, comportamiento cambiante, respuesta sospechosa o escenario incompleto. Se excluye hasta contrastar las condiciones.","https://docs.snowflake.com/en/user-guide/security-access-control-overview",""
"887","conservar_revisada","verified","3.1","","editorial","Carga, Descarga y Conectividad","Carga, Descarga y Conectividad","From what stage can a Snowflake user omit the FROM clause while loading data into a table?","Enunciado, opciones y clave contrastados; explicación revisada.","https://docs.snowflake.com/en/sql-reference/sql/copy-into-table","2026-09-23"
"888","apartar","quarantine","","","provisional","Rendimiento, Consultas y Transformacion","Arquitectura y Data Cloud","What is used during the FIRST execution of SELECT COUNT(*) FROM ORDER?","Pendiente prioritaria por formulación absoluta, comportamiento cambiante, respuesta sospechosa o escenario incompleto. Se excluye hasta contrastar las condiciones.","https://docs.snowflake.com/en/user-guide/tables-clustering-micropartitions",""
"889","archivar","archived","","2.3","provisional","Arquitectura y Data Cloud","Gestion de cuenta y Gobernanza","What is the purpose of a resource monitor in Snowflake?","Repite la habilidad y respuesta de la pregunta contrastada 289, sin aportar un escenario sustancialmente distinto. Se conserva el original.","https://docs.snowflake.com/en/user-guide/resource-monitors.html","2026-09-23"
"890","archivar","archived","","3.1","provisional","Carga, Descarga y Conectividad","Carga, Descarga y Conectividad","Which data formats are supported by Snowflake when unloading semi-structured data? (Choose two.)","Repite la habilidad y respuesta de la pregunta contrastada 161, sin aportar un escenario sustancialmente distinto. Se conserva el original.","https://docs.snowflake.com/en/user-guide/data-unload-prepare#supported-file-formats","2026-09-23"
"891","apartar","quarantine","","2.1","provisional","Gestion de cuenta y Gobernanza","Gestion de cuenta y Gobernanza","In Snowflake, the use of federated authentication enables which Single Sign-On (SSO) workflow activities? (Choose two.)","Pendiente prioritaria por formulación absoluta, comportamiento cambiante, respuesta sospechosa o escenario incompleto. Se excluye hasta contrastar las condiciones.","https://docs.snowflake.com/en/user-guide/admin-security-fed-auth-overview#supported-sso-workflows",""
"892","apartar","quarantine","","1.2","provisional","Gestion de cuenta y Gobernanza","Arquitectura y Data Cloud","What does the worksheet and database explorer feature in Snowsight allow users to do?","Pendiente prioritaria por formulación absoluta, comportamiento cambiante, respuesta sospechosa o escenario incompleto. Se excluye hasta contrastar las condiciones.","https://docs.snowflake.com/en/user-guide/ui-snowsight-worksheets",""
"893","apartar","quarantine","","3.1","provisional","Carga, Descarga y Conectividad","Carga, Descarga y Conectividad","When unloading data from Snowflake to AWS, what permissions are required? (Choose two.)","Pendiente prioritaria por formulación absoluta, comportamiento cambiante, respuesta sospechosa o escenario incompleto. Se excluye hasta contrastar las condiciones.","https://docs.snowflake.com/en/user-guide/data-unload-s3#configuring-an-s3-bucket-for-unloading-data",""
"894","archivar","archived","","4.1","provisional","Rendimiento, Consultas y Transformacion","Rendimiento, Consultas y Transformacion","What step can reduce data spilling in Snowflake?","Repite la habilidad y respuesta de la pregunta contrastada 600, sin aportar un escenario sustancialmente distinto. Se conserva el original.","https://docs.snowflake.com/en/user-guide/warehouses-considerations.html","2026-09-23"
"895","apartar","quarantine","","1.2","provisional","Arquitectura y Data Cloud","Arquitectura y Data Cloud","Which user preferences can be set for a user profile in Snowsight? (Choose two.)","Pendiente prioritaria por formulación absoluta, comportamiento cambiante, respuesta sospechosa o escenario incompleto. Se excluye hasta contrastar las condiciones.","https://docs.snowflake.com/en/user-guide/ui-snowsight-gs#setting-user-details-and-preferences",""
"896","apartar","quarantine","","2.1","provisional","Gestion de cuenta y Gobernanza","Gestion de cuenta y Gobernanza","What privilege is needed for a Snowflake user to see the definition of a secure view?","Confunde acceso a datos de una vista segura, definición y privilegios de visibilidad adicionales.","https://docs.snowflake.com/en/user-guide/views-secure.html",""
"897","apartar","quarantine","","3.2","provisional","Rendimiento, Consultas y Transformacion","Carga, Descarga y Conectividad","What general guideline does Snowflake recommend when setting the auto-suspension time limit?","Pendiente prioritaria por formulación absoluta, comportamiento cambiante, respuesta sospechosa o escenario incompleto. Se excluye hasta contrastar las condiciones.","https://docs.snowflake.com/en/user-guide/warehouses-considerations#automating-warehouse-suspension",""
"898","apartar","quarantine","","2.2","provisional","Colaboracion y Proteccion de datos","Gestion de cuenta y Gobernanza","When does Snowflake automatically encrypt data that is loaded into Snowflake? (Choose two.)","Pendiente prioritaria por formulación absoluta, comportamiento cambiante, respuesta sospechosa o escenario incompleto. Se excluye hasta contrastar las condiciones.","https://docs.snowflake.com/en/user-guide/security-encryption-end-to-end",""
"899","archivar","archived","","","provisional","Carga, Descarga y Conectividad","Arquitectura y Data Cloud","When data is loaded into Snowflake, what formats does Snowflake use internally to store the data in cloud storage? (Choose two.)","Repite la habilidad y respuesta de la pregunta contrastada 678, sin aportar un escenario sustancialmente distinto. Se conserva el original.","https://docs.snowflake.com/en/user-guide/intro-key-concepts.html#snowflake-architecture","2026-09-23"
"900","conservar_revisada","verified","5.1","","editorial","Colaboracion y Proteccion de datos","Colaboracion y Proteccion de datos","What do temporary and transient tables have in common in Snowflake? (Choose two.)","Enunciado, opciones y clave contrastados; explicación revisada.","https://docs.snowflake.com/en/user-guide/tables-temp-transient","2026-09-23"
"901","archivar","archived","","2.1","provisional","Gestion de cuenta y Gobernanza","Gestion de cuenta y Gobernanza","What are the least privileges needed to view and modify resource monitors? (Choose two.)","Repite la habilidad y respuesta de la pregunta contrastada 465, sin aportar un escenario sustancialmente distinto. Se conserva el original.","https://docs.snowflake.com/en/user-guide/resource-monitors.html","2026-09-23"
"902","apartar","quarantine","","3.1","provisional","Rendimiento, Consultas y Transformacion","Carga, Descarga y Conectividad","When does a materialized view get suspended in Snowflake?","Pendiente prioritaria por formulación absoluta, comportamiento cambiante, respuesta sospechosa o escenario incompleto. Se excluye hasta contrastar las condiciones.","https://docs.snowflake.com/en/user-guide/views-materialized.html",""
"903","corregir","verified","5.1","","editorial","Carga, Descarga y Conectividad","Colaboracion y Proteccion de datos","A schema retention setting changes. Which statements about child-table retention are true, assuming applicable edition/type limits and no higher account minimum? (Choose two.)","Acotado o corregido el contenido para evitar ambigüedad; alternativas y explicación contrastadas.","https://docs.snowflake.com/en/user-guide/data-time-travel","2026-09-23"
"904","conservar_revisada","verified","1.6","","editorial","Rendimiento, Consultas y Transformacion","Arquitectura y Data Cloud","Snowpark provides libraries for which programming languages? (Choose two.)","Enunciado, opciones y clave contrastados; explicación revisada.","https://docs.snowflake.com/en/developer-guide/snowpark/index","2026-09-23"
"905","corregir","verified","4.4","","editorial","Rendimiento, Consultas y Transformacion","Rendimiento, Consultas y Transformacion","Assuming SNOWPRO contains at least 10 rows, which statements request a fixed sample of 10 rows? (Choose two.)","Acotado o corregido el contenido para evitar ambigüedad; alternativas y explicación contrastadas.","https://docs.snowflake.com/en/sql-reference/constructs/sample","2026-09-23"
"906","archivar","archived","","1.5","provisional","Carga, Descarga y Conectividad","Arquitectura y Data Cloud","Why would a Snowflake user choose to use a transient table?","Repite la habilidad y respuesta de la pregunta contrastada 555, sin aportar un escenario sustancialmente distinto. Se conserva el original.","https://docs.snowflake.com/en/user-guide/tables-temp-transient.html#transient-tables","2026-09-23"
"907","apartar","quarantine","","2.2","provisional","Colaboracion y Proteccion de datos","Gestion de cuenta y Gobernanza","What does a masking policy consist of in Snowflake?","Pendiente prioritaria por formulación absoluta, comportamiento cambiante, respuesta sospechosa o escenario incompleto. Se excluye hasta contrastar las condiciones.","https://docs.snowflake.com/en/user-guide/security-column-intro",""
"908","conservar_revisada","verified","5.2","","editorial","Colaboracion y Proteccion de datos","Colaboracion y Proteccion de datos","What actions can be performed by a consumer account on a shared database? (Choose two.)","Enunciado, opciones y clave contrastados; explicación revisada.","https://docs.snowflake.com/en/user-guide/data-sharing-intro","2026-09-23"
"909","archivar","archived","","4.4","provisional","Rendimiento, Consultas y Transformacion","Rendimiento, Consultas y Transformacion","What data type is used to ingest semi-structured data into a Snowflake table?","Repite la habilidad y respuesta de la pregunta contrastada 640, sin aportar un escenario sustancialmente distinto. Se conserva el original.","https://docs.snowflake.com/en/user-guide/semistructured-intro.html","2026-09-23"
"910","apartar","quarantine","","2.1","provisional","Gestion de cuenta y Gobernanza","Gestion de cuenta y Gobernanza","Which security feature is used to connect or log in to a Snowflake account?","Pendiente prioritaria por formulación absoluta, comportamiento cambiante, respuesta sospechosa o escenario incompleto. Se excluye hasta contrastar las condiciones.","https://docs.snowflake.com/en/user-guide/key-pair-auth.html",""
"911","apartar","quarantine","","2.1","provisional","Colaboracion y Proteccion de datos","Gestion de cuenta y Gobernanza","Given the statement template below, which database objects can be added to a share? (Choose two.) GRANT ON TO SHARE ;","Pendiente prioritaria por formulación absoluta, comportamiento cambiante, respuesta sospechosa o escenario incompleto. Se excluye hasta contrastar las condiciones.","https://docs.snowflake.com/en/user-guide/data-sharing-intro.html",""
"912","archivar","archived","","4.1","provisional","Rendimiento, Consultas y Transformacion","Rendimiento, Consultas y Transformacion","Which Snowflake feature or tool helps troubleshoot issues in SQL query expressions that commonly cause performance bottlenecks?","Repite la habilidad y respuesta de la pregunta contrastada 451, sin aportar un escenario sustancialmente distinto. Se conserva el original.","https://docs.snowflake.com/en/user-guide/ui-query-profile.html","2026-09-23"
"913","archivar","archived","","5.1","provisional","Colaboracion y Proteccion de datos","Colaboracion y Proteccion de datos","What is a non-configurable feature that provides historical data that Snowflake may recover during a 7-day period?","Repite la habilidad y respuesta de la pregunta contrastada 624, sin aportar un escenario sustancialmente distinto. Se conserva el original.","https://docs.snowflake.com/en/user-guide/data-failsafe","2026-09-23"
"914","apartar","quarantine","","5.2","provisional","Colaboracion y Proteccion de datos","Colaboracion y Proteccion de datos","Which function should be used to authorize users to access rows in a base table when using secure views with Secure Data Sharing?","Pendiente prioritaria por formulación absoluta, comportamiento cambiante, respuesta sospechosa o escenario incompleto. Se excluye hasta contrastar las condiciones.","https://docs.snowflake.com/en/user-guide/views-secure#secure-views-and-data-sharing",""
"915","conservar_revisada","verified","4.1","","editorial","Rendimiento, Consultas y Transformacion","Rendimiento, Consultas y Transformacion","What is the purpose of collecting statistics on data in Snowflake?","Enunciado, opciones y clave contrastados; explicación revisada.","https://docs.snowflake.com/en/user-guide/tables-clustering-micropartitions","2026-09-23"
"916","corregir","verified","4.4","","editorial","Rendimiento, Consultas y Transformacion","Rendimiento, Consultas y Transformacion","Which kind of UDF returns a single value for each input row rather than a table of output rows?","Acotado o corregido el contenido para evitar ambigüedad; alternativas y explicación contrastadas.","https://docs.snowflake.com/en/developer-guide/udf/udf-overview","2026-09-23"
"917","archivar","archived","","3.1","provisional","Carga, Descarga y Conectividad","Carga, Descarga y Conectividad","Which file formats support unloading semi-structured data? (Choose two.)","Repite la habilidad y respuesta de la pregunta contrastada 161, sin aportar un escenario sustancialmente distinto. Se conserva el original.","https://docs.snowflake.com/en/user-guide/data-unload-considerations.html","2026-09-23"
"918","apartar","quarantine","","2.1","provisional","Gestion de cuenta y Gobernanza","Gestion de cuenta y Gobernanza","Which system-defined Snowflake role has permission to rename an account and specify whether the original URL can be used to access the renamed account?","Pendiente prioritaria por formulación absoluta, comportamiento cambiante, respuesta sospechosa o escenario incompleto. Se excluye hasta contrastar las condiciones.","https://docs.snowflake.com/en/sql-reference/sql/alter-account",""
"919","archivar","archived","","2.3","provisional","Rendimiento, Consultas y Transformacion","Gestion de cuenta y Gobernanza","How can a user get the MOST detailed information about individual table storage details in Snowflake?","Repite la habilidad y respuesta de la pregunta contrastada 8, sin aportar un escenario sustancialmente distinto. Se conserva el original.","https://docs.snowflake.com/en/sql-reference/account-usage/table_storage_metrics","2026-09-23"
"920","archivar","archived","","5.2","provisional","Colaboracion y Proteccion de datos","Colaboracion y Proteccion de datos","What type of account can be used to share data with a consumer who does not have a Snowflake account?","Repite la habilidad y respuesta de la pregunta contrastada 452, sin aportar un escenario sustancialmente distinto. Se conserva el original.","https://docs.snowflake.com/en/user-guide/data-sharing-intro","2026-09-23"
"921","apartar","quarantine","","2.1","provisional","Gestion de cuenta y Gobernanza","Gestion de cuenta y Gobernanza","By default, which role has access to the SYSTEM$GLOBAL_ACCOUNT_SET_PARAMETER function?","Pendiente prioritaria por formulación absoluta, comportamiento cambiante, respuesta sospechosa o escenario incompleto. Se excluye hasta contrastar las condiciones.","https://docs.snowflake.com/en/sql-reference/functions/system_global_account_set_parameter",""
"922","conservar_revisada","verified","4.3","","editorial","Rendimiento, Consultas y Transformacion","Rendimiento, Consultas y Transformacion","If a virtual warehouse is suspended, what happens to the warehouse cache?","Enunciado, opciones y clave contrastados; explicación revisada.","https://docs.snowflake.com/en/user-guide/performance-query-warehouse-cache","2026-09-23"
"923","apartar","quarantine","","3.3","provisional","Gestion de cuenta y Gobernanza","Carga, Descarga y Conectividad","What are the primary authentication methods that Snowflake supports for securing REST API interactions? (Choose two.)","Pendiente prioritaria por formulación absoluta, comportamiento cambiante, respuesta sospechosa o escenario incompleto. Se excluye hasta contrastar las condiciones.","https://docs.snowflake.com/en/developer-guide/sql-api/authenticating, https://docs.snowflake.com/en/user-guide/api-authentication",""
"924","apartar","quarantine","","1.2","provisional","Carga, Descarga y Conectividad","Arquitectura y Data Cloud","A Snowflake user is trying to load a 125 GB file using SnowSQL. The file continues to load for almost an entire day. What will happen at the 24-hour mark?","Pendiente prioritaria por formulación absoluta, comportamiento cambiante, respuesta sospechosa o escenario incompleto. Se excluye hasta contrastar las condiciones.","https://docs.snowflake.com/en/user-guide/data-load-considerations-prepare",""
"925","archivar","archived","","4.1","provisional","Rendimiento, Consultas y Transformacion","Rendimiento, Consultas y Transformacion","What information does the Query Profile provide?","Repite la habilidad y respuesta de la pregunta contrastada 509, sin aportar un escenario sustancialmente distinto. Se conserva el original.","https://docs.snowflake.com/en/sql-reference/queries/query-profile.html","2026-09-23"
"926","conservar_revisada","verified","2.1","","editorial","Gestion de cuenta y Gobernanza","Gestion de cuenta y Gobernanza","Which command is used to start configuring Snowflake for Single Sign-On (SSO)?","Enunciado, opciones y clave contrastados; explicación revisada.","https://docs.snowflake.com/en/sql-reference/sql/create-security-integration-saml2","2026-09-23"
"927","corregir","verified","2.1","","editorial","Gestion de cuenta y Gobernanza","Gestion de cuenta y Gobernanza","A role has warehouse access but no privileges on a database or its schema. Which grants enable SELECT on a table there?","Original key incorrectly used OPERATE on a table.","https://docs.snowflake.com/en/user-guide/security-access-control-configure","2026-09-21"
"928","conservar_revisada","verified","2.1","","editorial","Gestion de cuenta y Gobernanza","Gestion de cuenta y Gobernanza","Which command removes a role from another role or a user in Snowflake?","Enunciado, opciones y clave contrastados; explicación revisada.","https://docs.snowflake.com/en/sql-reference/sql/revoke-role","2026-09-23"
"929","corregir","verified","2.2","","editorial","Arquitectura y Data Cloud","Gestion de cuenta y Gobernanza","A tag is assigned to a schema. With ordinary tag inheritance and no overriding value, which path describes its inheritance to table columns?","Acotado o corregido el contenido para evitar ambigüedad; alternativas y explicación contrastadas.","https://docs.snowflake.com/en/user-guide/object-tagging/introduction","2026-09-23"
"930","archivar","archived","","2.1","provisional","Gestion de cuenta y Gobernanza","Gestion de cuenta y Gobernanza","What happens when a network policy includes values that appear in both the allowed and blocked IP address lists?","Repite la habilidad y respuesta de la pregunta contrastada 573, sin aportar un escenario sustancialmente distinto. Se conserva el original.","https://docs.snowflake.com/en/user-guide/network-policies.html","2026-09-23"
"931","apartar","quarantine","","3.1","provisional","Carga, Descarga y Conectividad","Carga, Descarga y Conectividad","For directory tables, what stage allows for automatic refreshing of metadata?","Pendiente prioritaria por formulación absoluta, comportamiento cambiante, respuesta sospechosa o escenario incompleto. Se excluye hasta contrastar las condiciones.","https://docs.snowflake.com/en/user-guide/data-load-dirtables-auto",""
"932","archivar","archived","","3.1","provisional","Carga, Descarga y Conectividad","Carga, Descarga y Conectividad","Which command is used to unload data from a Snowflake database table into one or more files in a Snowflake stage?","Repite la habilidad y respuesta de la pregunta contrastada 729, sin aportar un escenario sustancialmente distinto. Se conserva el original.","https://docs.snowflake.com/en/sql-reference/sql/copy-into-location","2026-09-23"
"933","conservar_revisada","verified","2.3","","editorial","Rendimiento, Consultas y Transformacion","Gestion de cuenta y Gobernanza","Any user with the appropriate privileges can view data storage for individual tables by using which queries? (Choose two.)","Enunciado, opciones y clave contrastados; explicación revisada.","https://docs.snowflake.com/en/sql-reference/info-schema/table_storage_metrics","2026-09-23"
"934","apartar","quarantine","","5.1","provisional","Colaboracion y Proteccion de datos","Colaboracion y Proteccion de datos","A user created a database and set the DATA_RETENTION_TIME_IN_DAYS to 30, but did not set the DATA_RETENTION_TIME_IN_DAYS in table T1. After 5 days, the user accidentally drops table T1. What are the considerations for recovering table T1?","Pendiente prioritaria por formulación absoluta, comportamiento cambiante, respuesta sospechosa o escenario incompleto. Se excluye hasta contrastar las condiciones.","https://docs.snowflake.com/en/user-guide/data-time-travel#specifying-the-data-retention-period-for-an-object",""
"935","apartar","quarantine","","3.1","provisional","Carga, Descarga y Conectividad","Carga, Descarga y Conectividad","What table functions in the Snowflake Information Schema can be queried to retrieve information about directory tables? (Choose two.)","Pendiente prioritaria por formulación absoluta, comportamiento cambiante, respuesta sospechosa o escenario incompleto. Se excluye hasta contrastar las condiciones.","https://docs.snowflake.com/en/user-guide/data-load-dirtables",""
"936","archivar","archived","","2.1","provisional","Arquitectura y Data Cloud","Gestion de cuenta y Gobernanza","Which Snowflake table type persists until it is explicitly dropped, is available for all users with relevant privileges (across sessions), and has no Fail-safe period?","Repite la habilidad y respuesta de la pregunta contrastada 555, sin aportar un escenario sustancialmente distinto. Se conserva el original.","https://docs.snowflake.com/en/user-guide/tables-transient.html","2026-09-23"
"937","apartar","quarantine","","2.1","provisional","Gestion de cuenta y Gobernanza","Gestion de cuenta y Gobernanza","Snowflake’s access control framework combines which models for securing data? (Choose two.)","Pendiente prioritaria por formulación absoluta, comportamiento cambiante, respuesta sospechosa o escenario incompleto. Se excluye hasta contrastar las condiciones.","https://docs.snowflake.com/en/user-guide/security-access-control.html",""
"938","conservar_revisada","verified","3.1","","editorial","Rendimiento, Consultas y Transformacion","Carga, Descarga y Conectividad","Which semi-structured file format is a compressed, efficient, columnar data representation?","Enunciado, opciones y clave contrastados; explicación revisada.","https://docs.snowflake.com/en/user-guide/data-load-overview","2026-09-23"
"939","archivar","archived","","5.2","provisional","Arquitectura y Data Cloud","Colaboracion y Proteccion de datos","How does Snowflake describe its unique architecture?","Repite la habilidad y respuesta de la pregunta contrastada 148, sin aportar un escenario sustancialmente distinto. Se conserva el original.","https://docs.snowflake.com/en/user-guide/intro-key-concepts#snowflake-architecture","2026-09-23"
"940","archivar","archived","","4.4","provisional","Carga, Descarga y Conectividad","Rendimiento, Consultas y Transformacion","Which data type can be used to load semi-structured data files directly, without explicitly describing the hierarchical structure of the data?","Repite la habilidad y respuesta de la pregunta contrastada 640, sin aportar un escenario sustancialmente distinto. Se conserva el original.","https://docs.snowflake.com/en/sql-reference/data-types/variant","2026-09-23"
"941","corregir","verified","5.1","","editorial","Colaboracion y Proteccion de datos","Colaboracion y Proteccion de datos","In Enterprise Edition, a permanent table has DATA_RETENTION_TIME_IN_DAYS=2 and the account has MIN_DATA_RETENTION_TIME_IN_DAYS=5. What is its effective Time Travel retention?","Acotado o corregido el contenido para evitar ambigüedad; alternativas y explicación contrastadas.","https://docs.snowflake.com/en/sql-reference/parameters","2026-09-23"
"942","conservar_revisada","verified","2.1","","editorial","Gestion de cuenta y Gobernanza","Gestion de cuenta y Gobernanza","Which key access control concept does Snowflake describe as a defined level of access to an object?","Enunciado, opciones y clave contrastados; explicación revisada.","https://docs.snowflake.com/en/user-guide/security-access-control-overview","2026-09-23"
"943","corregir","verified","4.2","","editorial","Rendimiento, Consultas y Transformacion","Rendimiento, Consultas y Transformacion","Which object has automatically maintained stored query results whose refresh can incur credits?","Acotado o corregido el contenido para evitar ambigüedad; alternativas y explicación contrastadas.","https://docs.snowflake.com/en/user-guide/views-materialized","2026-09-23"
"944","apartar","quarantine","","2.3","provisional","Rendimiento, Consultas y Transformacion","Gestion de cuenta y Gobernanza","How many credits does a size 3X-Large virtual warehouse consume if it runs continuously for 2 hours?","Pendiente prioritaria por formulación absoluta, comportamiento cambiante, respuesta sospechosa o escenario incompleto. Se excluye hasta contrastar las condiciones.","https://docs.snowflake.com/en/user-guide/cost-understanding-compute.html",""
"945","archivar","archived","","4.1","provisional","Rendimiento, Consultas y Transformacion","Rendimiento, Consultas y Transformacion","What is the purpose of a Query Profile?","Repite la habilidad y respuesta de la pregunta contrastada 451, sin aportar un escenario sustancialmente distinto. Se conserva el original.","https://docs.snowflake.com/en/user-guide/query-profile.html","2026-09-23"
"946","archivar","archived","","4.1","provisional","Rendimiento, Consultas y Transformacion","Rendimiento, Consultas y Transformacion","Which common query problems are identified by the Query Profile? (Choose two.)","Repite la habilidad y respuesta de la pregunta contrastada 809, sin aportar un escenario sustancialmente distinto. Se conserva el original.","https://docs.snowflake.com/en/user-guide/ui-query-profile.html","2026-09-23"
"947","apartar","quarantine","","1.4","provisional","Rendimiento, Consultas y Transformacion","Arquitectura y Data Cloud","While running a query on a virtual warehouse in auto-scale mode, additional clusters are started immediately if which setting is configured?","Pendiente prioritaria por formulación absoluta, comportamiento cambiante, respuesta sospechosa o escenario incompleto. Se excluye hasta contrastar las condiciones.","https://docs.snowflake.com/en/user-guide/warehouses-multicluster.html#increasing-or-decreasing-clusters-for-a-multi-cluster-warehouse",""
"948","conservar_revisada","verified","2.1","","editorial","Gestion de cuenta y Gobernanza","Gestion de cuenta y Gobernanza","Which Snowflake role can manage any object grant globally, including modifying and revoking grants?","Enunciado, opciones y clave contrastados; explicación revisada.","https://docs.snowflake.com/en/user-guide/security-access-control-overview","2026-09-23"
"949","apartar","quarantine","","3.1","provisional","Carga, Descarga y Conectividad","Carga, Descarga y Conectividad","What is the MINIMUM permission needed to access a file URL from an external stage?","Pendiente prioritaria por formulación absoluta, comportamiento cambiante, respuesta sospechosa o escenario incompleto. Se excluye hasta contrastar las condiciones.","https://docs.snowflake.com/en/sql-reference/functions/build_stage_file_url",""
"950","apartar","quarantine","","2.1","provisional","Colaboracion y Proteccion de datos","Gestion de cuenta y Gobernanza","In the Data Exchange, who can get or request data from the listings? (Choose two.)","Pendiente prioritaria por formulación absoluta, comportamiento cambiante, respuesta sospechosa o escenario incompleto. Se excluye hasta contrastar las condiciones.","https://docs.snowflake.com/en/user-guide/data-exchange-using",""
"951","apartar","quarantine","","1.4","provisional","Rendimiento, Consultas y Transformacion","Arquitectura y Data Cloud","What does Snowflake attempt to do if any of the compute resources for a virtual warehouse fail to provision during start-up?","Revisar con documentación específica y versión actual antes de usar para evaluación; la clave o el alcance no están suficientemente justificados.","https://docs.snowflake.com/en/user-guide/warehouses-tasks",""
"952","corregir","verified","2.1","","editorial","Gestion de cuenta y Gobernanza","Gestion de cuenta y Gobernanza","Which statement describes the ownership principle of discretionary access control in Snowflake?","Acotado o corregido el contenido para evitar ambigüedad; alternativas y explicación contrastadas.","https://docs.snowflake.com/en/user-guide/security-access-control-overview","2026-09-23"
"953","archivar","archived","","3.1","provisional","Carga, Descarga y Conectividad","Carga, Descarga y Conectividad","Which command is used to take away staged files from a Snowflake stage after a successful data ingestion?","Repite la habilidad y respuesta de la pregunta contrastada 182, sin aportar un escenario sustancialmente distinto. Se conserva el original.","https://docs.snowflake.com/en/user-guide/data-load-considerations-manage, https://docs.snowflake.com/en/sql-reference/sql/remove","2026-09-23"
"954","apartar","quarantine","","4.4","provisional","Rendimiento, Consultas y Transformacion","Rendimiento, Consultas y Transformacion","The Snowflake VARIANT data type imposes a 16 MB size limit on what?","Límite histórico de 16 MB sin contexto de tipo/versión; contrastar con límites actuales.","https://docs.snowflake.com/en/user-guide/semistructured-considerations",""
"955","archivar","archived","","3.2","provisional","Rendimiento, Consultas y Transformacion","Carga, Descarga y Conectividad","Which Snowflake feature records changes made to a table so actions can be taken using that change data capture?","Repite la habilidad y respuesta de la pregunta contrastada 612, sin aportar un escenario sustancialmente distinto. Se conserva el original.","https://docs.snowflake.com/en/user-guide/streams.html","2026-09-23"
"956","conservar_revisada","verified","2.2","","editorial","Arquitectura y Data Cloud","Gestion de cuenta y Gobernanza","Which system-defined, read-only view displays information on column lineage that specifies how data flows from source to target in a SQL write operation?","Enunciado, opciones y clave contrastados; explicación revisada.","https://docs.snowflake.com/en/sql-reference/account-usage/access_history","2026-09-23"
"957","corregir","verified","2.1","","editorial","Gestion de cuenta y Gobernanza","Gestion de cuenta y Gobernanza","Which roles can create a network policy? (Choose two.)","Acotado o corregido el contenido para evitar ambigüedad; alternativas y explicación contrastadas.","https://docs.snowflake.com/en/user-guide/network-policies","2026-09-23"
"958","apartar","quarantine","","2.1","provisional","Gestion de cuenta y Gobernanza","Gestion de cuenta y Gobernanza","Who can grant object privileges in a regular schema?","Revisar con documentación específica y versión actual antes de usar para evaluación; la clave o el alcance no están suficientemente justificados.","https://docs.snowflake.com/en/user-guide/security-access-control-configure#label-managed-access-schemas",""
"959","conservar_revisada","verified","1.3","","editorial","Gestion de cuenta y Gobernanza","Arquitectura y Data Cloud","Which command can be used to list all the file formats for which a user has access privileges?","Enunciado, opciones y clave contrastados; explicación revisada.","https://docs.snowflake.com/en/sql-reference/sql/show-file-formats","2026-09-23"
"960","apartar","quarantine","","3.2","provisional","Carga, Descarga y Conectividad","Carga, Descarga y Conectividad","Which Snowflake feature supports continuous, serverless data loading into tables as soon as new data arrives?","Revisar con documentación específica y versión actual antes de usar para evaluación; la clave o el alcance no están suficientemente justificados.","https://docs.snowflake.com/en/user-guide/data-load-snowpipe-intro",""
"961","archivar","archived","","4.1","provisional","Rendimiento, Consultas y Transformacion","Rendimiento, Consultas y Transformacion","What value provides information about disk usage for operations where intermediate results do not fit in memory in a Query Profile?","Repite la habilidad y respuesta de la pregunta contrastada 692, sin aportar un escenario sustancialmente distinto. Se conserva el original.","https://community.snowflake.com/s/article/Performance-impact-from-local-and-remote-disk-spilling","2026-09-23"
"962","apartar","quarantine","","4.4","provisional","Rendimiento, Consultas y Transformacion","Rendimiento, Consultas y Transformacion","Regardless of which notation is used, what are considerations for writing the column name and element names when traversing semi-structured data?","Revisar con documentación específica y versión actual antes de usar para evaluación; la clave o el alcance no están suficientemente justificados.","https://docs.snowflake.com/en/user-guide/querying-semistructured",""
"963","archivar","archived","","4.4","provisional","Arquitectura y Data Cloud","Rendimiento, Consultas y Transformacion","Which Snowflake data type is used to store JSON key-value pairs?","Repite la habilidad y respuesta de la pregunta contrastada 47, sin aportar un escenario sustancialmente distinto. Se conserva el original.","https://docs.snowflake.com/en/sql-reference/data-types-semistructured","2026-09-23"
"964","apartar","quarantine","","2.1","provisional","Gestion de cuenta y Gobernanza","Gestion de cuenta y Gobernanza","How are network policies defined in Snowflake?","Revisar con documentación específica y versión actual antes de usar para evaluación; la clave o el alcance no están suficientemente justificados.","https://docs.snowflake.com/en/user-guide/network-policies.html",""
"965","apartar","quarantine","","3.1","provisional","Carga, Descarga y Conectividad","Carga, Descarga y Conectividad","What is the only supported character set for loading and unloading data from all supported file formats?","Revisar con documentación específica y versión actual antes de usar para evaluación; la clave o el alcance no están suficientemente justificados.","https://docs.snowflake.com/en/user-guide/data-load-utf8.html",""
"966","corregir","verified","4.4","","editorial","Rendimiento, Consultas y Transformacion","Rendimiento, Consultas y Transformacion","Which expression constructs an OBJECT from the columns of each input row when used in a SELECT?","Acotado o corregido el contenido para evitar ambigüedad; alternativas y explicación contrastadas.","https://docs.snowflake.com/en/sql-reference/functions/object_construct","2026-09-23"
"967","archivar","archived","","3.1","provisional","Carga, Descarga y Conectividad","Carga, Descarga y Conectividad","Which command can be used to delete staged files from a Snowflake stage when the files are no longer needed?","Repite la habilidad y respuesta de la pregunta contrastada 182, sin aportar un escenario sustancialmente distinto. Se conserva el original.","https://docs.snowflake.com/en/sql-reference/sql/remove.html","2026-09-23"
"968","archivar","archived","","1.4","provisional","Rendimiento, Consultas y Transformacion","Arquitectura y Data Cloud","A virtual warehouse initially suffers from poor performance as a result of queries from multiple concurrent processes that are queuing. Over time, the problem resolved. What action can be taken to prevent this from happening again?","Repite la habilidad y respuesta de la pregunta contrastada 457, sin aportar un escenario sustancialmente distinto. Se conserva el original.","https://docs.snowflake.com/en/user-guide/warehouses-multicluster.html","2026-09-23"
"969","corregir","verified","3.1","","editorial","Carga, Descarga y Conectividad","Carga, Descarga y Conectividad","What is the primary transfer operation performed by GET?","Acotado o corregido el contenido para evitar ambigüedad; alternativas y explicación contrastadas.","https://docs.snowflake.com/en/sql-reference/sql/get","2026-09-23"
"970","apartar","quarantine","","3.1","provisional","Carga, Descarga y Conectividad","Carga, Descarga y Conectividad","Which validation option is the only one that supports the COPY INTO command?","Revisar con documentación específica y versión actual antes de usar para evaluación; la clave o el alcance no están suficientemente justificados.","https://docs.snowflake.com/en/sql-reference/sql/copy-into-location",""
"971","corregir","verified","4.4","","editorial","Rendimiento, Consultas y Transformacion","Rendimiento, Consultas y Transformacion","In a JSON path expression using an unquoted SQL column identifier, how are that identifier and the JSON element names treated?","Acotado o corregido el contenido para evitar ambigüedad; alternativas y explicación contrastadas.","https://docs.snowflake.com/en/user-guide/querying-semistructured","2026-09-23"
"972","corregir","verified","4.1","","editorial","Rendimiento, Consultas y Transformacion","Rendimiento, Consultas y Transformacion","How can Query Profile help identify the operator accounting for the largest share of query processing time?","Acotado o corregido el contenido para evitar ambigüedad; alternativas y explicación contrastadas.","https://docs.snowflake.com/en/user-guide/ui-snowsight-activity","2026-09-23"
"973","corregir","verified","5.3","","editorial","Colaboracion y Proteccion de datos","Colaboracion y Proteccion de datos","Before consuming a paid listing where acceptance of the Snowflake Provider and Consumer Terms is required, which statement reflects the documented setup?","Acotado o corregido el contenido para evitar ambigüedad; alternativas y explicación contrastadas.","https://docs.snowflake.com/en/collaboration/consumer-becoming","2026-09-23"
"974","corregir","verified","4.1","","editorial","Rendimiento, Consultas y Transformacion","Rendimiento, Consultas y Transformacion","Which Query Profile statistics record intermediate data spilled beyond memory? (Choose two.)","Acotado o corregido el contenido para evitar ambigüedad; alternativas y explicación contrastadas.","https://docs.snowflake.com/en/user-guide/ui-snowsight-activity","2026-09-23"
"975","apartar","quarantine","","3.1","provisional","Carga, Descarga y Conectividad","Carga, Descarga y Conectividad","How can a dropped internal stage be restored?","Revisar con documentación específica y versión actual antes de usar para evaluación; la clave o el alcance no están suficientemente justificados.","https://docs.snowflake.com/en/user-guide/data-load-local-file-system-stage.html#deleting-internal-stages",""
"976","apartar","quarantine","","1.2","provisional","Gestion de cuenta y Gobernanza","Arquitectura y Data Cloud","Which command line flags can be used to log into a Snowflake account using SnowSQL? (Choose two.)","Revisar con documentación específica y versión actual antes de usar para evaluación; la clave o el alcance no están suficientemente justificados.","https://docs.snowflake.com/en/user-guide/snowsql-start.html",""
"977","conservar_revisada","verified","1.1","","editorial","Arquitectura y Data Cloud","Arquitectura y Data Cloud","What is a key benefit of using organizations in Snowflake?","Enunciado, opciones y clave contrastados; explicación revisada.","https://docs.snowflake.com/en/user-guide/organizations","2026-09-23"
"978","conservar_revisada","verified","2.1","","editorial","Gestion de cuenta y Gobernanza","Gestion de cuenta y Gobernanza","Which privilege is required on a virtual warehouse to abort any existing executing queries?","La clave OPERATE es válida; la explicación confundía abortar consultas con pausarlas. Solo se corrigen nota y referencia.","https://docs.snowflake.com/en/user-guide/security-access-control-privileges","2026-09-23"
"979","corregir","verified","4.4","","editorial","Rendimiento, Consultas y Transformacion","Rendimiento, Consultas y Transformacion","Which function checks XML text and returns an error message for invalid XML, or NULL for valid XML?","Se llamaba comando a la función y se hablaba de un objeto ya parseado. Se precisa la validación de texto con diagnóstico; se conservan las funciones hermanas.","https://docs.snowflake.com/en/sql-reference/functions/check_xml","2026-09-23"
"980","apartar","quarantine","","2.1","provisional","Gestion de cuenta y Gobernanza","Gestion de cuenta y Gobernanza","Who can activate a network policy for users in a Snowflake account? (Choose two.)","Revisar con documentación específica y versión actual antes de usar para evaluación; la clave o el alcance no están suficientemente justificados.","https://docs.snowflake.com/en/user-guide/network-policies.html",""
"981","apartar","quarantine","","3.1","provisional","Rendimiento, Consultas y Transformacion","Carga, Descarga y Conectividad","For which use cases is running a virtual warehouse required? (Choose two.)","Revisar con documentación específica y versión actual antes de usar para evaluación; la clave o el alcance no están suficientemente justificados.","https://docs.snowflake.com/en/user-guide/warehouses-overview.html",""
"982","archivar","archived","","2.1","provisional","Colaboracion y Proteccion de datos","Gestion de cuenta y Gobernanza","What action should be taken if a Snowflake user wants to share a newly created object in a database with consumers?","Renombrar o recrear para compartir son distractores artificiosos; se repite el requisito de grants al share. Cubierto por la pregunta contrastada 453; original conservado.","https://docs.snowflake.com/en/user-guide/security-share-access.html","2026-09-23"
"983","conservar_revisada","verified","2.1","","editorial","Gestion de cuenta y Gobernanza","Gestion de cuenta y Gobernanza","Which Snowflake privilege is required on a pipe object to pause or resume pipes?","OPERATE confirma la clave; se sustituye el enlace genérico de pipelines por el catálogo de privilegios sin cambiar la pregunta.","https://docs.snowflake.com/en/user-guide/security-access-control-privileges","2026-09-23"
"984","conservar_revisada","verified","4.2","","editorial","Rendimiento, Consultas y Transformacion","Rendimiento, Consultas y Transformacion","Which commands can a Snowflake user execute to specify a cluster key for a table? (Choose two.)","CREATE y ALTER son correctos; la explicación precisa sus formas TABLE, manteniendo enunciado, opciones y clave.","https://docs.snowflake.com/en/user-guide/tables-clustering-keys","2026-09-23"
"985","apartar","quarantine","","2.1","provisional","Gestion de cuenta y Gobernanza","Gestion de cuenta y Gobernanza","Authorization to execute CREATE [object] statements comes only from which role?","Revisar con documentación específica y versión actual antes de usar para evaluación; la clave o el alcance no están suficientemente justificados.","https://docs.snowflake.com/en/user-guide/security-access-control.html",""
"986","corregir","verified","3.1","","editorial","Carga, Descarga y Conectividad","Carga, Descarga y Conectividad","Which VALIDATION_MODE value will return the errors across the files specified in a COPY command, including files that were partially loaded during an earlier load?","RETURN_-1_ROWS no es un modo documentado y la fuente era de descarga. Se usan los tres modos documentados de validación de carga.","https://docs.snowflake.com/en/sql-reference/sql/copy-into-table","2026-09-23"
"987","archivar","archived","","3.1","provisional","Carga, Descarga y Conectividad","Carga, Descarga y Conectividad","Which command is used to upload data files from a local directory or folder on a client machine to an internal stage, for a specified table?","Repite PUT para cargar archivos al stage; CREATE STREAM no es una operación cercana de transferencia. Cubierto por la pregunta contrastada 454; original conservado.","https://docs.snowflake.com/en/user-guide/data-load-local-file-system-put.html","2026-09-23"
"988","apartar","quarantine","","1.1","provisional","Colaboracion y Proteccion de datos","Arquitectura y Data Cloud","Which governance feature is supported by all Snowflake editions?","Revisar con documentación específica y versión actual antes de usar para evaluación; la clave o el alcance no están suficientemente justificados.","https://docs.snowflake.com/en/user-guide/access-control-privileges.html",""
"989","archivar","archived","","1.2","provisional","Rendimiento, Consultas y Transformacion","Arquitectura y Data Cloud","Which chart type is supported in Snowsight for Snowflake users to visualize data with dashboards?","Memoriza un catálogo cambiante de gráficos de Snowsight; se mantiene el criterio de 867 y se conserva el original fuera de simulacros.","https://docs.snowflake.com/en/user-guide/snowsight-dashboards.html","2026-09-23"
"990","conservar_revisada","verified","5.1","","editorial","Colaboracion y Proteccion de datos","Colaboracion y Proteccion de datos","At what level is the MIN_DATA_RETENTION_TIME_IN_DAYS parameter set?","Account es correcto; faltaba la exclusión de tablas temporales/transient y la referencia apuntaba a CREATE TABLE.","https://docs.snowflake.com/en/sql-reference/parameters","2026-09-23"
"991","corregir","verified","4.4","","editorial","Rendimiento, Consultas y Transformacion","Rendimiento, Consultas y Transformacion","Which function returns an integer between 0 and 100 when used to calculate the similarity of two strings?","APPROXIMATE_SIMILARITY no era el nombre documentado y MINHASH_COMBINE manipula estados MinHash. Se sustituyen por funciones reales de comparación de cadenas.","https://docs.snowflake.com/en/sql-reference/functions-string","2026-09-23"
"992","conservar_revisada","verified","2.2","","editorial","Colaboracion y Proteccion de datos","Gestion de cuenta y Gobernanza","Which Snowflake data governance feature can support auditing when a user query reads column data?","Se confirma Access History; se distinguen auditoría, clasificación, protección y dependencias, añadiendo límites de cobertura.","https://docs.snowflake.com/en/sql-reference/account-usage/access_history","2026-09-23"
"993","apartar","quarantine","","4.1","provisional","Rendimiento, Consultas y Transformacion","Rendimiento, Consultas y Transformacion","Which categories are included in the execution time summary in a Query Profile? (Choose two.)","Revisar con documentación específica y versión actual antes de usar para evaluación; la clave o el alcance no están suficientemente justificados.","https://docs.snowflake.com/en/user-guide/query-profile.html",""
"994","conservar_revisada","verified","2.1","","editorial","Gestion de cuenta y Gobernanza","Gestion de cuenta y Gobernanza","Which command can be used to list all network policies available in an account?","La clave y los comandos son correctos; se matiza la visibilidad por permisos y se cita el comando específico.","https://docs.snowflake.com/en/sql-reference/sql/show-network-policies","2026-09-23"
"995","corregir","verified","4.4","","editorial","Rendimiento, Consultas y Transformacion","Rendimiento, Consultas y Transformacion","Which Snowflake Scripting loop construct has no built-in termination condition or iteration bound?","BREAK no es la única salida: RETURN también puede terminar el bloque. Se pregunta por la ausencia de condición propia, conservando los cuatro constructos.","https://docs.snowflake.com/en/developer-guide/snowflake-scripting/loops","2026-09-23"
"996","conservar_revisada","verified","2.3","","editorial","Rendimiento, Consultas y Transformacion","Gestion de cuenta y Gobernanza","Which virtual warehouse consideration can help lower compute resource credit consumption?","La automatización es una medida válida; se elimina la impresión de ahorro garantizado y se explica el efecto de reinicios frecuentes.","https://docs.snowflake.com/en/user-guide/warehouses-considerations","2026-09-23"
"997","apartar","quarantine","","2.1","provisional","Carga, Descarga y Conectividad","Gestion de cuenta y Gobernanza","To use the OVERWRITE option on INSERT, which privilege must be granted to the role?","Revisar con documentación específica y versión actual antes de usar para evaluación; la clave o el alcance no están suficientemente justificados.","https://docs.snowflake.com/en/sql-reference/sql/insert.html#overwrite",""
"998","archivar","archived","","1.4","provisional","Arquitectura y Data Cloud","Arquitectura y Data Cloud","What happens when a suspended virtual warehouse is resized in Snowflake?","Repite el efecto de redimensionar un warehouse suspendido. Cubierto por la pregunta contrastada 845; original conservado.","https://docs.snowflake.com/en/user-guide/warehouses.html#resize","2026-09-23"
"999","apartar","quarantine","","5.1","provisional","Colaboracion y Proteccion de datos","Colaboracion y Proteccion de datos","How does Snowflake handle the data retention period for a table if a stream has not been consumed?","Revisar con documentación específica y versión actual antes de usar para evaluación; la clave o el alcance no están suficientemente justificados.","https://docs.snowflake.com/en/user-guide/data-sharing.html#streams",""
"1000","archivar","archived","","2.2","provisional","Gestion de cuenta y Gobernanza","Gestion de cuenta y Gobernanza","Which task is supported by the use of Access History in Snowflake?","Repite la finalidad de auditoría de ACCESS_HISTORY sin nuevo escenario. Cubierto por la pregunta contrastada 591; original conservado.","https://docs.snowflake.com/en/user-guide/access-history#benefits","2026-09-23"
"1001","archivar","archived","","2.3","provisional","Colaboracion y Proteccion de datos","Gestion de cuenta y Gobernanza","Which feature of Snowflake’s Continuous Data Protection (CDP) has associated costs?","Repite el coste de Fail-safe comparándolo con controles de seguridad ajenos a retención. Cubierto por la pregunta contrastada 791; original conservado.","https://docs.snowflake.com/en/user-guide/data-protection-cdp.html","2026-09-23"
"1002","apartar","quarantine","","2.1","provisional","Carga, Descarga y Conectividad","Gestion de cuenta y Gobernanza","When enabling access to unstructured data, which URL permits temporary access to a staged file without the need to grant privileges to the stage or to issue access tokens?","Revisar con documentación específica y versión actual antes de usar para evaluación; la clave o el alcance no están suficientemente justificados.","https://docs.snowflake.com/en/user-guide/unstructured-intro#types-of-urls-available-to-access-files, https://docs.snowflake.com/en/sql-reference/functions/build_scoped_file_url",""
"1003","corregir","verified","1.1","","editorial","Arquitectura y Data Cloud","Arquitectura y Data Cloud","Which cloud-services responsibility maintains object and partition information used by pruning, Time Travel, and data sharing?","Se llamaba función a un servicio y se mezclaban mecanismos de almacenamiento. Se comparan responsabilidades reales de la misma capa.","https://docs.snowflake.com/en/user-guide/intro-key-concepts","2026-09-23"
"1004","apartar","quarantine","","2.2","provisional","Rendimiento, Consultas y Transformacion","Gestion de cuenta y Gobernanza","A tag object has been assigned to a table (TABLE_A) in a schema within a Snowflake database. Which CREATE object statement will automatically assign the TABLE_A tag to a target object?","Revisar con documentación específica y versión actual antes de usar para evaluación; la clave o el alcance no están suficientemente justificados.","https://docs.snowflake.com/en/sql-reference/sql/create-table-like.html, https://docs.snowflake.com/en/user-guide/object-tagging.html",""
"1005","corregir","verified","5.2","","editorial","Colaboracion y Proteccion de datos","Colaboracion y Proteccion de datos","A shared secure view references tables in additional databases. Which privilege must be granted to the share on each of those additional databases?","No se distinguía la base de la vista de las bases adicionales. Se acota a estas últimas y se conservan los privilegios originales.","https://docs.snowflake.com/en/user-guide/data-sharing-multiple-db","2026-09-23"
"1006","archivar","archived","","3.1","provisional","Carga, Descarga y Conectividad","Carga, Descarga y Conectividad","Which function can be used with the COPY INTO statement to convert rows from a relational table to a single VARIANT column, and to unload rows into a JSON file?","Repite OBJECT_CONSTRUCT e incluye OBJECT_AS, que no es la función documentada. Cubierto por la pregunta contrastada 517; original conservado.","https://docs.snowflake.com/en/sql-reference/functions/object_construct.html, https://docs.snowflake.com/en/sql-reference/sql/copy-into-location.html","2026-09-23"
"1007","conservar_revisada","verified","5.2","","editorial","Colaboracion y Proteccion de datos","Colaboracion y Proteccion de datos","Which type of role can be granted to a share?","Database role es correcto; se explica por qué un account role personalizado no se vuelve compartible y se añade el límite entre bases.","https://docs.snowflake.com/en/user-guide/data-sharing-gs","2026-09-23"
"1008","apartar","quarantine","","3.1","provisional","Carga, Descarga y Conectividad","Carga, Descarga y Conectividad","When unloading data with the COPY INTO command, what is the purpose of the PARTITION BY parameter option?","Revisar con documentación específica y versión actual antes de usar para evaluación; la clave o el alcance no están suficientemente justificados.","https://docs.snowflake.com/en/sql-reference/sql/copy-into-location.html#copy-into-location-partition-by",""
"1009","conservar_revisada","verified","4.4","","editorial","Rendimiento, Consultas y Transformacion","Rendimiento, Consultas y Transformacion","What are potential impacts of storing non-native values like dates and timestamps in a VARIANT column in Snowflake?","La combinación indicada es un efecto potencial documentado; se aclara la comparación entre cadenas en VARIANT y columnas tipadas.","https://docs.snowflake.com/en/user-guide/semistructured-considerations","2026-09-23"
"1010","conservar_revisada","verified","5.3","","editorial","Colaboracion y Proteccion de datos","Colaboracion y Proteccion de datos","Which views are included in the DATA_SHARING_USAGE schema? (Choose two.)","Se contrastan ambas vistas con el inventario oficial del esquema y se sustituye la explicación genérica.","https://docs.snowflake.com/en/sql-reference/data-sharing-usage","2026-09-23"
"1011","apartar","quarantine","","1.5","provisional","Arquitectura y Data Cloud","Arquitectura y Data Cloud","What does a table with a clustering depth of 1 mean in Snowflake?","Revisar con documentación específica y versión actual antes de usar para evaluación; la clave o el alcance no están suficientemente justificados.","https://docs.snowflake.com/en/user-guide/tables-clustering-micropartitions, https://docs.snowflake.com/en/sql-reference/functions/system_clustering_depth",""
"1012","archivar","archived","","5.2","provisional","Colaboracion y Proteccion de datos","Colaboracion y Proteccion de datos","Which Snowflake object contains all the information required to share a database?","Repite la definición de share; Sequence no es una confusión cercana de compartición. Cubierto por la pregunta contrastada 222; original conservado.","https://docs.snowflake.com/en/user-guide/data-sharing-intro.html","2026-09-23"
"1013","apartar","quarantine","","2.3","provisional","Rendimiento, Consultas y Transformacion","Gestion de cuenta y Gobernanza","What is the PRIMARY factor that determines the cost of using a virtual warehouse in Snowflake?","Revisar con documentación específica y versión actual antes de usar para evaluación; la clave o el alcance no están suficientemente justificados.","https://docs.snowflake.com/en/user-guide/warehouses-costs.html",""
"1014","archivar","archived","","3.1","provisional","Carga, Descarga y Conectividad","Carga, Descarga y Conectividad","Which function generates a Snowflake-hosted file URL to a staged file using the stage name and relative file path as inputs, with a file URL that does not expire?","Repite BUILD_STAGE_FILE_URL como URL persistente. Cubierto por la pregunta contrastada 657; original conservado.","https://docs.snowflake.com/en/sql-reference/functions/build_stage_file_url.html","2026-09-23"
"1015","conservar_revisada","verified","3.1","","editorial","Carga, Descarga y Conectividad","Carga, Descarga y Conectividad","When a Snowflake user loads CSV data from a stage, which COPY INTO [table] command guideline should they follow?","La clave es una recomendación; la nota precisa las excepciones de número de columnas, delimitadores y compresión sin reescribir opciones.","https://docs.snowflake.com/en/sql-reference/sql/copy-into-table","2026-09-23"
"1016","apartar","quarantine","","3.1","provisional","Carga, Descarga y Conectividad","Carga, Descarga y Conectividad","A user creates a stage using the following command: CREATE STAGE mystage - DIRECTORY = (ENABLE = TRUE) FILE_FORMAT = myformat; What will be the outcome?","Revisar con documentación específica y versión actual antes de usar para evaluación; la clave o el alcance no están suficientemente justificados.","https://docs.snowflake.com/en/user-guide/data-load-dirtables-manage",""
"1017","archivar","archived","","4.1","provisional","Rendimiento, Consultas y Transformacion","Rendimiento, Consultas y Transformacion","Which statistics on a Query Profile reflect the efficiency of the query pruning? (Choose two.)","Repite Partitions scanned/total; Bytes scanned también refleja efectos de pruning con este enunciado amplio. Cubierto por la pregunta contrastada 861; original conservado.","https://docs.snowflake.com/en/user-guide/querying-using-snowflake.html#query-profiles","2026-09-23"
"1018","corregir","verified","3.1","","editorial","Carga, Descarga y Conectividad","Carga, Descarga y Conectividad","Which listed operation combines rows from an external table with rows from another table in a query, without changing either table definition?","JOIN y ALTER eran operaciones válidas. Se limita el enunciado a combinar filas en una consulta, conservando las opciones.","https://docs.snowflake.com/en/user-guide/tables-external-intro","2026-09-23"
"1019","archivar","archived","","3.1","provisional","Colaboracion y Proteccion de datos","Carga, Descarga y Conectividad","A user wants to access files stored in a stage without authenticating into Snowflake. Which type of URL should be used?","Repite acceso prefirmado sin autenticación e incluye Staged URL como categoría no documentada. Cubierto por la pregunta contrastada 388; original conservado.","https://docs.snowflake.com/en/user-guide/unstructured-intro.html","2026-09-23"
"1020","conservar_revisada","verified","3.1","","editorial","Carga, Descarga y Conectividad","Carga, Descarga y Conectividad","Which table function is used to view all errors encountered during a previous data load?","VALIDATE es correcto; se añaden restricciones omitidas y se diferencia su diagnóstico del historial general de consultas.","https://docs.snowflake.com/en/sql-reference/functions/validate","2026-09-23"
"1021","apartar","quarantine","","1.4","provisional","Rendimiento, Consultas y Transformacion","Arquitectura y Data Cloud","What is the MINIMUM size requirement when creating a Snowpark-optimized virtual warehouse?","Revisar con documentación específica y versión actual antes de usar para evaluación; la clave o el alcance no están suficientemente justificados.","https://docs.snowflake.com/en/user-guide/snowpark-optimization.html",""
"1022","archivar","archived","","2.1","provisional","Gestion de cuenta y Gobernanza","Gestion de cuenta y Gobernanza","Which role has the ability to create and manage users and roles?","USERADMIN y SECURITYADMIN pueden crear usuarios por herencia; la versión conservada pregunta por el rol dedicado. Cubierto por la pregunta contrastada 4; original conservado.","https://docs.snowflake.com/en/user-guide/admin-user-management.html","2026-09-23"
"1023","archivar","archived","","4.1","provisional","Rendimiento, Consultas y Transformacion","Rendimiento, Consultas y Transformacion","What issues can be identified and troubleshooted using the Query Profile? (Choose two.)","La detección de presión de memoria está cubierta; los joins se cubren en 505 y Full index scans no encaja en el escenario. Cubierto por la pregunta contrastada 974; original conservado.","https://docs.snowflake.com/user-guide/ui-snowsight-activity#common-query-problems-identified-by-query-profile","2026-09-23"
"1024","corregir","verified","5.2","","editorial","Gestion de cuenta y Gobernanza","Colaboracion y Proteccion de datos","Which command removes a managed reader account together with its objects and immediately restricts access to that account?","Mover automáticamente objetos al proveedor era un distractor artificial. Se comparan cuatro comandos DDL reales relacionados con el escenario.","https://docs.snowflake.com/en/sql-reference/sql/drop-managed-account","2026-09-23"
"1025","conservar_revisada","verified","4.4","","editorial","Rendimiento, Consultas y Transformacion","Rendimiento, Consultas y Transformacion","What function can be used with the recursive argument to return a list of distinct key names in all nested elements in an object?","Recorrer el objeto no elimina claves repetidas por sí solo: se añade SELECT DISTINCT a la explicación sin modificar contenido evaluado.","https://docs.snowflake.com/en/sql-reference/functions/flatten","2026-09-23"
"1026","archivar","archived","","3.1","provisional","Carga, Descarga y Conectividad","Carga, Descarga y Conectividad","What does Snowflake recommend when planning virtual warehouse usage for a data load?","Repite separar warehouses de carga y consulta; la versión conservada presenta un conflicto concreto. Cubierto por la pregunta contrastada 472; original conservado.","https://docs.snowflake.com/en/user-guide/data-load-considerations.html","2026-09-23"
"1027","archivar","archived","","3.2","provisional","Rendimiento, Consultas y Transformacion","Carga, Descarga y Conectividad","Which Snowflake database object can be used to track data changes made to table data?","Repite streams como seguimiento de DML. Cubierto por la pregunta contrastada 612; original conservado.","https://docs.snowflake.com/en/user-guide/streams.html","2026-09-23"
"1028","apartar","quarantine","","2.1","provisional","Gestion de cuenta y Gobernanza","Gestion de cuenta y Gobernanza","Who can activate and enforce a network policy for all users in a Snowflake account? (Choose two.)","Revisar con documentación específica y versión actual antes de usar para evaluación; la clave o el alcance no están suficientemente justificados.","https://docs.snowflake.com/en/user-guide/network-policies",""
"1029","archivar","archived","","5.3","provisional","Colaboracion y Proteccion de datos","Colaboracion y Proteccion de datos","How can a data provider share their Snowflake data? (Choose two.)","Mezcla entrega de datos con APIs y funciones; direct sharing está cubierto aquí y listings en 228. Cubierto por la pregunta contrastada 453; original conservado.","https://docs.snowflake.com/en/user-guide/data-sharing.html","2026-09-23"
"1030","apartar","quarantine","","2.1","provisional","Gestion de cuenta y Gobernanza","Gestion de cuenta y Gobernanza","What will prevent unauthorized access to a Snowflake account from an unknown source?","Revisar con documentación específica y versión actual antes de usar para evaluación; la clave o el alcance no están suficientemente justificados.","https://docs.snowflake.com/en/user-guide/security-access-control-overview.html",""
"1031","conservar_revisada","verified","4.2","","editorial","Rendimiento, Consultas y Transformacion","Rendimiento, Consultas y Transformacion","Which query type is supported for implementing the search optimization service?","Se conserva la opción espacial, acotando la explicación a predicados GEOGRAPHY admitidos y no a cualquier función geográfica.","https://docs.snowflake.com/en/user-guide/search-optimization/geospatial-queries","2026-09-23"
"1032","conservar_revisada","verified","5.3","","editorial","Colaboracion y Proteccion de datos","Colaboracion y Proteccion de datos","What Snowflake feature provides a data hub for secure data collaboration, with a selected group of invited members?","El rasgo decisivo son los miembros invitados; se corrige la referencia y se distingue el hub privado de Marketplace y sharing.","https://docs.snowflake.com/en/user-guide/data-exchange","2026-09-23"
"1033","archivar","archived","","4.4","provisional","Rendimiento, Consultas y Transformacion","Rendimiento, Consultas y Transformacion","Which semi-structured data function interprets an input string as a JSON document that produces a VARIANT value?","Repite PARSE_JSON para convertir texto a VARIANT. Cubierto por la pregunta contrastada 177; original conservado.","https://docs.snowflake.com/en/sql-reference/functions/parse_json.html","2026-09-23"
"1034","apartar","quarantine","","4.4","provisional","Rendimiento, Consultas y Transformacion","Rendimiento, Consultas y Transformacion","Which Snowflake data types can be used to build nested hierarchical data? (Choose two.)","Revisar con documentación específica y versión actual antes de usar para evaluación; la clave o el alcance no están suficientemente justificados.","https://docs.snowflake.com/en/sql-reference/data-types.html",""
"1035","archivar","archived","","4.1","provisional","Rendimiento, Consultas y Transformacion","Rendimiento, Consultas y Transformacion","Which statistics can be used to identify queries that have inefficient pruning? (Choose two.)","Repite métricas de pruning con la misma ambigüedad de Bytes scanned. Cubierto por la pregunta contrastada 861; original conservado.","https://docs.snowflake.com/en/user-guide/ui-query-profile#inefficient-pruning, https://select.dev/posts/snowflake-micro-partitions","2026-09-23"
"1036","archivar","archived","","4.1","provisional","Rendimiento, Consultas y Transformacion","Rendimiento, Consultas y Transformacion","Which element in the Query Profile interface shows the relationship between the nodes in the execution of a query?","Memoriza una etiqueta visual del perfil; la interpretación de operadores está cubierta en 972 y se prioriza sobre nombres de interfaz.","https://docs.snowflake.com/en/user-guide/ui-query-profile.html","2026-09-23"
"1037","apartar","quarantine","","1.5","provisional","Rendimiento, Consultas y Transformacion","Arquitectura y Data Cloud","What will happen if a Snowflake user suspends the updates to a materialized view?","Afirma que una vista materializada suspendida devuelve datos con advertencia; necesita corrección.","https://docs.snowflake.com/en/user-guide/views-materialized.html#suspend-updates",""
"1038","conservar_revisada","verified","4.4","","editorial","Rendimiento, Consultas y Transformacion","Rendimiento, Consultas y Transformacion","Which Snowflake function will parse a JSON-null into a SQL-null?","Se precisa la diferencia con la opción plural de carga, manteniendo la conversión y la clave correctas.","https://docs.snowflake.com/en/sql-reference/functions/strip_null_value","2026-09-23"
"1039","apartar","quarantine","","3.1","provisional","Carga, Descarga y Conectividad","Carga, Descarga y Conectividad","Which Snowflake command can be used to unload the result of a query to a single file?","Revisar con documentación específica y versión actual antes de usar para evaluación; la clave o el alcance no están suficientemente justificados.","https://docs.snowflake.com/en/sql-reference/sql/copy-into-location.html",""
"1040","archivar","archived","","1.5","provisional","Arquitectura y Data Cloud","Arquitectura y Data Cloud","How are micro-partitions enabled on Snowflake tables?","Repite la micro-partición automática sin escenario adicional. Cubierto por la pregunta contrastada 463; original conservado.","https://docs.snowflake.com/en/user-guide/tables-clustering-micropartitions#:~:text=Micro%2Dpartitioning%20is%20automatically%20performed%20on%20all%20Snowflake%20tables.%20Tables%20are%20transparently%20partitioned%20using%20the%20ordering%20of%20the%20data%20as%20it%20is%20inserted/loaded.","2026-09-23"
"1041","archivar","archived","","4.2","provisional","Rendimiento, Consultas y Transformacion","Rendimiento, Consultas y Transformacion","What persistent data structures are used by the search optimization service to improve the performance of point lookups?","Repite search access path; Equality searches no es una estructura de datos. Cubierto por la pregunta contrastada 832; original conservado.","https://docs.snowflake.com/en/user-guide/search-optimization-service#how-the-search-optimization-service-works","2026-09-23"
"1042","conservar_revisada","verified","2.1","","editorial","Gestion de cuenta y Gobernanza","Gestion de cuenta y Gobernanza","Which Snowflake feature provides increased login security for users connecting to Snowflake that is powered by Duo Security service?","La asociación Duo/MFA sigue siendo válida; se actualiza la explicación para no presentar Duo como único mecanismo.","https://docs.snowflake.com/en/user-guide/security-mfa","2026-09-23"
"1043","apartar","quarantine","","2.1","provisional","Gestion de cuenta y Gobernanza","Gestion de cuenta y Gobernanza","A user with which privileges can create or manage other users in a Snowflake account? (Choose two.)","Revisar con documentación específica y versión actual antes de usar para evaluación; la clave o el alcance no están suficientemente justificados.","https://docs.snowflake.com/en/user-guide/admin-user-management",""
"1044","conservar_revisada","verified","1.3","","editorial","Arquitectura y Data Cloud","Arquitectura y Data Cloud","Which items are considered schema objects in Snowflake? (Choose two.)","Se comprueba el nivel de las cinco entidades y se explica esquema frente a cuenta sin alterar opciones.","https://docs.snowflake.com/en/user-guide/security-access-control-overview","2026-09-23"
"1045","archivar","archived","","3.3","provisional","Arquitectura y Data Cloud","Carga, Descarga y Conectividad","What does SnowCD help Snowflake users to do?","SnowCD ha llegado a End of Life según su documentación; se archiva la recomendación de esta herramienta. Snowflake remite ahora a snow connection test de Snowflake CLI.","https://docs.snowflake.com/en/user-guide/snowcd","2026-09-23"
"1046","corregir","verified","2.1","","editorial","Gestion de cuenta y Gobernanza","Gestion de cuenta y Gobernanza","Awarding a user which privileges on all virtual warehouses is equivalent to granting the user the global MANAGE WAREHOUSES privilege?","Se mezclaban privilegios de listings y auditoría. Se usan combinaciones cercanas de cuatro privilegios del mismo objeto.","https://docs.snowflake.com/en/user-guide/security-access-control-privileges","2026-09-23"
"1047","apartar","quarantine","","2.1","provisional","Gestion de cuenta y Gobernanza","Gestion de cuenta y Gobernanza","A Snowflake account has activated federated authentication. What will occur when a user with a password that was defined by Snowflake attempts to log in to Snowflake?","Revisar con documentación específica y versión actual antes de usar para evaluación; la clave o el alcance no están suficientemente justificados.","https://docs.snowflake.com/en/user-guide/admin-security-fed-auth-use",""
"1048","archivar","archived","","4.2","provisional","Rendimiento, Consultas y Transformacion","Rendimiento, Consultas y Transformacion","Which solution improves the performance of point lookup queries that return a small number of rows from large tables using highly selective filters?","Repite el lookup selectivo para Search Optimization. Cubierto por la pregunta contrastada 221; original conservado.","https://docs.snowflake.com/en/user-guide/search-optimization-service","2026-09-23"
"1049","corregir","verified","2.3","","editorial","Gestion de cuenta y Gobernanza","Gestion de cuenta y Gobernanza","How does Notify & Suspend differ from Notify & Suspend Immediately?","Original answer conflated suspend and immediate suspension.","https://docs.snowflake.com/en/user-guide/resource-monitors","2026-09-21"
"1050","corregir","verified","2.1","","editorial","Gestion de cuenta y Gobernanza","Gestion de cuenta y Gobernanza","A developer role creates a table in a managed access schema. Before any ownership transfer, which role owns the table?","Object owner era tautológico y podía coincidir con el rol del usuario. Un caso concreto distingue propiedad de autoridad para conceder permisos.","https://docs.snowflake.com/en/user-guide/security-access-control-overview","2026-09-23"
"1051","apartar","quarantine","","1.2","provisional","Arquitectura y Data Cloud","Arquitectura y Data Cloud","How can a Snowsight user change a Standard virtual warehouse to a Snowpark-optimized virtual warehouse?","Revisar con documentación específica y versión actual antes de usar para evaluación; la clave o el alcance no están suficientemente justificados.","https://docs.snowflake.com/en/user-guide/warehouses-snowpark-optimized",""
"1052","archivar","archived","","1.5","provisional","Arquitectura y Data Cloud","Arquitectura y Data Cloud","According to best practices, which table type should be used if the data can be recreated outside of Snowflake?","Reconstruir datos no distingue temporal de transient sin exigir persistencia entre sesiones; la versión conservada sí lo exige. Cubierto por la pregunta contrastada 555; original conservado.","https://docs.snowflake.com/en/sql-reference/sql/create-table","2026-09-23"
"1053","archivar","archived","","3.1","provisional","Carga, Descarga y Conectividad","Carga, Descarga y Conectividad","Which function unloads data from a relational table to JSON?","Repite OBJECT_CONSTRUCT atribuyéndole toda la descarga que realiza COPY. Cubierto por la pregunta contrastada 517; original conservado.","https://docs.snowflake.com/en/user-guide/data-unload-considerations","2026-09-23"
"1054","corregir","verified","3.1","","editorial","Carga, Descarga y Conectividad","Carga, Descarga y Conectividad","Which JSON file-format option removes object or array elements containing null values during loading?","Se comparaban efectos poco concretos. Se usan cuatro opciones reales del mismo formato JSON con STRIP_OUTER_ARRAY como confusión cercana.","https://docs.snowflake.com/en/sql-reference/sql/create-file-format","2026-09-23"
"1055","apartar","quarantine","","5.2","provisional","Arquitectura y Data Cloud","Colaboracion y Proteccion de datos","Which Snowflake edition enables data sharing only through Snowflake Support?","Revisar con documentación específica y versión actual antes de usar para evaluación; la clave o el alcance no están suficientemente justificados.","https://docs.snowflake.com/en/user-guide/intro-editions#data-sharing",""
"1056","apartar","quarantine","","3.1","provisional","Carga, Descarga y Conectividad","Carga, Descarga y Conectividad","What is the primary purpose of partitioning staged data files for regular data loads?","Organizar archivos por rutas y mejorar cargas son efectos documentados de la misma práctica; las opciones 0 y 3 se solapan. Se aparta para un futuro escenario específico sin alterar contenido ni progreso.","https://docs.snowflake.com/en/user-guide/data-load-considerations-stage#organizing-data-by-path","2026-09-23"
"1057","apartar","quarantine","","1.1","provisional","Gestion de cuenta y Gobernanza","Arquitectura y Data Cloud","What is the minimum Snowflake Edition that supports secure storage of Protected Health Information (PHI) data?","Revisar con documentación específica y versión actual antes de usar para evaluación; la clave o el alcance no están suficientemente justificados.","https://docs.snowflake.com/en/user-guide/intro-editions",""
"1058","archivar","archived","","1.4","provisional","Rendimiento, Consultas y Transformacion","Arquitectura y Data Cloud","What can a Snowflake user do to reduce queuing on a multi-cluster virtual warehouse?","Tamaño o número de clusters pueden reducir colas; la versión conservada distingue scale-out. Cubierto por la pregunta contrastada 833; original conservado.","https://docs.snowflake.com/en/user-guide/performance-query-warehouse-queue","2026-09-23"
"1059","archivar","archived","","","provisional","Arquitectura y Data Cloud","Arquitectura y Data Cloud","Which statements describe benefits of Snowflake's separation of compute and storage? (Choose two.)","Repite dos formulaciones del escalado independiente de compute/storage. Cubierto por la pregunta contrastada 430; original conservado.","https://docs.snowflake.com/en/user-guide/intro-key-concepts.html","2026-09-23"
"1060","conservar_revisada","verified","3.1","","editorial","Carga, Descarga y Conectividad","Carga, Descarga y Conectividad","What should be used to show the status of partial data loads and loading errors?","Se distingue estado y primer error de carga frente a todos los errores con VALIDATE; se conserva la pregunta.","https://docs.snowflake.com/en/sql-reference/functions/copy_history","2026-09-23"
"1061","archivar","archived","","3.1","provisional","Carga, Descarga y Conectividad","Carga, Descarga y Conectividad","What transformations are supported when loading data into a table using the COPY INTO [table] command? (Choose two.)","Repite transformaciones COPY y llama funciones a JOIN/GROUP BY. Cubierto por la pregunta contrastada 685; original conservado.","https://docs.snowflake.com/en/user-guide/data-load-transform","2026-09-23"
"1062","apartar","quarantine","","5.2","provisional","Colaboracion y Proteccion de datos","Colaboracion y Proteccion de datos","Which object can be used with Secure Data Sharing?","Revisar con documentación específica y versión actual antes de usar para evaluación; la clave o el alcance no están suficientemente justificados.","https://docs.snowflake.com/en/user-guide/data-sharing-intro#granting-privileges-on-objects-in-a-share",""
"1063","archivar","archived","","5.1","provisional","Colaboracion y Proteccion de datos","Colaboracion y Proteccion de datos","Which parameter can be set at the account level to set the minimum number of days for which Snowflake retains historical data in Time Travel?","Repite el mínimo de retención; la versión conservada lo aplica en un cálculo y 990 cubre su nivel. Cubierto por la pregunta contrastada 941; original conservado.","https://docs.snowflake.com/en/sql-reference/parameters","2026-09-23"
"1064","apartar","quarantine","","4.4","provisional","Arquitectura y Data Cloud","Rendimiento, Consultas y Transformacion","Which commands are restricted in owner's rights stored procedures? (Choose two.)","Revisar con documentación específica y versión actual antes de usar para evaluación; la clave o el alcance no están suficientemente justificados.","https://docs.snowflake.com/en/developer-guide/stored-procedure/stored-procedures-rights",""
"1065","archivar","archived","","4.1","provisional","Rendimiento, Consultas y Transformacion","Rendimiento, Consultas y Transformacion","What is the relationship between a Query Profile and a virtual warehouse?","Los distractores atribuyen hardware y autoescalado al perfil; el diagnóstico está cubierto con estadísticas concretas. Cubierto por la pregunta contrastada 972; original conservado.","https://www.chaosgenius.io/blog/snowflake-warehouse-sizes","2026-09-23"
"1066","conservar_revisada","verified","3.1","","editorial","Carga, Descarga y Conectividad","Carga, Descarga y Conectividad","Which transformation is supported by a COPY INTO [table] command?","Se contrastan los cuatro constructos con las restricciones específicas de COPY; CAST sigue siendo la única opción válida.","https://docs.snowflake.com/en/user-guide/data-load-transform","2026-09-23"
"1067","archivar","archived","","2.2","provisional","Gestion de cuenta y Gobernanza","Gestion de cuenta y Gobernanza","How can a Snowflake administrator determine which user has accessed a database object that contains sensitive information?","Repite ACCESS_HISTORY para accesos sin el detalle de linaje de la versión conservada. Cubierto por la pregunta contrastada 956; original conservado.","https://theinformationlab.nl/2022/10/04/history-access-in-snowflake","2026-09-23"
"1068","corregir","verified","2.2","","editorial","Gestion de cuenta y Gobernanza","Gestion de cuenta y Gobernanza","What distinguishes a conditional masking policy that takes additional column arguments?","Enmascarar texto o una columna también podía ser cierto. Se pregunta por la aportación de argumentos adicionales y se contrasta con mecanismos reales de gobierno.","https://docs.snowflake.com/en/user-guide/security-column-intro","2026-09-23"
"1069","conservar_revisada","verified","2.3","","editorial","Rendimiento, Consultas y Transformacion","Gestion de cuenta y Gobernanza","If a virtual warehouse runs for 61 seconds, shuts down, and then restarts and runs for 30 seconds, for how many seconds is it billed?","61 + 60 = 121 es correcto; se precisa que el mínimo se aplica en cada arranque y no a la suma.","https://docs.snowflake.com/en/user-guide/cost-understanding-compute","2026-09-23"
"1070","archivar","archived","","3.1","provisional","Carga, Descarga y Conectividad","Carga, Descarga y Conectividad","What function, combined with the copy command, should be used to unload data from a relational table into a JSON file?","Repite descarga JSON con OBJECT_CONSTRUCT y mezcla LATERAL con funciones. Cubierto por la pregunta contrastada 517; original conservado.","https://docs.snowflake.com/en/user-guide/data-unload-considerations","2026-09-23"
"1071","archivar","archived","","3.1","provisional","Arquitectura y Data Cloud","Carga, Descarga y Conectividad","What is the primary purpose of a directory table in Snowflake?","Repite metadatos de directory tables y mezcla privilegios con contenido almacenado. Cubierto por la pregunta contrastada 757; original conservado.","https://docs.snowflake.com/en/user-guide/data-load-dirtables","2026-09-23"
"1072","corregir","verified","5.2","","editorial","Colaboracion y Proteccion de datos","Colaboracion y Proteccion de datos","Which table types can be included in a direct secure share between Snowflake accounts? (Choose three.)","La clave omitía transient. Se elimina UDTF por no ser tipo de tabla y se piden las tres respuestas válidas.","https://docs.snowflake.com/en/user-guide/data-sharing-intro","2026-09-23"
"1073","archivar","archived","","2.3","provisional","Arquitectura y Data Cloud","Gestion de cuenta y Gobernanza","Which metadata table will store the storage utilization information even for dropped tables?","Repite TABLE_STORAGE_METRICS para tablas eliminadas. Cubierto por la pregunta contrastada 8; original conservado.","https://docs.snowflake.com/en/sql-reference/info-schema/table_storage_metrics","2026-09-23"
"1074","conservar_revisada","verified","2.1","","editorial","Gestion de cuenta y Gobernanza","Gestion de cuenta y Gobernanza","How is role hierarchy established in Snowflake?","Se confirma GRANT ROLE a otro rol y se aclara la confusión entre propiedad del rol e herencia de privilegios.","https://docs.snowflake.com/en/user-guide/security-access-control-overview","2026-09-23"
"1075","corregir","verified","3.1","","editorial","Carga, Descarga y Conectividad","Carga, Descarga y Conectividad","Which two command names are aliases for listing files in a stage? (Choose two.)","SELECT también permite ver archivos mediante directory tables. Se pregunta por los dos alias de listado para mantener inequívocas LIST y LS.","https://docs.snowflake.com/en/sql-reference/sql/list","2026-09-23"
"1076","corregir","verified","3.1","","editorial","Arquitectura y Data Cloud","Carga, Descarga y Conectividad","Which stage types are allocated automatically without CREATE STAGE? (Choose two.)","Internal stage englobaba las dos respuestas. Se reemplazan categorías solapadas por cuatro tipos concretos.","https://docs.snowflake.com/en/user-guide/data-load-local-file-system-create-stage","2026-09-23"
"1077","archivar","archived","","3.1","provisional","Arquitectura y Data Cloud","Carga, Descarga y Conectividad","While working with unstructured data, which file function generates a Snowflake-hosted file URL to a staged file using the stage name and relative file path as inputs?","Repite BUILD_STAGE_FILE_URL sin distinguir claramente scoped URLs, también alojadas en Snowflake. Cubierto por la pregunta contrastada 657; original conservado.","https://docs.snowflake.com/en/sql-reference/functions/build_stage_file_url","2026-09-23"
"1078","apartar","quarantine","","2.1","provisional","Gestion de cuenta y Gobernanza","Gestion de cuenta y Gobernanza","Who can create and manage reader accounts? (Choose two.)","Revisar con documentación específica y versión actual antes de usar para evaluación; la clave o el alcance no están suficientemente justificados.","https://docs.snowflake.com/en/user-guide/data-sharing-reader-create",""
"1079","archivar","archived","","3.2","provisional","Carga, Descarga y Conectividad","Carga, Descarga y Conectividad","Which command allows for continuous loading of data files as soon as they are available in a stage?","CREATE PIPE no basta para carga inmediata: falta la activación/notificación que explicita la versión conservada. Cubierto por la pregunta contrastada 334; original conservado.","https://docs.snowflake.com/en/sql-reference/sql/create-pipe","2026-09-23"
"1080","apartar","quarantine","","2.1","provisional","Colaboracion y Proteccion de datos","Gestion de cuenta y Gobernanza","What is an advantage of using database roles instead of granting privileges on objects directly to a share in Snowflake?","Revisar con documentación específica y versión actual antes de usar para evaluación; la clave o el alcance no están suficientemente justificados.","https://community.snowflake.com/s/article/How-to-use-Database-Roles-in-a-Data-Share",""
"1081","apartar","quarantine","","3.3","provisional","Gestion de cuenta y Gobernanza","Carga, Descarga y Conectividad","What is the order of precedence (highest to lowest) of network policies when applied at the account, user, and security integrations layers?","Orden de precedencia de network policies sospechoso y contradictorio con otras preguntas.","https://docs.snowflake.com/en/user-guide/network-policies#network-policy-precedence",""
"1082","apartar","quarantine","","1.4","provisional","Rendimiento, Consultas y Transformacion","Arquitectura y Data Cloud","Which type of Snowflake virtual warehouse provides 16 times the memory for each node, and is recommended for larger workloads like Machine Learning (ML) training?","Revisar con documentación específica y versión actual antes de usar para evaluación; la clave o el alcance no están suficientemente justificados.","https://docs.snowflake.com/en/user-guide/warehouses-overview.html#snowpark-optimized-virtual-warehouses",""
"1083","archivar","archived","","4.1","provisional","Rendimiento, Consultas y Transformacion","Rendimiento, Consultas y Transformacion","Which common query issues can be identified by the Query Profile? (Choose two.)","Repite pruning ineficiente y joins que multiplican filas. Cubierto por la pregunta contrastada 505; original conservado.","https://docs.snowflake.com/en/user-guide/ui-query-profile#common-query-problems-identified-by-query-profile","2026-09-23"
"1084","conservar_revisada","verified","4.4","","editorial","Rendimiento, Consultas y Transformacion","Rendimiento, Consultas y Transformacion","In Snowflake, what allows users to perform recursive queries?","CONNECT BY es correcto entre las opciones; se evita presentarlo como única forma de recursión.","https://docs.snowflake.com/en/sql-reference/constructs/connect-by","2026-09-23"
"1085","corregir","verified","2.1","","editorial","Gestion de cuenta y Gobernanza","Gestion de cuenta y Gobernanza","Which statement creates a schema that centralizes object-grant decisions with the schema owner or a role holding MANAGE GRANTS?","Se mezclaba un parámetro de collation con tipos de esquema. Se comparan cuatro CREATE SCHEMA válidos que distinguen gobierno y retención.","https://docs.snowflake.com/en/sql-reference/sql/create-schema","2026-09-23"
"1086","apartar","quarantine","","2.3","provisional","Rendimiento, Consultas y Transformacion","Gestion de cuenta y Gobernanza","What is the MOST cost-effective way to resolve memory spillage in a virtual warehouse?","Revisar con documentación específica y versión actual antes de usar para evaluación; la clave o el alcance no están suficientemente justificados.","https://docs.snowflake.com/en/user-guide/performance-query-warehouse-memory",""
"1087","corregir","verified","2.2","","editorial","Colaboracion y Proteccion de datos","Gestion de cuenta y Gobernanza","Which object supports masking policies on its VALUE column and on virtual columns derived from VALUE?","La clave original excluía materialized views y external tables. En lugar de elegir cuatro de cinco casi por descarte, se evalúa el caso VALUE/columna virtual con cuatro objetos reales de la documentación.","https://docs.snowflake.com/en/user-guide/security-column-intro","2026-09-23"
"1088","conservar_revisada","verified","1.2","","editorial","Arquitectura y Data Cloud","Arquitectura y Data Cloud","A user has created a dashboard in Snowflake and wants to share it with colleagues. How can the dashboard be shared?","La opción de compartir es correcta; se aclara que no concede automáticamente acceso a datos, manteniendo el contenido evaluado.","https://docs.snowflake.com/en/user-guide/ui-snowsight-dashboards","2026-09-23"
"1089","apartar","quarantine","","1.2","provisional","Colaboracion y Proteccion de datos","Arquitectura y Data Cloud","When would Snowsight automatically detect if a target account is in a different region and enable cross-cloud auto-fulfillment?","Revisar con documentación específica y versión actual antes de usar para evaluación; la clave o el alcance no están suficientemente justificados.","https://other-docs.snowflake.com/en/collaboration/provider-listings-auto-fulfillment#how-cross-cloud-auto-fulfillment-works",""
"1090","archivar","archived","","4.4","provisional","Rendimiento, Consultas y Transformacion","Rendimiento, Consultas y Transformacion","Which languages are supported for writing user-defined functions (UDFs) in Snowflake? (Choose two.)","La clave de dos lenguajes omite Python y Java, también válidos; se archiva la repetición de familias UDF. Cubierto por la pregunta contrastada 578; original conservado.","https://docs.snowflake.com/en/developer-guide/udf/udf-overview","2026-09-23"
"1091","corregir","verified","2.1","","editorial","Gestion de cuenta y Gobernanza","Gestion de cuenta y Gobernanza","Which task privilege allows a non-owner role to suspend or resume a task?","OPERATE y OWNERSHIP eran válidos. Se especifica un rol no propietario conservando todas las opciones.","https://docs.snowflake.com/en/sql-reference/sql/alter-task","2026-09-23"
"1092","conservar_revisada","verified","3.1","","editorial","Carga, Descarga y Conectividad","Carga, Descarga y Conectividad","What is a directory table in Snowflake?","La capa sobre el stage es correcta; se precisa que no tiene privilegios propios ni almacena copias de archivos.","https://docs.snowflake.com/en/user-guide/data-load-dirtables","2026-09-23"
"1093","corregir","verified","2.3","","editorial","Carga, Descarga y Conectividad","Gestion de cuenta y Gobernanza","For a fixed billed storage volume, which factors determine the per-TB rate identified in the storage-cost overview? (Choose two.)","La explicación negaba el efecto de Capacity/On Demand. Se distingue tarifa de volumen, se sustituye cloud platform por warehouse size y se corrige la clave.","https://docs.snowflake.com/en/user-guide/cost-understanding-data-storage","2026-09-23"
"1094","conservar_revisada","verified","2.2","","editorial","Gestion de cuenta y Gobernanza","Gestion de cuenta y Gobernanza","Which ACCOUNT_USAGE schema database role provides visibility into policy-related information?","Se verifica GOVERNANCE_VIEWER contra sus tres roles hermanos y se aclara que son database roles de SNOWFLAKE.","https://docs.snowflake.com/en/sql-reference/snowflake-db-roles","2026-09-23"
"1095","conservar_revisada","verified","4.2","","editorial","Rendimiento, Consultas y Transformacion","Rendimiento, Consultas y Transformacion","How should clustering be used to optimize the performance of queries that run on a very large table?","La profundidad es un indicador válido, no una medición directa de duración; se matiza la cardinalidad y el uso de columnas de filtro frente a proyección.","https://docs.snowflake.com/en/user-guide/tables-clustering-keys","2026-09-23"
"1096","apartar","quarantine","","2.1","provisional","Gestion de cuenta y Gobernanza","Gestion de cuenta y Gobernanza","Which privilege must be granted by one role to another role, and cannot be revoked?","Revisar con documentación específica y versión actual antes de usar para evaluación; la clave o el alcance no están suficientemente justificados.","https://docs.snowflake.com/en/sql-reference/sql/grant-ownership",""
"1097","archivar","archived","","4.2","provisional","Rendimiento, Consultas y Transformacion","Rendimiento, Consultas y Transformacion","How can performance be optimized for a query that returns a small amount of data from a very large base table?","Pocas filas no descarta otras optimizaciones; la pregunta conservada especifica lookup selectivo. Cubierto por la pregunta contrastada 221; original conservado.","https://docs.snowflake.com/en/user-guide/query-acceleration-service","2026-09-23"
"1098","corregir","verified","4.4","","editorial","Rendimiento, Consultas y Transformacion","Rendimiento, Consultas y Transformacion","An unquoted column DATA contains {""Employee"":{""name"":""John""}}. Which expression retrieves the name?","Repaired malformed JSON and the incorrect case-sensitive path.","https://docs.snowflake.com/en/user-guide/querying-semistructured","2026-09-21"
"1099","archivar","archived","","3.1","provisional","Rendimiento, Consultas y Transformacion","Carga, Descarga y Conectividad","Use of which Snowflake function is recommended when unloading data from a relational table into a JSON file?","Repite construcción de objetos por fila para descargar JSON. Cubierto por la pregunta contrastada 517; original conservado.","https://docs.snowflake.com/en/sql-reference/functions/object_construct","2026-09-23"
"1100","corregir","verified","3.1","","editorial","Carga, Descarga y Conectividad","Carga, Descarga y Conectividad","Which COPY INTO location option requests a single output file when unloading data?","MAX_FILE_SIZE=0 no era un ajuste válido y se llamaba comando a una opción. Se comparan cuatro opciones reales de descarga.","https://docs.snowflake.com/en/sql-reference/sql/copy-into-location","2026-09-23"
"1101","archivar","archived","","4.4","provisional","Rendimiento, Consultas y Transformacion","Rendimiento, Consultas y Transformacion","Which function can be used to convert semi-structured data into rows and columns?","Repite FLATTEN como expansión relacional; TABLE no es una función hermana equivalente. Cubierto por la pregunta contrastada 89; original conservado.","https://docs.snowflake.com/en/sql-reference/functions/flatten.html","2026-09-23"
"1102","apartar","quarantine","","2.1","provisional","Gestion de cuenta y Gobernanza","Gestion de cuenta y Gobernanza","What user setting can be configured to disable Multi-Factor Authentication (MFA) for a Snowflake user? (Choose two.)","Revisar con documentación específica y versión actual antes de usar para evaluación; la clave o el alcance no están suficientemente justificados.","https://docs.snowflake.com/en/user-guide/security-mfa#managing-mfa-for-an-account-and-users",""
"1103","archivar","archived","","5.1","provisional","Colaboracion y Proteccion de datos","Colaboracion y Proteccion de datos","Which table type has a Fail-safe period of 7 days?","Repite siete días de Fail-safe y la explicación asignaba erróneamente un día a transient. Cubierto por la pregunta contrastada 624; original conservado.","https://docs.snowflake.com/en/user-guide/tables-fail-safe.html","2026-09-23"
"1104","corregir","verified","2.1","","editorial","Gestion de cuenta y Gobernanza","Gestion de cuenta y Gobernanza","Which integration type configures OAuth authentication for Snowflake clients?","External integration era impreciso y el supuesto mecanismo de SnowSQL no era válido. Se usan cuatro tipos reales de integración.","https://docs.snowflake.com/en/sql-reference/sql/create-integration","2026-09-23"
"1105","apartar","quarantine","","4.2","provisional","Rendimiento, Consultas y Transformacion","Rendimiento, Consultas y Transformacion","Which type of workload traditionally benefits from the use of the query acceleration service?","Revisar con documentación específica y versión actual antes de usar para evaluación; la clave o el alcance no están suficientemente justificados.","https://docs.snowflake.com/en/user-guide/query-acceleration",""
"1106","apartar","quarantine","","5.1","provisional","Carga, Descarga y Conectividad","Colaboracion y Proteccion de datos","Which Snowflake object is supported by both database replication and replication groups?","Revisar con documentación específica y versión actual antes de usar para evaluación; la clave o el alcance no están suficientemente justificados.","https://docs.snowflake.com/en/user-guide/data-replication.html",""
"1107","apartar","quarantine","","3.1","provisional","Carga, Descarga y Conectividad","Carga, Descarga y Conectividad","When unloading data, which combination of parameters should be used to differentiate between empty strings and NULL values? (Choose two.)","Revisar con documentación específica y versión actual antes de usar para evaluación; la clave o el alcance no están suficientemente justificados.","https://docs.snowflake.com/en/user-guide/data-unload-considerations",""
"1108","archivar","archived","","2.1","provisional","Gestion de cuenta y Gobernanza","Gestion de cuenta y Gobernanza","Which role must be used to create resource monitors?","Repite ACCOUNTADMIN para crear resource monitors. Cubierto por la pregunta contrastada 865; original conservado.","https://docs.snowflake.com/en/user-guide/resource-monitors.html","2026-09-23"
"1109","apartar","quarantine","","3.1","provisional","Carga, Descarga y Conectividad","Carga, Descarga y Conectividad","What step does Snowflake recommend when loading data from a stage?","Revisar con documentación específica y versión actual antes de usar para evaluación; la clave o el alcance no están suficientemente justificados.","https://docs.snowflake.com/en/sql-reference/functions/load_history.html",""
"1110","apartar","quarantine","","2.3","provisional","Colaboracion y Proteccion de datos","Gestion de cuenta y Gobernanza","How can a user MINIMIZE Continuous Data Protection costs when using large, high-churn, dimension tables?","Revisar con documentación específica y versión actual antes de usar para evaluación; la clave o el alcance no están suficientemente justificados.","https://docs.snowflake.com/en/user-guide/tables-storage-considerations",""
"1111","archivar","archived","","1.2","provisional","Rendimiento, Consultas y Transformacion","Arquitectura y Data Cloud","Which Snowsight feature can be used to perform data manipulations and transformations using a programming language?","El enunciado genérico de lenguaje también abarca SQL y otras superficies. Además, Provider Studio sí existe: la explicación lo negaba erróneamente. Se archiva esta identificación de interfaz.","https://docs.snowflake.com/en/user-guide/snowsight-overview","2026-09-23"
"1112","apartar","quarantine","","2.2","provisional","Colaboracion y Proteccion de datos","Gestion de cuenta y Gobernanza","In Snowflake's data security framework, how does column-level security contribute to the protection of sensitive information? (Choose two.)","Revisar con documentación específica y versión actual antes de usar para evaluación; la clave o el alcance no están suficientemente justificados.","https://docs.snowflake.com/en/user-guide/security-column.html",""
"1113","archivar","archived","","1.5","provisional","Rendimiento, Consultas y Transformacion","Arquitectura y Data Cloud","How does Snowflake utilize clustering information to improve query performance?","La última opción solapa vagamente acelerar acceso con pruning; el uso de metadatos ya está cubierto. Cubierto por la pregunta contrastada 915; original conservado.","https://docs.snowflake.com/en/user-guide/tables-clustering-keys.html","2026-09-23"
"1114","corregir","verified","3.1","","editorial","Carga, Descarga y Conectividad","Carga, Descarga y Conectividad","Which COPY INTO table option requests removal of staged source files after successful loading?","DROP no era una opción de COPY y se explicaban incorrectamente FORCE y LOAD_UNCERTAIN_FILES. Se usan opciones reales del mismo comando.","https://docs.snowflake.com/en/sql-reference/sql/copy-into-table","2026-09-23"
"1115","corregir","verified","5.1","","editorial","Arquitectura y Data Cloud","Colaboracion y Proteccion de datos","Which objects support individual cloning rather than requiring inclusion in a database or schema clone? (Choose two.)","La explicación omitía INCLUDE INTERNAL STAGES. Se acota a clonación individual, conservando opciones y clave y explicando la excepción de contenedores.","https://docs.snowflake.com/en/user-guide/object-clone","2026-09-23"
"1116","corregir","verified","1.6","","editorial","Rendimiento, Consultas y Transformacion","Arquitectura y Data Cloud","Which function type uses an API integration to invoke a remote service that can process a staged file?","El procesamiento de datos no estructurados admite más mecanismos actuales. Se acota a API integration y se comparan cuatro tipos de función reales.","https://docs.snowflake.com/en/sql-reference/sql/create-external-function","2026-09-23"
"1117","conservar_revisada","verified","1.4","","editorial","Rendimiento, Consultas y Transformacion","Arquitectura y Data Cloud","Which type of workload is recommended for Snowpark-optimized virtual warehouses?","Se confirma la recomendación por memoria y se evita prometer ventaja automática para cualquier trabajo Snowpark.","https://docs.snowflake.com/en/user-guide/warehouses-snowpark-optimized","2026-09-23"
"1118","archivar","archived","","3.1","provisional","Carga, Descarga y Conectividad","Carga, Descarga y Conectividad","What is the benefit of using the STRIP_OUTER_ARRAY parameter with the COPY INTO [table] command when loading data from a JSON file into a table?","Repite STRIP_OUTER_ARRAY con distractores ajenos a lectura JSON. Cubierto por la pregunta contrastada 335; original conservado.","https://docs.snowflake.com/en/sql-reference/copy-into-table#parameters","2026-09-23"
"1119","apartar","quarantine","","4.1","provisional","Rendimiento, Consultas y Transformacion","Rendimiento, Consultas y Transformacion","A query containing a WHERE clause is running longer than expected. The Query Profile shows that all micro-partitions are being scanned. How should this query be optimized?","Revisar con documentación específica y versión actual antes de usar para evaluación; la clave o el alcance no están suficientemente justificados.","https://docs.snowflake.com/en/user-guide/querying-clustering-keys.html",""
"1120","archivar","archived","","2.1","provisional","Gestion de cuenta y Gobernanza","Gestion de cuenta y Gobernanza","Which access control entity in Snowflake can be created as part of a hierarchy within an account?","Los securable objects también forman jerarquías; la versión conservada pregunta por herencia de roles directamente. Cubierto por la pregunta contrastada 851; original conservado.","https://docs.snowflake.com/en/user-guide/security-access-control-overview.html","2026-09-23"
"1121","archivar","archived","","2.1","provisional","Gestion de cuenta y Gobernanza","Gestion de cuenta y Gobernanza","When an object is created in Snowflake, who owns the object?","Repite propiedad inicial del objeto; 1050 aplica la distinción entre creador y propietario del esquema. Cubierto por 1050; original conservado.","https://docs.snowflake.com/en/user-guide/security-access-control-privileges.html#role-ownership","2026-09-23"
"1122","conservar_revisada","verified","2.2","","editorial","Gestion de cuenta y Gobernanza","Gestion de cuenta y Gobernanza","What is the MINIMUM Snowflake edition that must be used in order to see the ACCESS_HISTORY view?","Enterprise se confirma en la matriz oficial; se diferencia Access History de Query History sin cambiar la pregunta.","https://docs.snowflake.com/en/user-guide/intro-editions","2026-09-23"
"1123","corregir","verified","2.3","","editorial","Gestion de cuenta y Gobernanza","Gestion de cuenta y Gobernanza","Which built-in account role combines SYSADMIN and SECURITYADMIN privileges and is reserved for top-level account administration, including account usage and billing?","Gestionar billing no identifica un rol único sin ámbito: ORGADMIN y roles delegados también pueden intervenir. Se acota al rol administrativo de cuenta.","https://docs.snowflake.com/en/user-guide/security-access-control-overview","2026-09-23"
"1124","archivar","archived","","2.1","provisional","Carga, Descarga y Conectividad","Gestion de cuenta y Gobernanza","What can be used to identify the database, schema, stage, and file path to a set of files, and to allow a role that has sufficient privileges on the stage to access the files?","Repite la identidad de un file URL y mezcla directory table con tipos de URL. Cubierto por 657; original conservado.","https://docs.snowflake.com/en/user-guide/unstructured-intro","2026-09-23"
"1125","apartar","quarantine","","3.1","provisional","Carga, Descarga y Conectividad","Carga, Descarga y Conectividad","Which command is used to remove files from either external cloud storage or an internal stage?","Revisar con documentación específica y versión actual antes de usar para evaluación; la clave o el alcance no están suficientemente justificados.","https://docs.snowflake.com/en/sql-reference/sql/remove.html",""
"1126","apartar","quarantine","","3.3","provisional","Rendimiento, Consultas y Transformacion","Carga, Descarga y Conectividad","How does Snowflake recommend defining a clustering key on a high-cardinality column that includes a 15 digit ID numbered column, ID_NUMBER?","Revisar con documentación específica y versión actual antes de usar para evaluación; la clave o el alcance no están suficientemente justificados.","https://docs.snowflake.com/en/user-guide/tables-clustering-keys.html#choosing-clustering-keys",""
"1127","archivar","archived","","3.1","provisional","Carga, Descarga y Conectividad","Carga, Descarga y Conectividad","While unloading data into a stage, how can the user ensure that the output will be a single file?","Repite SINGLE=TRUE con opciones FILES=SINGLE inventadas. Cubierto por 1100; original conservado.","https://docs.snowflake.com/en/user-guide/data-unload-considerations.html","2026-09-23"
"1128","archivar","archived","","4.2","provisional","Rendimiento, Consultas y Transformacion","Rendimiento, Consultas y Transformacion","Which query types will have significant performance improvement when run using the search optimization service? (Choose two.)","Substring también está soportado; la clave de dos respuestas no es única y prometer mejora significativa es excesivo. Cubierto por 221; original conservado.","https://docs.snowflake.com/en/user-guide/search-optimization/point-lookup-queries","2026-09-23"
"1129","conservar_revisada","verified","4.1","","editorial","Rendimiento, Consultas y Transformacion","Rendimiento, Consultas y Transformacion","Which Query Profile operator is considered a DML operator?","Merge es el operador DML; se comprueba contra los otros tres operadores reales del perfil.","https://docs.snowflake.com/en/user-guide/ui-snowsight-activity","2026-09-23"
"1130","corregir","verified","2.2","","editorial","Colaboracion y Proteccion de datos","Gestion de cuenta y Gobernanza","At what scope is a masking policy object created?","Original answer confused the column target with policy object scope.","https://docs.snowflake.com/en/sql-reference/sql/create-masking-policy","2026-09-21"
"1131","corregir","verified","4.4","","editorial","Rendimiento, Consultas y Transformacion","Rendimiento, Consultas y Transformacion","Which sampling setup can return different rows across repeated executions even when the table is unchanged?","El original hacía mutuamente excluyentes conceptos compatibles: muestras por fracción o tamaño también pueden variar. Se comparan variantes válidas de una misma muestra por bloques.","https://docs.snowflake.com/en/sql-reference/constructs/sample","2026-09-23"
"1132","conservar_revisada","verified","4.4","","editorial","Rendimiento, Consultas y Transformacion","Rendimiento, Consultas y Transformacion","What are type predicates used for?","La clave distingue comprobar tipo de extraer, convertir o modificar; se enlaza la familia oficial de predicados sin cambiar contenido.","https://docs.snowflake.com/en/sql-reference/functions-semistructured","2026-09-23"
"1133","archivar","archived","","4.3","provisional","Rendimiento, Consultas y Transformacion","Rendimiento, Consultas y Transformacion","Which table function is used to perform additional processing on the results of a previously-run query?","Repite RESULT_SCAN e incluye DESCRIBE_RESULTS, que no es la función documentada. Cubierto por 878; original conservado.","https://docs.snowflake.com/en/sql-reference/functions/result_scan.html","2026-09-23"
"1134","archivar","archived","","2.3","provisional","Gestion de cuenta y Gobernanza","Gestion de cuenta y Gobernanza","Which actions can be performed using a resource monitor in Snowflake? (Choose two.)","Repite acciones de resource monitors con distractores de asignar almacenamiento o modificar consultas ajenos a su función. Cubierto por 298; original conservado.","https://docs.snowflake.com/en/user-guide/resource-monitors.html","2026-09-23"
"1135","archivar","archived","","3.3","provisional","Gestion de cuenta y Gobernanza","Carga, Descarga y Conectividad","Which Snowflake native tool can be used to diagnose and troubleshoot network connections?","SnowCD ha llegado a End of Life; se aplica el mismo criterio de 1045. La documentación remite a snow connection test de Snowflake CLI.","https://docs.snowflake.com/en/user-guide/client-connectivity-troubleshooting/snowflake-tools","2026-09-23"
"1136","apartar","quarantine","","4.4","provisional","Rendimiento, Consultas y Transformacion","Rendimiento, Consultas y Transformacion","Why would a Snowflake user load JSON data into a VARIANT column instead of a string column?","Revisar con documentación específica y versión actual antes de usar para evaluación; la clave o el alcance no están suficientemente justificados.","https://docs.snowflake.com/en/sql-reference/data-types-variant.html",""
"1137","apartar","quarantine","","1.3","provisional","Carga, Descarga y Conectividad","Arquitectura y Data Cloud","How can a 5 GB table be downloaded into a single file MOST efficiently?","Revisar con documentación específica y versión actual antes de usar para evaluación; la clave o el alcance no están suficientemente justificados.","https://docs.snowflake.com/en/user-guide/data-unload-considerations.html",""
"1138","conservar_revisada","verified","2.1","","editorial","Gestion de cuenta y Gobernanza","Gestion de cuenta y Gobernanza","Which security models are used in Snowflake to manage access control? (Choose two.)","DAC y RBAC siguen siendo correctos entre las opciones; se actualiza la explicación para no excluir el actual UBAC.","https://docs.snowflake.com/en/user-guide/security-access-control-overview","2026-09-23"
"1139","conservar_revisada","verified","2.2","","editorial","Colaboracion y Proteccion de datos","Gestion de cuenta y Gobernanza","Which Snowflake governance feature allows users to assign metadata labels to improve data governance and database access control?","La etiqueta no impone permisos por sí sola; se corrige esa posible lectura sin cambiar Object tagging como respuesta.","https://docs.snowflake.com/en/user-guide/object-tagging/introduction","2026-09-23"
"1140","conservar_revisada","verified","5.1","","editorial","Colaboracion y Proteccion de datos","Colaboracion y Proteccion de datos","What is the MINIMUM Snowflake edition that supports database replication?","Se conserva Standard y se distingue replicación de bases de failover y replicación de otros objetos.","https://docs.snowflake.com/en/user-guide/intro-editions","2026-09-23"
"1141","archivar","archived","","3.1","provisional","Carga, Descarga y Conectividad","Carga, Descarga y Conectividad","Which Snowflake function and command combination should be used to convert rows in a relational table to a single VARIANT column, and unload the rows into a file in JSON format? (Choose two.)","Repite COPY con OBJECT_CONSTRUCT e incluye EXPORT como supuesto comando. Cubierto por 517; original conservado.","https://docs.snowflake.com/en/sql-reference/functions/object_construct.html, https://docs.snowflake.com/en/sql-reference/sql/copy-into-location.html","2026-09-23"
"1142","apartar","quarantine","","3.1","provisional","Carga, Descarga y Conectividad","Carga, Descarga y Conectividad","What Snowflake recommendation is designed to ensure that staged data is only loaded once?","Revisar con documentación específica y versión actual antes de usar para evaluación; la clave o el alcance no están suficientemente justificados.","https://docs.snowflake.com/en/user-guide/data-load-considerations.html#ensuring-that-data-is-loaded-once",""
"1143","conservar_revisada","verified","2.2","","editorial","Gestion de cuenta y Gobernanza","Gestion de cuenta y Gobernanza","Which privilege grants the ability to set a column-level security masking policy on a table or view column?","APPLY es la respuesta del objeto policy; se añaden los requisitos del objeto destino y la distinción frente al privilegio global.","https://docs.snowflake.com/en/user-guide/security-access-control-privileges","2026-09-23"
"1144","archivar","archived","","2.1","provisional","Colaboracion y Proteccion de datos","Gestion de cuenta y Gobernanza","When sharing data in Snowflake, what privileges does a Provider need to grant along with a share? (Choose two.)","Repite grants para compartir tablas e incluye privilegios que no pertenecen a esos objetos. Cubierto por 453; original conservado.","https://docs.snowflake.com/en/user-guide/data-sharing-intro.html","2026-09-23"
"1145","archivar","archived","","4.1","provisional","Rendimiento, Consultas y Transformacion","Rendimiento, Consultas y Transformacion","How can the Query Profile be used to troubleshoot a problematic query?","Repite diagnóstico de memoria en Query Profile; el perfil no determina cuotas ni autoescala. Cubierto por 974; original conservado.","https://docs.snowflake.com/en/user-guide-ui-query-profile.html","2026-09-23"
"1146","apartar","quarantine","","4.4","provisional","Arquitectura y Data Cloud","Rendimiento, Consultas y Transformacion","Which data type can be used for floating-point numbers without losing precision?","FLOAT/DOUBLE no garantizan precisión decimal exacta.","https://docs.snowflake.com/en/sql-reference/data-types-numeric.html",""
"1147","archivar","archived","","5.2","provisional","Colaboracion y Proteccion de datos","Colaboracion y Proteccion de datos","Which data sharing option allows a Snowflake user to set up and manage a group of accounts and offer a share to that group?","Repite Data Exchange como grupo de miembros invitados. Cubierto por 1032; original conservado.","https://docs.snowflake.com/en/user-guide/data-sharing-intro.html","2026-09-23"
"1148","apartar","quarantine","","2.1","provisional","Carga, Descarga y Conectividad","Gestion de cuenta y Gobernanza","What kind of authentication do Snowpipe REST endpoints use?","Revisar con documentación específica y versión actual antes de usar para evaluación; la clave o el alcance no están suficientemente justificados.","https://docs.snowflake.com/en/user-guide/data-load-snowpipe-rest-apis.html#label-snowpipe-rest-auth",""
"1149","corregir","verified","3.2","","editorial","Rendimiento, Consultas y Transformacion","Carga, Descarga y Conectividad","What are the possible values within a METADATA$ACTION column in a Snowflake stream? (Choose two.)","La explicación debe distinguir UPDATE de sus registros DELETE/INSERT. Se sustituye UPSERT, que no es un comando Snowflake, por MERGE.","https://docs.snowflake.com/en/user-guide/streams-intro","2026-09-23"
"1150","apartar","quarantine","","1.1","provisional","Colaboracion y Proteccion de datos","Arquitectura y Data Cloud","What is the MINIMUM Snowflake edition that offers data protection for extremely sensitive data, such as Protected Health Information (PHI)?","Revisar con documentación específica y versión actual antes de usar para evaluación; la clave o el alcance no están suficientemente justificados.","https://docs.snowflake.com/en/user-guide/security-intro.html",""
"1151","archivar","archived","","3.1","provisional","Carga, Descarga y Conectividad","Carga, Descarga y Conectividad","What takes the highest precedence in Snowflake file format options, when specified in multiple locations during data loading?","Repite precedencia de opciones del COPY frente a stage y tabla. Cubierto por 665; original conservado.","https://docs.snowflake.com/en/user-guide/data-load-considerations.html#file-format-options-precedence","2026-09-23"
"1152","conservar_revisada","verified","1.2","","editorial","Arquitectura y Data Cloud","Arquitectura y Data Cloud","Which service or tool is a Command Line Interface (CLI) client used for connecting to Snowflake to execute SQL queries?","SnowSQL sigue identificando el cliente solicitado; se actualiza su carácter legacy y el estado de SnowCD sin reiniciar contenido.","https://docs.snowflake.com/en/user-guide/snowsql","2026-09-23"
"1153","conservar_revisada","verified","1.6","","editorial","Arquitectura y Data Cloud","Arquitectura y Data Cloud","What Snowflake objects can contain custom application logic written in JavaScript? (Choose two.)","Se distingue contener el handler JavaScript de invocar un procedimiento desde una task; se mantienen las dos respuestas.","https://docs.snowflake.com/en/developer-guide/udf/udf-overview","2026-09-23"
"1154","archivar","archived","","2.1","provisional","Gestion de cuenta y Gobernanza","Gestion de cuenta y Gobernanza","What is the MINIMUM Snowflake edition required to use the column-level security feature?","Repite la edición mínima para seguridad de columnas. Cubierto por 138; original conservado.","https://docs.snowflake.com/en/user-guide/security-column-level-security.html","2026-09-23"
"1155","corregir","verified","2.1","","editorial","Gestion de cuenta y Gobernanza","Gestion de cuenta y Gobernanza","For initial key-pair authentication, what value is assigned to RSA_PUBLIC_KEY using ALTER USER?","RSA_P8_KEY, ENCRYPTED_KEY y RSA_PRIVATE_KEY eran propiedades inventadas. Se comparan cuatro materiales criptográficos reales de la misma configuración.","https://docs.snowflake.com/en/user-guide/key-pair-auth","2026-09-23"
"1156","archivar","archived","","5.2","provisional","Colaboracion y Proteccion de datos","Colaboracion y Proteccion de datos","Secured Data Sharing is allowed for which Snowflake database objects? (Choose two.)","UDTFs también pueden compartirse bajo condiciones; elige dos sin acotar y repite objetos compartibles. Cubierto por 487; original conservado.","https://docs.snowflake.com/en/user-guide/data-sharing-secure.html","2026-09-23"
"1157","archivar","archived","","2.3","provisional","Rendimiento, Consultas y Transformacion","Gestion de cuenta y Gobernanza","What optional properties can a Snowflake user set when creating a virtual warehouse? (Choose two.)","Repite configuración automática de warehouse con cache size y storage size que no son sus propiedades configurables. Cubierto por 996; original conservado.","https://docs.snowflake.com/en/user-guide/warehouses-using.html#modifying-warehouse-properties","2026-09-23"
"1158","apartar","quarantine","","3.1","provisional","Carga, Descarga y Conectividad","Carga, Descarga y Conectividad","What is the purpose of the use of the VALIDATE command?","Revisar con documentación específica y versión actual antes de usar para evaluación; la clave o el alcance no están suficientemente justificados.","https://docs.snowflake.com/en/sql-reference/functions/validate.html",""
"1159","archivar","archived","","3.1","provisional","Carga, Descarga y Conectividad","Carga, Descarga y Conectividad","Which function is used to unload a relational table into a JSON file?","Repite OBJECT_CONSTRUCT para preparar JSON y atribuye a la función toda la descarga. Cubierto por 517; original conservado.","https://docs.snowflake.com/en/sql-reference/functions/object_construct.html","2026-09-23"
"1160","archivar","archived","","2.2","provisional","Colaboracion y Proteccion de datos","Gestion de cuenta y Gobernanza","How can the ACCESS_HISTORY view in the ACCOUNT_USAGE schema be used to review the data governance settings for an account? (Choose two.)","Repite accesos y modificaciones en ACCESS_HISTORY; la versión conservada incorpora linaje. Cubierto por 956; original conservado.","https://docs.snowflake.com/en/user-guide/access-history.html","2026-09-23"
"1161","archivar","archived","","3.1","provisional","Carga, Descarga y Conectividad","Carga, Descarga y Conectividad","Which command is used to unload data from a Snowflake table into a Snowflake stage?","Repite COPY INTO para descarga a stage. Cubierto por 395; original conservado.","https://docs.snowflake.com/en/sql-reference/sql/copy-into-location.html","2026-09-23"
"1162","apartar","quarantine","","2.1","provisional","Gestion de cuenta y Gobernanza","Gestion de cuenta y Gobernanza","What should an account administrator do to help a user log into Snowflake, if the user cannot authenticate using Multi-Factor Authentication (MFA)?","Revisar con documentación específica y versión actual antes de usar para evaluación; la clave o el alcance no están suficientemente justificados.","https://docs.snowflake.com/en/user-guide/security-mfa.html",""
"1163","apartar","quarantine","","5.2","provisional","Colaboracion y Proteccion de datos","Colaboracion y Proteccion de datos","Which command can be executed from a reader account?","Revisar con documentación específica y versión actual antes de usar para evaluación; la clave o el alcance no están suficientemente justificados.","https://docs.snowflake.com/en/user-guide/data-sharing-intro.html",""
"1164","apartar","quarantine","","1.2","provisional","Arquitectura y Data Cloud","Arquitectura y Data Cloud","Which command line parameter value can be pre-specified as an environment variable in SnowSQL?","Revisar con documentación específica y versión actual antes de usar para evaluación; la clave o el alcance no están suficientemente justificados.","https://docs.snowflake.com/en/user-guide/snowsql-config.html",""
"1165","corregir","verified","3.1","","editorial","Carga, Descarga y Conectividad","Carga, Descarga y Conectividad","Which staged-file metadata column identifies the source file of each row?","SHOW FILE FORMATS no era una columna de metadatos y SELECT sin FROM era incompleto. Se comparan cuatro columnas hermanas reales.","https://docs.snowflake.com/en/user-guide/querying-metadata","2026-09-23"
"1166","archivar","archived","","4.2","provisional","Rendimiento, Consultas y Transformacion","Rendimiento, Consultas y Transformacion","Which Snowflake feature improves the performance of point lookup queries?","Repite Search Optimization para point lookups. Cubierto por 221; original conservado.","https://docs.snowflake.com/en/user-guide/search-optimization-service.html","2026-09-23"
"1167","apartar","quarantine","","2.3","provisional","Arquitectura y Data Cloud","Gestion de cuenta y Gobernanza","What is the impact of selecting one Snowflake edition over another? (Choose two.)","Revisar con documentación específica y versión actual antes de usar para evaluación; la clave o el alcance no están suficientemente justificados.","https://docs.snowflake.com/en/user-guide/intro-editions.html",""
"1168","archivar","archived","","2.1","provisional","Gestion de cuenta y Gobernanza","Gestion de cuenta y Gobernanza","In a managed access schema, only the schema owner or a role with what privilege can help centralize privilege management?","Repite MANAGE GRANTS y propietario del esquema en managed access. Cubierto por 3063; original conservado.","https://docs.snowflake.com/en/user-guide/security-access-control-privileges.html#managed-access-schemas","2026-09-23"
"1169","conservar_revisada","verified","3.2","","editorial","Rendimiento, Consultas y Transformacion","Carga, Descarga y Conectividad","A Snowflake user wants to design a series of transformations that need to be executed in a specific order, on a given schedule. What Snowflake objects should be used?","Tasks es correcto; se precisa que el orden corresponde al grafo de dependencias y el horario a su raíz.","https://docs.snowflake.com/en/user-guide/tasks-intro","2026-09-23"
"1170","conservar_revisada","verified","3.1","","editorial","Carga, Descarga y Conectividad","Carga, Descarga y Conectividad","Which command should be used to drop files from an internal or external stage?","Se confirma REMOVE y se distingue eliminar archivos del stage de eliminar objetos o filas de tablas.","https://docs.snowflake.com/en/sql-reference/sql/remove","2026-09-23"
"1171","apartar","quarantine","","1.4","provisional","Rendimiento, Consultas y Transformacion","Arquitectura y Data Cloud","Which parameters can be used together to ensure that a virtual warehouse never has a backlog of queued SQL statements? (Choose two.)","Revisar con documentación específica y versión actual antes de usar para evaluación; la clave o el alcance no están suficientemente justificados.","https://docs.snowflake.com/en/sql-reference/parameters.html",""
"1172","archivar","archived","","1.4","provisional","Rendimiento, Consultas y Transformacion","Arquitectura y Data Cloud","What action should be taken if a large number of concurrent queries are queued in a virtual warehouse?","Repite scale-out por concurrencia sin aportar escenario nuevo. Cubierto por 597; original conservado.","https://docs.snowflake.com/en/user-guide/warehouses-multi-cluster.html","2026-09-23"
"1173","corregir","verified","2.2","","editorial","Gestion de cuenta y Gobernanza","Gestion de cuenta y Gobernanza","Which column-protection mechanism integrates with an external service to tokenize and detokenize sensitive values?","External tokenization y tag-based masking eran ambas respuestas válidas. Se pregunta por la integración con el servicio externo y se usan cuatro mecanismos reales de gobierno.","https://docs.snowflake.com/en/user-guide/security-column-intro","2026-09-23"
"1174","conservar_revisada","verified","2.1","","editorial","Gestion de cuenta y Gobernanza","Gestion de cuenta y Gobernanza","A network policy applied at the user level takes precedence over a network policy applied to what Snowflake object?","Se verifica la precedencia usuario/cuenta y se evita describirla como una unión de listas de IP.","https://docs.snowflake.com/en/user-guide/network-policies","2026-09-23"
"1175","archivar","archived","","2.3","provisional","Arquitectura y Data Cloud","Gestion de cuenta y Gobernanza","Which Snowflake storage object can be used to store data beyond a single session and will not incur Fail-safe costs?","External table también persiste sin Fail-safe; la versión conservada especifica almacenamiento nativo reconstruible. Cubierto por 555; original conservado.","https://docs.snowflake.com/en/user-guide/tables-intro.html#transient-tables","2026-09-23"
"1176","conservar_revisada","verified","5.3","","editorial","Colaboracion y Proteccion de datos","Colaboracion y Proteccion de datos","Which data sharing mechanism can be used to share data privately or publicly within the Snowflake Marketplace?","Listing es correcto; se precisa la oferta a consumidores seleccionados frente a publicación pública.","https://docs.snowflake.com/en/collaboration/collaboration-listings-about","2026-09-23"
"1177","apartar","quarantine","","1.2","provisional","Arquitectura y Data Cloud","Arquitectura y Data Cloud","What metrics will the SHOW TABLES command in Snowsight provide?","Revisar con documentación específica y versión actual antes de usar para evaluación; la clave o el alcance no están suficientemente justificados.","https://docs.snowflake.com/en/sql-reference/sql/show-tables.html",""
"1178","corregir","verified","3.1","","editorial","Carga, Descarga y Conectividad","Carga, Descarga y Conectividad","Stage my_stage contains several directories. Which statement loads CSV files only from app_files/ into my_table while restricting the scanned prefix?","Faltaba cerrar el prefijo de directorio y anclar la extensión; además COPY carga, no mueve archivos. Se conservan cuatro sentencias válidas con estructura equivalente.","https://docs.snowflake.com/en/user-guide/data-load-considerations-stage","2026-09-23"
"1179","corregir","verified","2.3","","editorial","Rendimiento, Consultas y Transformacion","Gestion de cuenta y Gobernanza","Which parameters set time limits for statement execution and for waiting in a warehouse queue? (Choose two.)","Limitar slowdowns también podía sugerir aceleración. Se acota a límites de tiempo de ejecución y cola, manteniendo los cinco parámetros reales.","https://docs.snowflake.com/en/sql-reference/parameters","2026-09-23"
"1180","archivar","archived","","4.4","provisional","Rendimiento, Consultas y Transformacion","Rendimiento, Consultas y Transformacion","The ORDERS table contains 12,000 rows.

Which query will return 10 rows that are randomly sampled from the table every time the query is run?","Repite muestreo fijo de diez filas e incluye FETCH 10 incompleto. Cubierto por 905; original conservado.","https://docs.snowflake.com/en/sql-reference/constructs/sample.html","2026-09-23"
"1181","archivar","archived","","4.4","provisional","Rendimiento, Consultas y Transformacion","Rendimiento, Consultas y Transformacion","Which function will convert semi-structured data to a relational data representation?","Repite expansión relacional con FLATTEN. Cubierto por 89; original conservado.","https://docs.snowflake.com/en/sql-reference/functions/flatten.html","2026-09-23"
"1182","conservar_revisada","verified","4.2","","editorial","Arquitectura y Data Cloud","Rendimiento, Consultas y Transformacion","What triggers the automated maintenance of a table's clustering key after it has been defined?","Se confirma la decisión por beneficio y se añade la excepción de clones para evitar prometer mantenimiento inmediato siempre.","https://docs.snowflake.com/en/user-guide/tables-auto-reclustering","2026-09-23"
"1183","archivar","archived","","2.3","provisional","Arquitectura y Data Cloud","Gestion de cuenta y Gobernanza","Which Snowflake object will consume credits during automatic background maintenance?","Tables también pueden consumir mantenimiento automático; la versión conservada acota resultados almacenados. Cubierto por 943; original conservado.","https://docs.snowflake.com/en/user-guide/views-materialized.html","2026-09-23"
"1184","apartar","quarantine","","2.3","provisional","Gestion de cuenta y Gobernanza","Gestion de cuenta y Gobernanza","Snowflake users can create a resource monitor at which levels? (Choose two.)","Revisar con documentación específica y versión actual antes de usar para evaluación; la clave o el alcance no están suficientemente justificados.","https://docs.snowflake.com/en/user-guide/resource-monitors.html",""
"1185","corregir","verified","2.2","","editorial","Gestion de cuenta y Gobernanza","Gestion de cuenta y Gobernanza","Which objects support the SECURE modifier in their CREATE statement? (Choose two.)","Proteger privacidad también podía describir permisos de schemas, stages y tags. Se pregunta por el modificador SECURE para mantener inequívocas las dos respuestas.","https://docs.snowflake.com/en/user-guide/views-secure","2026-09-23"
"1186","archivar","archived","","1.5","provisional","Rendimiento, Consultas y Transformacion","Arquitectura y Data Cloud","How does Snowflake optimize queries on tables by leveraging the sorting and storage of data within micro-partitions?","Pruning de columnas y micro-particiones son técnicas compatibles; las alternativas se solapan y el tema ya está cubierto. Cubierto por 915; original conservado.","https://docs.snowflake.com/en/user-guide/tables-micro-partitions.html","2026-09-23"
"1187","corregir","verified","2.3","","editorial","Rendimiento, Consultas y Transformacion","Gestion de cuenta y Gobernanza","Which resource-monitor trigger action cancels running queries when its credit threshold is reached?","NOTIFY_USERS era una propiedad, no una acción de trigger. Se comparan las tres acciones documentadas y se diferencia suspensión inmediata de suspensión con finalización.","https://docs.snowflake.com/en/user-guide/resource-monitors","2026-09-23"
"1188","archivar","archived","","2.1","provisional","Gestion de cuenta y Gobernanza","Gestion de cuenta y Gobernanza","What role should be used when creating a new user?","Repite USERADMIN como rol dedicado a usuarios. Cubierto por 4; original conservado.","https://docs.snowflake.com/en/user-guide/security-access-control-roles.html","2026-09-23"
"1189","conservar_revisada","verified","4.1","","editorial","Rendimiento, Consultas y Transformacion","Rendimiento, Consultas y Transformacion","Which ACCOUNT_USAGE view will identify long-running queries?","La vista es correcta; se explicita el campo de duración y se evita presentarla como monitor instantáneo de consultas activas.","https://docs.snowflake.com/en/sql-reference/account-usage/query_history","2026-09-23"
"1190","archivar","archived","","5.2","provisional","Colaboracion y Proteccion de datos","Colaboracion y Proteccion de datos","When sharing data among multiple Snowflake accounts, what charges are incurred by a data consumer when viewing shared data using their own account?","Repite compute pagado por el consumidor de un share con cuenta propia. Cubierto por 3050; original conservado.","https://docs.snowflake.com/en/user-guide/data-sharing-consumers.html","2026-09-23"
"1191","conservar_revisada","verified","4.2","","editorial","Rendimiento, Consultas y Transformacion","Rendimiento, Consultas y Transformacion","What is the MINIMUM Snowflake edition required to use the query acceleration service?","Enterprise se confirma con la matriz de ediciones; se limita el beneficio a consultas elegibles.","https://docs.snowflake.com/en/user-guide/intro-editions","2026-09-23"
"1192","corregir","verified","5.1","","editorial","Arquitectura y Data Cloud","Colaboracion y Proteccion de datos","Which command creates a clone of an existing dynamic table?","Original choices incorrectly treated dynamic tables as not cloneable.","https://docs.snowflake.com/en/user-guide/dynamic-tables/cloning","2026-09-21"
"1193","apartar","quarantine","","5.1","provisional","Arquitectura y Data Cloud","Colaboracion y Proteccion de datos","What happens to foreign key constraints when a table is cloned to another database?","Revisar con documentación específica y versión actual antes de usar para evaluación; la clave o el alcance no están suficientemente justificados.","https://docs.snowflake.com/en/user-guide/cloning.html#cloning-limitations",""
"1194","apartar","quarantine","","1.2","provisional","Gestion de cuenta y Gobernanza","Arquitectura y Data Cloud","What step must be taken to ensure that a user can only access Snowsight from a specific location, or when working from home?","Revisar con documentación específica y versión actual antes de usar para evaluación; la clave o el alcance no están suficientemente justificados.","https://docs.snowflake.com/en/user-guide/network-policies.html",""
"1195","apartar","quarantine","","3.2","provisional","Carga, Descarga y Conectividad","Carga, Descarga y Conectividad","What actions will trigger a data pipe to load? (Choose two.)","Revisar con documentación específica y versión actual antes de usar para evaluación; la clave o el alcance no están suficientemente justificados.","https://docs.snowflake.com/en/user-guide/data-pipes-auto-ingest.html",""
"1196","archivar","archived","","4.1","provisional","Rendimiento, Consultas y Transformacion","Rendimiento, Consultas y Transformacion","What does a Query Profile metric that shows excessive spillage indicate?","Spilling también puede deberse a un plan ineficiente, no solo al tamaño; ya se cubren las métricas que lo identifican. Cubierto por 974; original conservado.","https://docs.snowflake.com/en/user-guide/query-profile.html","2026-09-23"
"1197","corregir","verified","4.1","","editorial","Rendimiento, Consultas y Transformacion","Rendimiento, Consultas y Transformacion","Query Profile shows large spills to remote storage because intermediate results exceed memory. Which change increases the resources of the cluster executing this query?","Remote Disk IO no demuestra por sí solo derrame: también puede corresponder a lecturas remotas normales. Se añade la evidencia de spilling por falta de memoria.","https://docs.snowflake.com/en/user-guide/ui-snowsight-activity","2026-09-23"
"1198","apartar","quarantine","","4.4","provisional","Rendimiento, Consultas y Transformacion","Rendimiento, Consultas y Transformacion","In a SPLIT_PART function, what will the returned value be if the partNumber is out of range?","Revisar con documentación específica y versión actual antes de usar para evaluación; la clave o el alcance no están suficientemente justificados.","https://docs.snowflake.com/en/sql-reference/functions/split_part.html",""
"1199","archivar","archived","","3.1","provisional","Carga, Descarga y Conectividad","Carga, Descarga y Conectividad","From which locations can data files be downloaded using the GET command? (Choose two.)","Repite GET desde stages internos y mezcla tipos de stage con tablas. Cubierto por 645; original conservado.","https://docs.snowflake.com/en/sql-reference/sql/get.html","2026-09-23"
"1200","archivar","archived","","2.2","provisional","Colaboracion y Proteccion de datos","Gestion de cuenta y Gobernanza","What Snowflake features are recommended to restrict unauthorized users from accessing Personal Identifiable Information (PI)? (Choose two.)","La protección genérica de PII también incluye MFA y cifrado; la versión conservada evalúa masking con un mecanismo concreto. Cubierto por 1068; original conservado.","https://docs.snowflake.com/en/user-guide/security-dynamic-data-masking.html, https://docs.snowflake.com/en/user-guide/views-secure.html","2026-09-23"
"1201","apartar","quarantine","","4.4","provisional","Rendimiento, Consultas y Transformacion","Rendimiento, Consultas y Transformacion","Which Snowflake keywords help retrieve data without the need to completely scan a table? (Choose two.)","Revisar con documentación específica y versión actual antes de usar para evaluación; la clave o el alcance no están suficientemente justificados.","https://docs.snowflake.com/en/sql-reference/constructs/tablesample.html",""
"1202","conservar_revisada","verified","2.1","","editorial","Gestion de cuenta y Gobernanza","Gestion de cuenta y Gobernanza","A security review identified several roles that are no longer being used. Which of the roles can be dropped?","Se distingue un rol personalizado de roles del sistema; no se presupone que cualquier usuario tenga autorización para eliminarlo.","https://docs.snowflake.com/en/user-guide/security-access-control-overview","2026-09-23"
"1203","apartar","quarantine","","1.2","provisional","Arquitectura y Data Cloud","Arquitectura y Data Cloud","A complex query has been running in Snowsight for more than one hour. At the same time, several other queries from other worksheets ran successfully. What is FASTEST way to cancel the long-running query?","Revisar con documentación específica y versión actual antes de usar para evaluación; la clave o el alcance no están suficientemente justificados.","https://docs.snowflake.com/en/user-guide/snowsight-cancel-queries.html",""
"1204","archivar","archived","","2.3","provisional","Rendimiento, Consultas y Transformacion","Gestion de cuenta y Gobernanza","How can a Snowflake user automate virtual warehouse operations for optimal credit consumption? (Choose two.)","Los períodos genéricos y de inactividad se solapan; la automatización ya está cubierta sin afirmar ahorro óptimo universal. Cubierto por 996; original conservado.","https://docs.snowflake.com/en/user-guide/warehouses-auto-suspend-resume.html","2026-09-23"
"1205","archivar","archived","","5.1","provisional","Colaboracion y Proteccion de datos","Colaboracion y Proteccion de datos","Which data protection feature should only be used when all other data recovery options have been attempted?","Repite Fail-safe como último recurso de recuperación. Cubierto por 166; original conservado.","https://docs.snowflake.com/en/user-guide/data-protection-failsafe.html","2026-09-23"
"1206","archivar","archived","","1.4","provisional","Rendimiento, Consultas y Transformacion","Arquitectura y Data Cloud","A single cluster virtual warehouse has no free resources. What will happen to new queries that are run against this warehouse?","Repite colas por falta de capacidad; el caso conservado aporta evidencia de queued load. Cubierto por 580; original conservado.","https://docs.snowflake.com/en/user-guide/warehouses.html#query-queuing","2026-09-23"
"1207","archivar","archived","","4.2","provisional","Rendimiento, Consultas y Transformacion","Rendimiento, Consultas y Transformacion","How does the search optimization service improve query performance?","Pruning y search access path no son explicaciones excluyentes; la versión conservada precisa el mecanismo. Cubierto por 832; original conservado.","https://docs.snowflake.com/en/user-guide/search-optimization-service","2026-09-23"
"1208","conservar_revisada","verified","3.1","","editorial","Carga, Descarga y Conectividad","Carga, Descarga y Conectividad","Use of what parameter will allow files to be loaded even if the file metadata has expired?","Se aclara qué significa metadata expirada y se diferencia cargar estado desconocido de forzar recarga de todos los archivos.","https://docs.snowflake.com/en/sql-reference/sql/copy-into-table","2026-09-23"
"1209","apartar","quarantine","","5.2","provisional","Colaboracion y Proteccion de datos","Colaboracion y Proteccion de datos","How can a Data Exchange Administrator provide a user with account access to a Data Exchange?","Revisar con documentación específica y versión actual antes de usar para evaluación; la clave o el alcance no están suficientemente justificados.","https://docs.snowflake.com/en/user-guide/data-sharing-intro.html",""
"1210","conservar_revisada","verified","1.1","","editorial","Arquitectura y Data Cloud","Arquitectura y Data Cloud","Which features can be used with the Snowflake Standard edition? (Choose two.)","Se comprueban las cinco capacidades en la matriz oficial; disponible en Standard no equivale a uso sin costes.","https://docs.snowflake.com/en/user-guide/intro-editions","2026-09-23"
"1211","conservar_revisada","verified","3.1","","editorial","Colaboracion y Proteccion de datos","Carga, Descarga y Conectividad","Which function will generate a URL that can be accessed by a non-Snowflake user?","La función prefirmada es correcta; se añade caducidad y la diferencia entre permisos del creador y autenticación del destinatario.","https://docs.snowflake.com/en/sql-reference/functions/get_presigned_url","2026-09-23"
"1212","conservar_revisada","verified","3.1","","editorial","Carga, Descarga y Conectividad","Carga, Descarga y Conectividad","What are valid values for the FIELD_OPTIONALLY_ENCLOSED_BY option in the COPY INTO [location] command used during data unloading? (Choose two.)","La clave es válida; se explica NONE frente a los literales de texto y se menciona la doble comilla sin añadir opciones.","https://docs.snowflake.com/en/sql-reference/sql/copy-into-location","2026-09-23"
"1213","apartar","quarantine","","","provisional","Arquitectura y Data Cloud","Arquitectura y Data Cloud","What identifiers are supported when creating a Snowflake account hostname? (Choose two.)","Revisar con documentación específica y versión actual antes de usar para evaluación; la clave o el alcance no están suficientemente justificados.","https://docs.snowflake.com/en/user-guide/admin-account-parameters.html",""
"1214","apartar","quarantine","","1.4","provisional","Rendimiento, Consultas y Transformacion","Arquitectura y Data Cloud","Which virtual warehouse auto-suspend configurations will result in a warehouse that runs continually, 24 hours a day, 7 days a week? (Choose two.)","Revisar con documentación específica y versión actual antes de usar para evaluación; la clave o el alcance no están suficientemente justificados.","https://docs.snowflake.com/en/user-guide/warehouses-auto-suspend-resume.html",""
"1215","archivar","archived","","4.4","provisional","Rendimiento, Consultas y Transformacion","Rendimiento, Consultas y Transformacion","What kind of value does a User-Defined Function (UDF) return? (Choose two.)","Object también puede ser un valor escalar; se mezclan categorías de retorno y tipos. 916 distingue scalar/table y 646 el retorno tabular. Cubierto por 916; original conservado.","https://docs.snowflake.com/en/sql-reference/udf.html","2026-09-23"
"1216","archivar","archived","","","provisional","Colaboracion y Proteccion de datos","Arquitectura y Data Cloud","Which command can be performed on a Snowflake secure view?","Repite SELECT frente a DML sobre datos de solo lectura. Cubierto por 866; original conservado.","https://docs.snowflake.com/en/user-guide/views-secure.html","2026-09-23"
"1217","apartar","quarantine","","5.2","provisional","Colaboracion y Proteccion de datos","Colaboracion y Proteccion de datos","Which database objects can be shared with Secure Data Sharing? (Choose two.)","Revisar con documentación específica y versión actual antes de usar para evaluación; la clave o el alcance no están suficientemente justificados.","https://docs.snowflake.com/en/user-guide/data-sharing-secure.html",""
"1218","apartar","quarantine","","1.5","provisional","Colaboracion y Proteccion de datos","Arquitectura y Data Cloud","When a transient table in Snowflake is dropped, what happens to the table?","Revisar con documentación específica y versión actual antes de usar para evaluación; la clave o el alcance no están suficientemente justificados.","https://docs.snowflake.com/en/user-guide/tables-transient.html",""
"1219","corregir","verified","5.3","","editorial","Colaboracion y Proteccion de datos","Colaboracion y Proteccion de datos","A provider wants its data delivered to consumers in other regions using Cross-Cloud Auto-Fulfillment rather than manually managing replicas. Which sharing mechanism should it use?","Replicación y listing podían resolver el requisito original. Se añade entrega automática sin gestionar réplicas manualmente y se conservan los mecanismos reales.","https://docs.snowflake.com/en/collaboration/provider-listings-auto-fulfillment-setup","2026-09-23"
"1220","apartar","quarantine","","1.1","provisional","Arquitectura y Data Cloud","Arquitectura y Data Cloud","A user needs to know the maximum value of a date field in a table, and runs the following query:

select max(o_orderdate) from ORDERS;

Which part of Snowflake architecture will this query use?","Revisar con documentación específica y versión actual antes de usar para evaluación; la clave o el alcance no están suficientemente justificados.","https://docs.snowflake.com/en/user-guide/intro-key-concepts#cloud-services, https://docs.snowflake.com/en/user-guide/cost-understanding-compute#cloud-service-credit-usage",""
"1221","archivar","archived","","5.1","provisional","Colaboracion y Proteccion de datos","Colaboracion y Proteccion de datos","A Snowflake user accidentally deleted a table. The table no longer exists but the session is within the data retention period. How can the table be restored using the LEAST amount of operational overhead?","Repite UNDROP dentro de retención como restauración directa. Cubierto por 233; original conservado.","https://docs.snowflake.com/en/sql-reference/sql/undrop-table","2026-09-23"
"1222","apartar","quarantine","","5.1","provisional","Arquitectura y Data Cloud","Colaboracion y Proteccion de datos","When cloning a schema, which Snowflake object will not be included in the clone?","Revisar con documentación específica y versión actual antes de usar para evaluación; la clave o el alcance no están suficientemente justificados.","https://docs.snowflake.com/en/sql-reference/sql/create-clone#:~:text=statement%20is%20executed.-,Not%20cloned,Internal%20(Snowflake)%20stages,-Pipes",""
"1223","apartar","quarantine","","2.1","provisional","Gestion de cuenta y Gobernanza","Gestion de cuenta y Gobernanza","Which command will change the name of shared database role r1 to r4?","Revisar con documentación específica y versión actual antes de usar para evaluación; la clave o el alcance no están suficientemente justificados.","https://docs.snowflake.com/en/sql-reference/sql/alter-database-role",""
"1224","conservar_revisada","verified","4.1","","editorial","Rendimiento, Consultas y Transformacion","Rendimiento, Consultas y Transformacion","What does the Remote Disk I/O statistic in the Query Profile indicate?","El significado del indicador es correcto; se evita equiparar toda lectura remota con spilling.","https://docs.snowflake.com/en/user-guide/ui-snowsight-activity","2026-09-23"
"1225","archivar","archived","","1.4","provisional","Rendimiento, Consultas y Transformacion","Arquitectura y Data Cloud","Use of which virtual warehouse or warehouse configuration will improve the performance of workloads that have large memory requirements, such as Machine Learning (ML) training using a stored procedure?","Repite Snowpark-optimized para cargas de alta memoria. Cubierto por 1117; original conservado.","https://docs.snowflake.com/en/user-guide/warehouses-overview.html","2026-09-23"
"1226","apartar","quarantine","","2.1","provisional","Gestion de cuenta y Gobernanza","Gestion de cuenta y Gobernanza","Which role has the privileges to describe a share?","Revisar con documentación específica y versión actual antes de usar para evaluación; la clave o el alcance no están suficientemente justificados.","https://docs.snowflake.com/en/sql-reference/sql/desc-share",""
"1227","archivar","archived","","2.1","provisional","Colaboracion y Proteccion de datos","Gestion de cuenta y Gobernanza","This command is executed:
CREATE TABLE new_table CLONE existing_table COPY GRANTS;

What will happen to the privileges of any cloned objects?","Repite COPY GRANTS y exclusión de OWNERSHIP en clones. Cubierto por 504; original conservado.","https://docs.snowflake.com/en/user-guide/object-clone","2026-09-23"
"1228","archivar","archived","","4.3","provisional","Rendimiento, Consultas y Transformacion","Rendimiento, Consultas y Transformacion","Where does Snowflake store the data output from a query that was executed in the past 24 hours?","Mezcla ubicación física remota con caché lógica; 172 ya distingue los resultados persistidos. Cubierto por 172; original conservado.","https://docs.snowflake.com/en/user-guide/querying-persisted-results.html","2026-09-23"
"1229","apartar","quarantine","","3.3","provisional","Gestion de cuenta y Gobernanza","Carga, Descarga y Conectividad","What is the default authenticator while using the JDBC driver connection in Snowflake?","El autenticador JDBC por defecto no debe confundirse con snowflake_jwt.","https://docs.snowflake.com/en/developer-guide/jdbc/jdbc-parameters#authenticator",""
"1230","conservar_revisada","verified","2.3","","editorial","Arquitectura y Data Cloud","Gestion de cuenta y Gobernanza","When will Snowflake charge credits for the use of the Cloud Services layer?","El umbral es correcto; se precisa que se factura el exceso y que el ajuste se calcula por día, no por consulta.","https://docs.snowflake.com/en/user-guide/cost-understanding-compute","2026-09-23"
"1231","archivar","archived","","2.2","provisional","Gestion de cuenta y Gobernanza","Gestion de cuenta y Gobernanza","What is the primary purpose of using a masking policy in Snowflake?","Repite finalidad de masking con alternativas que mezclan cifrado y filtrado de filas. Cubierto por 1068; original conservado.","https://docs.snowflake.com/en/user-guide/security-column-level-security-masking-policies.html","2026-09-23"
"1232","corregir","verified","4.2","","editorial","Rendimiento, Consultas y Transformacion","Rendimiento, Consultas y Transformacion","Which object can store precomputed query results over an external table and incur automatic maintenance credits?","Optimizar rendimiento era demasiado amplio para descartar caché de metadatos. Se acota a resultados precomputados y se comparan cuatro objetos tabulares reales.","https://docs.snowflake.com/en/user-guide/views-materialized","2026-09-23"
"1233","conservar_revisada","verified","4.4","","editorial","Arquitectura y Data Cloud","Rendimiento, Consultas y Transformacion","What are the recommended alternative data types in Snowflake for unsupported large object data types such as BLOB and CLOB? (Choose two.)","Se verifica BINARY/VARCHAR y se distingue su función de los tres tipos compuestos ofrecidos.","https://docs.snowflake.com/en/sql-reference/data-types-unsupported","2026-09-23"
"1234","apartar","quarantine","","3.3","provisional","Gestion de cuenta y Gobernanza","Carga, Descarga y Conectividad","A network policy set at which level will override all other network policies?","Revisar con documentación específica y versión actual antes de usar para evaluación; la clave o el alcance no están suficientemente justificados.","https://docs.snowflake.com/en/user-guide/network-policies.html",""
"1235","apartar","quarantine","","5.2","provisional","Colaboracion y Proteccion de datos","Colaboracion y Proteccion de datos","A company needs to share sales data with multiple marketing agency partners. Which Snowflake data share mechanism is recommended for this use case?","Revisar con documentación específica y versión actual antes de usar para evaluación; la clave o el alcance no están suficientemente justificados.","https://docs.snowflake.com/en/user-guide/data-sharing-intro.html",""
"1236","apartar","quarantine","","2.1","provisional","Gestion de cuenta y Gobernanza","Gestion de cuenta y Gobernanza","Which role can create and manage Snowflake accounts?","Revisar con documentación específica y versión actual antes de usar para evaluación; la clave o el alcance no están suficientemente justificados.","https://docs.snowflake.com/en/user-guide/security-access-control-roles.html",""
"1237","conservar_revisada","verified","2.1","","editorial","Gestion de cuenta y Gobernanza","Gestion de cuenta y Gobernanza","Which security feature is available in all Snowflake editions?","Se confirma control de acceso a objetos en Standard; no se confunde con políticas o gestión externa de claves.","https://docs.snowflake.com/en/user-guide/intro-editions","2026-09-23"
"1238","apartar","quarantine","","4.4","provisional","Rendimiento, Consultas y Transformacion","Rendimiento, Consultas y Transformacion","A table named car_sales contains a single VARIANT column named src. Below is the output of the query SELECT * FROM car_sales;

Which queries will return the element 'phone number' from the data? (Choose two.)","Falta imagen, tabla o configuración citada por el enunciado; no se puede resolver de forma autónoma.","https://docs.snowflake.com/en/sql-reference/data-types/variant.html",""
"1239","conservar_revisada","verified","4.4","","editorial","Carga, Descarga y Conectividad","Rendimiento, Consultas y Transformacion","Which strings will be converted to TRUE using the TO_BOOLEAN() or CAST() functions when unloading data? (Choose two.)","Las dos conversiones son correctas; la nota aclara que son reglas generales, no exclusivas de COPY de descarga.","https://docs.snowflake.com/en/sql-reference/functions/to_boolean","2026-09-23"
"1240","apartar","quarantine","","2.1","provisional","Gestion de cuenta y Gobernanza","Gestion de cuenta y Gobernanza","Which authentication method requires access to a secure file that is only stored on the user's local device?","Revisar con documentación específica y versión actual antes de usar para evaluación; la clave o el alcance no están suficientemente justificados.","https://docs.snowflake.com/en/user-guide/security-auth-methods.html",""
"1241","corregir","verified","3.3","","editorial","Gestion de cuenta y Gobernanza","Carga, Descarga y Conectividad","Which Snowflake interface directly implements DB-API 2.0 (PEP 249)?","Los distractores incluían drivers inexistentes. Se comparan cuatro interfaces Python reales y cercanas para distinguir DB-API de ORM, DataFrame y gestión de recursos.","https://docs.snowflake.com/en/developer-guide/python-connector/python-connector","2026-09-23"
"1242","conservar_revisada","verified","5.1","","editorial","Carga, Descarga y Conectividad","Colaboracion y Proteccion de datos","If a source table is updated while cloning is in progress, what data will be included in the cloned table?","Se confirma el inicio de la sentencia como instante de snapshot, distinguiéndolo de la sesión y la finalización.","https://docs.snowflake.com/en/user-guide/object-clone","2026-09-23"
"1243","apartar","quarantine","","2.1","provisional","Colaboracion y Proteccion de datos","Gestion de cuenta y Gobernanza","The CUSTOMER table in the T1 database is accidentally dropped.

Which privileges are required to restore this table? (Choose two.)","CREATE TABLE se concede sobre schema, no sobre database.","https://docs.snowflake.com/en/user-guide/privileges.html",""
"1244","archivar","archived","","2.2","provisional","Colaboracion y Proteccion de datos","Gestion de cuenta y Gobernanza","Which ACCOUNT_USAGE view can be used to identify the masking policy assigned to an object?","Repite POLICY_REFERENCES para políticas asignadas. Cubierto por 368; original conservado.","https://docs.snowflake.com/en/sql-reference/account-usage/policy-references.html","2026-09-23"
"1245","archivar","archived","","3.2","provisional","Rendimiento, Consultas y Transformacion","Carga, Descarga y Conectividad","A stream object will advance its offset when it is used in which statement?","CREATE puede consumir el stream mediante CTAS; falta precisar la transacción. 181 enumera operaciones y commit. Cubierto por 181; original conservado.","https://docs.snowflake.com/en/user-guide/streams-intro.html","2026-09-23"
"1246","archivar","archived","","1.1","provisional","Arquitectura y Data Cloud","Arquitectura y Data Cloud","Where is metadata management handled in Snowflake?","Repite gestión de metadatos en cloud services. Cubierto por 1003; original conservado.","https://docs.snowflake.com/en/user-guide/architecture.html","2026-09-23"
"1247","conservar_revisada","verified","2.1","","editorial","Gestion de cuenta y Gobernanza","Gestion de cuenta y Gobernanza","What does an integration between Snowflake and Microsoft Private Link or AWS PrivateLink support?","La conexión privada es correcta; se distingue de VPN y de sharing y se añaden dependencias de proveedor y edición.","https://docs.snowflake.com/en/user-guide/admin-security-privatelink","2026-09-23"
"1248","apartar","quarantine","","","provisional","Carga, Descarga y Conectividad","Arquitectura y Data Cloud","Which type of URL gives permanent access to files in cloud storage?","Revisar con documentación específica y versión actual antes de usar para evaluación; la clave o el alcance no están suficientemente justificados.","https://docs.snowflake.com/en/user-guide/data-load-s3-presigned-url.html",""
"1249","apartar","quarantine","","2.2","provisional","Colaboracion y Proteccion de datos","Gestion de cuenta y Gobernanza","Which Snowflake data governance feature supports resource usage monitoring?","Revisar con documentación específica y versión actual antes de usar para evaluación; la clave o el alcance no están suficientemente justificados.","https://docs.snowflake.com/en/user-guide/access-history.html",""
"1250","archivar","archived","","4.2","provisional","Rendimiento, Consultas y Transformacion","Rendimiento, Consultas y Transformacion","Which steps will help optimize query performance? (Choose two.)","La recomendación genérica omite contexto y los índices existen para hybrid tables; 850 exige diagnóstico de carga. Cubierto por 850; original conservado.","https://docs.snowflake.com/en/user-guide/query-acceleration-service.html, https://docs.snowflake.com/en/user-guide/tables-clustering-keys.html","2026-09-23"
"1251","apartar","quarantine","","4.4","provisional","Rendimiento, Consultas y Transformacion","Rendimiento, Consultas y Transformacion","Which functions can be used to identify the data type stored in a VARIANT column? (Choose two.)","Revisar con documentación específica y versión actual antes de usar para evaluación; la clave o el alcance no están suficientemente justificados.","https://docs.snowflake.com/en/sql-reference/functions/is_null_value, https://docs.snowflake.com/en/sql-reference/functions/is_date_value",""
"1252","archivar","archived","","5.2","provisional","Colaboracion y Proteccion de datos","Colaboracion y Proteccion de datos","What is the MINIMUM Snowflake edition that supports data sharing?","Repite edición mínima Standard para compartir. Cubierto por 86; original conservado.","https://docs.snowflake.com/en/user-guide/data-sharing-intro.html","2026-09-23"
"1253","apartar","quarantine","","5.2","provisional","Colaboracion y Proteccion de datos","Colaboracion y Proteccion de datos","Who can access the data published in a Data Exchange?","Revisar con documentación específica y versión actual antes de usar para evaluación; la clave o el alcance no están suficientemente justificados.","https://docs.snowflake.com/en/user-guide/data-exchange.html",""
"1254","apartar","quarantine","","2.1","provisional","Colaboracion y Proteccion de datos","Gestion de cuenta y Gobernanza","How can data be shared between two users who have different Snowflake accounts?","Revisar con documentación específica y versión actual antes de usar para evaluación; la clave o el alcance no están suficientemente justificados.","https://docs.snowflake.com/en/user-guide/data-sharing-provider.html",""
"1255","apartar","quarantine","","2.3","provisional","Rendimiento, Consultas y Transformacion","Gestion de cuenta y Gobernanza","Which view will show the MOST recent information about table-level storage utilization?","Revisar con documentación específica y versión actual antes de usar para evaluación; la clave o el alcance no están suficientemente justificados.","https://docs.snowflake.com/en/sql-reference/account-usage/table-storage-metrics.html",""
"1256","apartar","quarantine","","1.2","provisional","Rendimiento, Consultas y Transformacion","Arquitectura y Data Cloud","A user executed a SELECT query in Snowsight which returned a 1 GB result set. The user then downloads the files. What will occur?","Revisar con documentación específica y versión actual antes de usar para evaluación; la clave o el alcance no están suficientemente justificados.","https://docs.snowflake.com/en/user-guide/ui-snowsight-download-results.html",""
"1257","archivar","archived","","3.1","provisional","Carga, Descarga y Conectividad","Carga, Descarga y Conectividad","Which command can be used to unload data into an external named stage in Snowflake?","Repite COPY INTO location para descarga a stage externo. Cubierto por 725; original conservado.","https://docs.snowflake.com/en/sql-reference/sql/copy-into-location.html","2026-09-23"
"1258","apartar","quarantine","","3.1","provisional","Carga, Descarga y Conectividad","Carga, Descarga y Conectividad","Which file format option should be used when unloading data into a stage to create a CSV or a JSON file?","Revisar con documentación específica y versión actual antes de usar para evaluación; la clave o el alcance no están suficientemente justificados.","https://docs.snowflake.com/en/sql-reference/sql/create-file-format",""
"1259","apartar","quarantine","","1.4","provisional","Rendimiento, Consultas y Transformacion","Arquitectura y Data Cloud","When creating a virtual warehouse, what setting should be used to avoid both over-provisioning resources and auto-scaling when there is increased concurrency?","Revisar con documentación específica y versión actual antes de usar para evaluación; la clave o el alcance no están suficientemente justificados.","https://docs.snowflake.com/en/user-guide/query-acceleration-service",""
"1260","archivar","archived","","2.2","provisional","Colaboracion y Proteccion de datos","Gestion de cuenta y Gobernanza","What is the MINIMUM Snowflake edition required to add masking policies to selectively mask plain-text data in a table or in view columns at query time?","Repite Enterprise para masking de columnas. Cubierto por 138; original conservado.","https://docs.snowflake.com/en/user-guide/security-column-ddm-intro, https://docs.snowflake.com/en/user-guide/intro-editions#enterprise-edition","2026-09-23"
"1261","archivar","archived","","","provisional","Carga, Descarga y Conectividad","Arquitectura y Data Cloud","Which command can be used to determine if data from a file has been previously loaded?","Repite COPY_HISTORY y lo llama comando en lugar de función/vista. Cubierto por 1060; original conservado.","https://docs.snowflake.com/en/user-guide/data-loading-history.html","2026-09-23"
"1262","apartar","quarantine","","2.3","provisional","Rendimiento, Consultas y Transformacion","Gestion de cuenta y Gobernanza","What does Snowflake recommend when configuring the auto-suspend parameter for a virtual warehouse?","Revisar con documentación específica y versión actual antes de usar para evaluación; la clave o el alcance no están suficientemente justificados.","https://docs.snowflake.com/en/user-guide/warehouses-auto-suspend.html",""
"1263","archivar","archived","","3.1","provisional","Carga, Descarga y Conectividad","Carga, Descarga y Conectividad","Which URL identifies the database, schema, stage, and file path to a set of files for accessing the unstructured data files in Snowflake?","Repite file URL y mezcla HTTPS, que es protocolo, con las categorías de URL. Cubierto por 657; original conservado.","https://docs.snowflake.com/en/user-guide/stages-file-format.html","2026-09-23"
"1264","archivar","archived","","1.2","provisional","Arquitectura y Data Cloud","Arquitectura y Data Cloud","Which Snowflake feature or service is primarily used for managing and monitoring data and user activities?","Identificación genérica de interfaz: administrar y monitorizar también se puede hacer con SQL. No aporta un escenario inequívoco y se retira conforme al criterio de preguntas de interfaz.","https://docs.snowflake.com/en/user-guide/snowsight.html","2026-09-23"
"1265","apartar","quarantine","","","provisional","Carga, Descarga y Conectividad","Arquitectura y Data Cloud","Which URL type should be used for custom applications that need to access unstructured data files?","Revisar con documentación específica y versión actual antes de usar para evaluación; la clave o el alcance no están suficientemente justificados.","https://docs.snowflake.com/en/sql-reference/functions/get_presigned_url",""
"1266","conservar_revisada","verified","4.2","","editorial","Rendimiento, Consultas y Transformacion","Rendimiento, Consultas y Transformacion","When would creating and using a standard view be preferable to using a materialized view?","Se conserva la recomendación y se matiza el equilibrio entre mantenimiento y beneficio, sin convertirlo en prohibición absoluta.","https://docs.snowflake.com/en/user-guide/views-materialized","2026-09-23"
"1267","apartar","quarantine","","2.1","provisional","Gestion de cuenta y Gobernanza","Gestion de cuenta y Gobernanza","When using a direct share, what privileges does a role need to control access to the objects that are in a share that is using database roles? (Choose two.)","Revisar con documentación específica y versión actual antes de usar para evaluación; la clave o el alcance no están suficientemente justificados.","https://docs.snowflake.com/en/user-guide/shares-privileges.html",""
"1268","apartar","quarantine","","5.2","provisional","Colaboracion y Proteccion de datos","Colaboracion y Proteccion de datos","What actions can be performed by consumers of shared databases? (Choose two.)","Revisar con documentación específica y versión actual antes de usar para evaluación; la clave o el alcance no están suficientemente justificados.","https://docs.snowflake.com/en/user-guide/data-sharing-consumers.html",""
"1269","conservar_revisada","verified","2.1","","editorial","Gestion de cuenta y Gobernanza","Gestion de cuenta y Gobernanza","A Snowflake user is actively logged into Snowflake when a user-level network policy is assigned to that user.

What will Snowflake do if the user's IP address does not match the user-level network policy rules?","Se confirma el bloqueo de nuevas consultas para la sesión activa; se distingue del cierre de sesión y de esperar al token.","https://docs.snowflake.com/en/user-guide/network-policies","2026-09-23"
"1270","archivar","archived","","4.3","provisional","Gestion de cuenta y Gobernanza","Rendimiento, Consultas y Transformacion","At what level is the ALLOW_CLIENT_MFA_CACHING parameter configurable in Snowflake?","Repite el nivel Account de ALLOW_CLIENT_MFA_CACHING. Cubierto por 852; original conservado.","https://docs.snowflake.com/en/user-guide/security-mfa.html","2026-09-23"
"1271","corregir","verified","5.2","","editorial","Colaboracion y Proteccion de datos","Colaboracion y Proteccion de datos","A provider is not using listing auto-fulfillment and wants to maintain a database copy in another region before creating a local share there. Which mechanism supplies that copy?","Auto-fulfillment y replicación eran válidos. Se concreta el flujo de réplica gestionada por el proveedor sin auto-fulfillment.","https://docs.snowflake.com/en/user-guide/account-replication-intro","2026-09-23"
"1272","archivar","archived","","2.3","provisional","Rendimiento, Consultas y Transformacion","Gestion de cuenta y Gobernanza","What factors affect how many credits will be charged for virtual warehouse usage? (Choose two.)","Repite tamaño y tiempo sin fijar tipo, generación y clusters; la versión conservada sí lo acota. Cubierto por 317; original conservado.","https://docs.snowflake.com/en/user-guide/credits-usage.html","2026-09-23"
"1273","conservar_revisada","verified","2.1","","editorial","Rendimiento, Consultas y Transformacion","Gestion de cuenta y Gobernanza","What privilege is required to view the load statistics on a virtual warehouse?","Se comprueba MONITOR para estadísticas y se separa de ejecutar, modificar y controlar el warehouse.","https://docs.snowflake.com/en/user-guide/security-access-control-privileges","2026-09-23"
"1274","conservar_pendiente","pending","","1.5","provisional","Rendimiento, Consultas y Transformacion","Arquitectura y Data Cloud","Which command will indicate whether a materialized view is being used in a query?","Cribado de enunciado y clave. Sin validación exhaustiva de distractores y explicación; no apta para simulacro contrastado.","https://docs.snowflake.com/en/sql-reference/sql/explain",""
"1275","conservar_pendiente","pending","","1.4","provisional","Rendimiento, Consultas y Transformacion","Arquitectura y Data Cloud","A size X-Small virtual warehouse ran for 90 seconds, and was shut down. The warehouse was then run for another 30 seconds before being shut down again.

How many seconds will be billed?","Cribado de enunciado y clave. Sin validación exhaustiva de distractores y explicación; no apta para simulacro contrastado.","https://docs.snowflake.com/en/user-guide/cost-understanding-overall",""
"1276","apartar","quarantine","","1.4","provisional","Rendimiento, Consultas y Transformacion","Arquitectura y Data Cloud","Which virtual warehouse configuration is recommended specifically for a steady workload that has no execution lag?","Revisar con documentación específica y versión actual antes de usar para evaluación; la clave o el alcance no están suficientemente justificados.","https://docs.snowflake.com/en/sql-reference/sql/create-warehouse",""
"1277","conservar_pendiente","pending","","2.1","provisional","Gestion de cuenta y Gobernanza","Gestion de cuenta y Gobernanza","Which role allows a Snowflake user to view table-level storage utilization information from the TABLE_STORAGE_METRICS view by default?","Cribado de enunciado y clave. Sin validación exhaustiva de distractores y explicación; no apta para simulacro contrastado.","https://docs.snowflake.com/en/sql-reference/info-schema/table_storage_metrics",""
"1278","apartar","quarantine","","4.4","provisional","Rendimiento, Consultas y Transformacion","Rendimiento, Consultas y Transformacion","This statement is run:

SELECT { 'key' : { 'subkey': 'value' }} mycolumn;

What notations will retrieve the 'value' from the VARIANT column? (Choose two.)","Revisar con documentación específica y versión actual antes de usar para evaluación; la clave o el alcance no están suficientemente justificados.","https://docs.snowflake.com/en/user-guide/querying-semistructured#traversing-semi-structured-data",""
"1279","apartar","quarantine","","1.4","provisional","Rendimiento, Consultas y Transformacion","Arquitectura y Data Cloud","Which multi-cluster virtual warehouse setting will help process queued queries as quickly as possible?","Revisar con documentación específica y versión actual antes de usar para evaluación; la clave o el alcance no están suficientemente justificados.","https://docs.snowflake.com/en/user-guide/warehouses-multicluster#enabling-multi-cluster-warehouses",""
"1280","apartar","quarantine","","2.3","provisional","Rendimiento, Consultas y Transformacion","Gestion de cuenta y Gobernanza","Which Snowflake tool provides detailed execution statistics of a query with no cost to the user?","Revisar con documentación específica y versión actual antes de usar para evaluación; la clave o el alcance no están suficientemente justificados.","https://docs.snowflake.com/en/user-guide/ui-query-profile",""
"1281","apartar","quarantine","","4.1","provisional","Rendimiento, Consultas y Transformacion","Rendimiento, Consultas y Transformacion","How can a Snowflake user access near real-time metrics that can be used to identify queries affected by disk spilling?","Revisar con documentación específica y versión actual antes de usar para evaluación; la clave o el alcance no están suficientemente justificados.","https://docs.snowflake.com/en/user-guide/ui-query-profile#query-profile-overview",""
"1282","conservar_pendiente","pending","","1.5","provisional","Carga, Descarga y Conectividad","Arquitectura y Data Cloud","Which table type is used in the file processing pipeline to process unstructured data in Snowflake?","Cribado de enunciado y clave. Sin validación exhaustiva de distractores y explicación; no apta para simulacro contrastado.","https://docs.snowflake.com/en/user-guide/data-load-dirtables-pipeline",""
"1283","conservar_pendiente","pending","","4.1","provisional","Rendimiento, Consultas y Transformacion","Rendimiento, Consultas y Transformacion","Which metrics in the QUERY_HISTORY Account Usage View can be used to assess the pruning efficiency of a query? (Choose two.)","Cribado de enunciado y clave. Sin validación exhaustiva de distractores y explicación; no apta para simulacro contrastado.","https://docs.snowflake.com/en/sql-reference/account-usage/query_history",""
"1284","conservar_pendiente","pending","","5.2","provisional","Colaboracion y Proteccion de datos","Colaboracion y Proteccion de datos","How should a data provider securely share Snowflake objects with a data consumer who does not have a Snowflake account?","Cribado de enunciado y clave. Sin validación exhaustiva de distractores y explicación; no apta para simulacro contrastado.","https://docs.snowflake.com/en/user-guide/data-sharing-reader-accounts",""
"1285","apartar","quarantine","","3.1","provisional","Carga, Descarga y Conectividad","Carga, Descarga y Conectividad","When unloading Snowflake relational data to a Parquet file format, why should the PARTITION BY clause be used?","Revisar con documentación específica y versión actual antes de usar para evaluación; la clave o el alcance no están suficientemente justificados.","https://docs.snowflake.com/en/sql-reference/sql/copy-into-location#partition-by-clause, https://www.snowflake.com/guides/what-parquet",""
"1286","apartar","quarantine","","1.4","provisional","Rendimiento, Consultas y Transformacion","Arquitectura y Data Cloud","How can a user access information about a query execution plan without consuming virtual warehouse compute resources?","Revisar con documentación específica y versión actual antes de usar para evaluación; la clave o el alcance no están suficientemente justificados.","https://docs.snowflake.com/en/sql-reference/sql/explain",""
"1287","conservar_pendiente","pending","","3.1","provisional","Carga, Descarga y Conectividad","Carga, Descarga y Conectividad","If a query is being used to unload a 1 TB table into a stage, which DML operator will be shown in the Query Profile?","Cribado de enunciado y clave. Sin validación exhaustiva de distractores y explicación; no apta para simulacro contrastado.","https://docs.snowflake.com/en/sql-reference/sql/copy-into-location",""
"1288","conservar_pendiente","pending","","2.1","provisional","Gestion de cuenta y Gobernanza","Gestion de cuenta y Gobernanza","At what levels can network policies be defined in Snowflake? (Choose two.)","Cribado de enunciado y clave. Sin validación exhaustiva de distractores y explicación; no apta para simulacro contrastado.","https://docs.snowflake.com/en/user-guide/network-policies",""
"1289","apartar","quarantine","","3.3","provisional","Carga, Descarga y Conectividad","Carga, Descarga y Conectividad","A Snowflake table that is loaded using a Kafka connector has a schema consisting of which two VARIANT columns? (Choose two.)","Revisar con documentación específica y versión actual antes de usar para evaluación; la clave o el alcance no están suficientemente justificados.","https://docs.snowflake.com/en/user-guide/kafka-connector-overview",""
"1290","conservar_pendiente","pending","","4.4","provisional","Rendimiento, Consultas y Transformacion","Rendimiento, Consultas y Transformacion","When working with table MY_TABLE that contains 10 rows, which sampling query will always return exactly 5 rows?","Cribado de enunciado y clave. Sin validación exhaustiva de distractores y explicación; no apta para simulacro contrastado.","https://docs.snowflake.com/en/sql-reference/sql/select.html#sampling-rows",""
"1291","conservar_pendiente","pending","","3.1","provisional","Carga, Descarga y Conectividad","Carga, Descarga y Conectividad","How can files in a stage be loaded after the file metadata has expired? (Choose two.)","Cribado de enunciado y clave. Sin validación exhaustiva de distractores y explicación; no apta para simulacro contrastado.","https://docs.snowflake.com/en/sql-reference/sql/copy-into-table#force-load",""
"1292","conservar_pendiente","pending","","4.4","provisional","Arquitectura y Data Cloud","Rendimiento, Consultas y Transformacion","How should a Snowflake user access a third-party SaaS service to process unstructured data?","Cribado de enunciado y clave. Sin validación exhaustiva de distractores y explicación; no apta para simulacro contrastado.","https://docs.snowflake.com/en/sql-reference/external-functions",""
"1293","conservar_pendiente","pending","","5.2","provisional","Arquitectura y Data Cloud","Colaboracion y Proteccion de datos","What statement describes Snowflake data architecture?","Cribado de enunciado y clave. Sin validación exhaustiva de distractores y explicación; no apta para simulacro contrastado.","https://docs.snowflake.com/en/user-guide/intro-key-concepts",""
"1294","apartar","quarantine","","","provisional","Gestion de cuenta y Gobernanza","Arquitectura y Data Cloud","Which command will list all of the dropped accounts in an organization that have not been deleted?","Revisar con documentación específica y versión actual antes de usar para evaluación; la clave o el alcance no están suficientemente justificados.","https://docs.snowflake.com/en/release-notes/bcr-bundles/2024_06/bcr-1712",""
"1295","apartar","quarantine","","2.1","provisional","Gestion de cuenta y Gobernanza","Gestion de cuenta y Gobernanza","What privileges are required to activate a network policy for an individual user within a Snowflake account?","Revisar con documentación específica y versión actual antes de usar para evaluación; la clave o el alcance no están suficientemente justificados.","https://docs.snowflake.com/en/sql-reference/sql/alter-user.html#setting-a-network-policy-for-a-user",""
"1296","corregir","verified","2.1","","editorial","Gestion de cuenta y Gobernanza","Gestion de cuenta y Gobernanza","Which statement accurately describes modern Snowflake MFA?","Replaced outdated Duo-only framing and manual-enrollment generalizations.","https://docs.snowflake.com/en/user-guide/security-mfa","2026-09-21"
"1297","apartar","quarantine","","3.1","provisional","Carga, Descarga y Conectividad","Carga, Descarga y Conectividad","Which command is used to download data from Snowflake to a client machine?","Revisar con documentación específica y versión actual antes de usar para evaluación; la clave o el alcance no están suficientemente justificados.","https://docs.snowflake.com/en/sql-reference/sql/get",""
"1298","conservar_pendiente","pending","","4.4","provisional","Rendimiento, Consultas y Transformacion","Rendimiento, Consultas y Transformacion","Which function, when added to a SELECT statement, will return a randomly-selected, specified number of rows from a table?","Cribado de enunciado y clave. Sin validación exhaustiva de distractores y explicación; no apta para simulacro contrastado.","https://docs.snowflake.com/en/sql-reference/sql/select.html#sampling-rows",""
"1299","conservar_pendiente","pending","","2.2","provisional","Colaboracion y Proteccion de datos","Gestion de cuenta y Gobernanza","Which Snowflake data governance feature supports the tracking of sensitive data for compliance, discovery, protection, and resource usage?","Cribado de enunciado y clave. Sin validación exhaustiva de distractores y explicación; no apta para simulacro contrastado.","https://docs.snowflake.com/en/user-guide/object-tagging.html",""
"1300","apartar","quarantine","","2.1","provisional","Gestion de cuenta y Gobernanza","Gestion de cuenta y Gobernanza","When an ACCOUNTADMIN gives a user a custom role, what privilege or privileges is the user granted by default?","Revisar con documentación específica y versión actual antes de usar para evaluación; la clave o el alcance no están suficientemente justificados.","https://docs.snowflake.com/en/user-guide/security-access-control-overview.html",""
"1301","conservar_pendiente","pending","","","provisional","Rendimiento, Consultas y Transformacion","Arquitectura y Data Cloud","Which query metric can be used to monitor the health of a large table?","Cribado de enunciado y clave. Sin validación exhaustiva de distractores y explicación; no apta para simulacro contrastado.","https://docs.snowflake.com/en/user-guide/tables-clustering.html",""
"1302","conservar_pendiente","pending","","3.1","provisional","Carga, Descarga y Conectividad","Carga, Descarga y Conectividad","What function should be used to convert JSON NULL values to SQL NULL values when loading data into a Snowflake table?","Cribado de enunciado y clave. Sin validación exhaustiva de distractores y explicación; no apta para simulacro contrastado.","https://docs.snowflake.com/en/sql-reference/functions/strip_null_value.html",""
"1303","apartar","quarantine","","4.4","provisional","Rendimiento, Consultas y Transformacion","Rendimiento, Consultas y Transformacion","What is the recommended way to insert a VARIANT value into a Snowflake table?","Revisar con documentación específica y versión actual antes de usar para evaluación; la clave o el alcance no están suficientemente justificados.","https://docs.snowflake.com/en/sql-reference/functions/to_variant.html",""
"1304","apartar","quarantine","","4.4","provisional","Gestion de cuenta y Gobernanza","Rendimiento, Consultas y Transformacion","Which process does Snowflake follow when a stored procedure with owner's rights is called within a session?","Una stored procedure de owner no puede manipular libremente las variables de sesión del caller.","https://docs.snowflake.com/en/developer-guide/stored-procedures.html",""
"1305","conservar_pendiente","pending","","2.2","provisional","Colaboracion y Proteccion de datos","Gestion de cuenta y Gobernanza","Which view can be used to track the read and write operations that have been performed on a table?","Cribado de enunciado y clave. Sin validación exhaustiva de distractores y explicación; no apta para simulacro contrastado.","https://docs.snowflake.com/en/sql-reference/account-usage/access_history.html",""
"1306","conservar_pendiente","pending","","3.1","provisional","Carga, Descarga y Conectividad","Carga, Descarga y Conectividad","What object does Snowflake recommend using when planning to unload similarly-formatted data on a regular basis?","Cribado de enunciado y clave. Sin validación exhaustiva de distractores y explicación; no apta para simulacro contrastado.","https://docs.snowflake.com/en/sql-reference/sql/create-file-format.html",""
"1307","conservar_pendiente","pending","","4.4","provisional","Rendimiento, Consultas y Transformacion","Rendimiento, Consultas y Transformacion","How should the SPLIT_TO_TABLE([string], [delimiter]) function be called?","Cribado de enunciado y clave. Sin validación exhaustiva de distractores y explicación; no apta para simulacro contrastado.","https://docs.snowflake.com/en/sql-reference/functions/split_to_table.html",""
"1308","conservar_pendiente","pending","","4.4","provisional","Rendimiento, Consultas y Transformacion","Rendimiento, Consultas y Transformacion","Which configuration of the function PARSE_JSON( [expr] ) will retrieve a valid SQL NULL value?","Cribado de enunciado y clave. Sin validación exhaustiva de distractores y explicación; no apta para simulacro contrastado.","https://docs.snowflake.com/en/sql-reference/functions/parse_json.html",""
"1309","conservar_pendiente","pending","","2.2","provisional","Colaboracion y Proteccion de datos","Gestion de cuenta y Gobernanza","What is the MINIMUM Snowflake edition that supports the periodic rekeying of encrypted data?","Cribado de enunciado y clave. Sin validación exhaustiva de distractores y explicación; no apta para simulacro contrastado.","https://docs.snowflake.com/en/user-guide/security-encryption.html",""
"1310","conservar_pendiente","pending","","3.1","provisional","Carga, Descarga y Conectividad","Carga, Descarga y Conectividad","While preparing to unload data in Snowflake, the file format option can be specified in which commands? (Choose two.)","Cribado de enunciado y clave. Sin validación exhaustiva de distractores y explicación; no apta para simulacro contrastado.","https://docs.snowflake.com/en/sql-reference/sql/create-stage.html, https://docs.snowflake.com/en/sql-reference/sql/copy-into-location.html",""
"1311","conservar_pendiente","pending","","4.1","provisional","Rendimiento, Consultas y Transformacion","Rendimiento, Consultas y Transformacion","Which Query Profile operator provides information on pruning efficiency?","Cribado de enunciado y clave. Sin validación exhaustiva de distractores y explicación; no apta para simulacro contrastado.","https://docs.snowflake.com/en/user-guide/querying-query-profile.html",""
"1312","conservar_pendiente","pending","","1.5","provisional","Arquitectura y Data Cloud","Arquitectura y Data Cloud","What metadata is stored for each micro-partition? (Choose two.)","Cribado de enunciado y clave. Sin validación exhaustiva de distractores y explicación; no apta para simulacro contrastado.","https://docs.snowflake.com/en/user-guide/tables-clustering-keys.html",""
"1313","apartar","quarantine","","2.1","provisional","Gestion de cuenta y Gobernanza","Gestion de cuenta y Gobernanza","Which role has the HIGHEST precedence among roles that will serve as the owners of securable objects?","Revisar con documentación específica y versión actual antes de usar para evaluación; la clave o el alcance no están suficientemente justificados.","https://docs.snowflake.com/en/user-guide/security-access-control-overview.html",""
"1314","apartar","quarantine","","2.2","provisional","Colaboracion y Proteccion de datos","Gestion de cuenta y Gobernanza","How is data protected in Snowflake throughout its lifecycle? (Choose two.)","Revisar con documentación específica y versión actual antes de usar para evaluación; la clave o el alcance no están suficientemente justificados.","https://docs.snowflake.com/en/user-guide/security-encryption.html",""
"1315","conservar_pendiente","pending","","1.4","provisional","Rendimiento, Consultas y Transformacion","Arquitectura y Data Cloud","Which Snowflake virtual warehouse configuration enables horizontal scaling?","Cribado de enunciado y clave. Sin validación exhaustiva de distractores y explicación; no apta para simulacro contrastado.","https://docs.snowflake.com/en/user-guide/warehouses-multicluster.html",""
"1316","conservar_pendiente","pending","","4.4","provisional","Arquitectura y Data Cloud","Rendimiento, Consultas y Transformacion","Which Snowflake objects can execute both DDL and DML statements?","Cribado de enunciado y clave. Sin validación exhaustiva de distractores y explicación; no apta para simulacro contrastado.","https://docs.snowflake.com/en/user-guide/stored-procedures-introduction.html",""
"1317","conservar_pendiente","pending","","2.3","provisional","Arquitectura y Data Cloud","Gestion de cuenta y Gobernanza","Which object consumes Snowflake credits for its maintenance?","Cribado de enunciado y clave. Sin validación exhaustiva de distractores y explicación; no apta para simulacro contrastado.","https://docs.snowflake.com/en/user-guide/views-materialized.html",""
"1318","apartar","quarantine","","1.2","provisional","Gestion de cuenta y Gobernanza","Arquitectura y Data Cloud","When connecting to Snowflake using SnowSQL, what are ways to explicitly specify the password? (Choose two.)","Revisar con documentación específica y versión actual antes de usar para evaluación; la clave o el alcance no están suficientemente justificados.","https://docs.snowflake.com/en/user-guide/snowsql-start.html#connection-options",""
"1319","apartar","quarantine","","1.4","provisional","Rendimiento, Consultas y Transformacion","Arquitectura y Data Cloud","A team is developing a machine learning model by training on the latest Snowflake features. The training is taking much longer than expected to complete.

Which step will accelerate the model training?","Revisar con documentación específica y versión actual antes de usar para evaluación; la clave o el alcance no están suficientemente justificados.","https://docs.snowflake.com/en/developer-guide/snowpark/optimized-warehouses",""
"1320","conservar_pendiente","pending","","5.2","provisional","Colaboracion y Proteccion de datos","Colaboracion y Proteccion de datos","Which object can be shared using Secure Data Sharing?","Cribado de enunciado y clave. Sin validación exhaustiva de distractores y explicación; no apta para simulacro contrastado.","https://docs.snowflake.com/en/user-guide/data-sharing-intro",""
"1321","conservar_pendiente","pending","","2.1","provisional","Gestion de cuenta y Gobernanza","Gestion de cuenta y Gobernanza","How is Single Sign-On (SSO) authentication used in Snowflake?","Cribado de enunciado y clave. Sin validación exhaustiva de distractores y explicación; no apta para simulacro contrastado.","https://docs.snowflake.com/en/user-guide/oauth-snowflake-sso",""
"1322","apartar","quarantine","","4.4","provisional","Rendimiento, Consultas y Transformacion","Rendimiento, Consultas y Transformacion","Which clause is used to define a function that may return different values for different rows?","Revisar con documentación específica y versión actual antes de usar para evaluación; la clave o el alcance no están suficientemente justificados.","https://docs.snowflake.com/en/sql-reference/sql/create-function#function-volatility",""
"1323","conservar_pendiente","pending","","4.1","provisional","Rendimiento, Consultas y Transformacion","Rendimiento, Consultas y Transformacion","In Snowflake, where can query pruning information statistics be identified?","Cribado de enunciado y clave. Sin validación exhaustiva de distractores y explicación; no apta para simulacro contrastado.","https://docs.snowflake.com/en/user-guide/querying-pruning",""
"1324","conservar_pendiente","pending","","","provisional","Colaboracion y Proteccion de datos","Arquitectura y Data Cloud","How does the authorization associated with a pre-signed URL work for an unstructured file?","Cribado de enunciado y clave. Sin validación exhaustiva de distractores y explicación; no apta para simulacro contrastado.","https://docs.snowflake.com/en/user-guide/pre-signed-urls",""
"1325","apartar","quarantine","","1.4","provisional","Arquitectura y Data Cloud","Arquitectura y Data Cloud","What will happen if the volume of data stored in Snowflake increases over time?","Revisar con documentación específica y versión actual antes de usar para evaluación; la clave o el alcance no están suficientemente justificados.","https://docs.snowflake.com/en/user-guide/warehouses-overview, https://docs.snowflake.com/en/user-guide/architecture",""
"1326","conservar_pendiente","pending","","5.2","provisional","Colaboracion y Proteccion de datos","Colaboracion y Proteccion de datos","What can a reader account user do when accessing shared data? (Choose two.)","Cribado de enunciado y clave. Sin validación exhaustiva de distractores y explicación; no apta para simulacro contrastado.","https://docs.snowflake.com/en/user-guide/sharing-consumer-read-only.html",""
"1327","conservar_pendiente","pending","","1.5","provisional","Arquitectura y Data Cloud","Arquitectura y Data Cloud","What is a fundamental characteristic of Snowflake micro-partitions?","Cribado de enunciado y clave. Sin validación exhaustiva de distractores y explicación; no apta para simulacro contrastado.","https://docs.snowflake.com/en/user-guide/tables-micro-partitions.html",""
"1328","conservar_pendiente","pending","","1.4","provisional","Rendimiento, Consultas y Transformacion","Arquitectura y Data Cloud","What happens when a multi-cluster virtual warehouse is resized?","Cribado de enunciado y clave. Sin validación exhaustiva de distractores y explicación; no apta para simulacro contrastado.","https://docs.snowflake.com/en/user-guide/warehouses-multi-cluster.html",""
"1329","conservar_pendiente","pending","","3.1","provisional","Carga, Descarga y Conectividad","Carga, Descarga y Conectividad","Using which copy option when unloading data allows users to include a Universally Unique Identifier (UUID) in the names of unloaded files?","Cribado de enunciado y clave. Sin validación exhaustiva de distractores y explicación; no apta para simulacro contrastado.","https://docs.snowflake.com/en/sql-reference/sql/copy-into.html",""
"1330","conservar_pendiente","pending","","1.5","provisional","Arquitectura y Data Cloud","Arquitectura y Data Cloud","Which Snowflake objects use storage? (Choose two.)","Cribado de enunciado y clave. Sin validación exhaustiva de distractores y explicación; no apta para simulacro contrastado.","https://docs.snowflake.com/en/user-guide/tables-views.html",""
"1331","conservar_pendiente","pending","","2.1","provisional","Gestion de cuenta y Gobernanza","Gestion de cuenta y Gobernanza","What type of policy states that each object within Snowflake has a unique owner who can grant access to that object?","Cribado de enunciado y clave. Sin validación exhaustiva de distractores y explicación; no apta para simulacro contrastado.","https://docs.snowflake.com/en/user-guide/security-access-control.html",""
"1332","conservar_pendiente","pending","","1.4","provisional","Rendimiento, Consultas y Transformacion","Arquitectura y Data Cloud","Which Snowflake multi-cluster virtual warehouse scaling policy or mode will MINIMIZE query queuing by prioritizing the startup of additional clusters?","Cribado de enunciado y clave. Sin validación exhaustiva de distractores y explicación; no apta para simulacro contrastado.","https://docs.snowflake.com/en/user-guide/warehouses-multi-cluster.html",""
"1333","apartar","quarantine","","1.4","provisional","Arquitectura y Data Cloud","Arquitectura y Data Cloud","Which default warehouse configuration has the highest precedence whenever a new session is created by a user?","Revisar con documentación específica y versión actual antes de usar para evaluación; la clave o el alcance no están suficientemente justificados.","https://docs.snowflake.com/en/user-guide/warehouses.html",""
"1334","conservar_pendiente","pending","","2.1","provisional","Gestion de cuenta y Gobernanza","Gestion de cuenta y Gobernanza","What type of authentication is recommended when creating a Snowflake service account that will connect to a third-party application?","Cribado de enunciado y clave. Sin validación exhaustiva de distractores y explicación; no apta para simulacro contrastado.","https://docs.snowflake.com/en/user-guide/key-pair-auth.html",""
"1335","apartar","quarantine","","4.2","provisional","Rendimiento, Consultas y Transformacion","Rendimiento, Consultas y Transformacion","Which type of query would benefit from enabling the query acceleration service on the virtual warehouse?","Revisar con documentación específica y versión actual antes de usar para evaluación; la clave o el alcance no están suficientemente justificados.","https://docs.snowflake.com/en/user-guide/warehouses-query-acceleration.html",""
"1336","conservar_pendiente","pending","","4.3","provisional","Arquitectura y Data Cloud","Rendimiento, Consultas y Transformacion","Which table function will return the output of a previously-run command?","Cribado de enunciado y clave. Sin validación exhaustiva de distractores y explicación; no apta para simulacro contrastado.","https://docs.snowflake.com/en/sql-reference/functions/result_scan.html",""
"1337","conservar_pendiente","pending","","3.1","provisional","Carga, Descarga y Conectividad","Carga, Descarga y Conectividad","How can a relational table be unloaded into a JSON file?","Cribado de enunciado y clave. Sin validación exhaustiva de distractores y explicación; no apta para simulacro contrastado.","https://docs.snowflake.com/en/user-guide/data-unload-considerations#unloading-relational-tables, https://docs.snowflake.com/en/sql-reference/functions/object_construct",""
"1338","conservar_pendiente","pending","","2.1","provisional","Gestion de cuenta y Gobernanza","Gestion de cuenta y Gobernanza","When do Snowflake object owners lose their ability to make grant decisions?","Cribado de enunciado y clave. Sin validación exhaustiva de distractores y explicación; no apta para simulacro contrastado.","https://docs.snowflake.com/en/user-guide/security-access-control-managed.html",""
"1339","conservar_pendiente","pending","","3.1","provisional","Carga, Descarga y Conectividad","Carga, Descarga y Conectividad","Which command allows a user to unload data from a Snowflake database table into one or more files in a Snowflake or external stage?","Cribado de enunciado y clave. Sin validación exhaustiva de distractores y explicación; no apta para simulacro contrastado.","https://docs.snowflake.com/en/sql-reference/sql/copy-into-location.html",""
"1340","conservar_pendiente","pending","","3.2","provisional","Carga, Descarga y Conectividad","Carga, Descarga y Conectividad","Which Snowflake feature enables loading data from cloud storage as soon as files are available in a stage?","Cribado de enunciado y clave. Sin validación exhaustiva de distractores y explicación; no apta para simulacro contrastado.","https://docs.snowflake.com/en/user-guide/data-load-snowpipe-intro.html",""
"1341","conservar_pendiente","pending","","4.4","provisional","Rendimiento, Consultas y Transformacion","Rendimiento, Consultas y Transformacion","Which JSON paths are considered to be equivalent in Snowflake? (Choose two.)","Cribado de enunciado y clave. Sin validación exhaustiva de distractores y explicación; no apta para simulacro contrastado.","https://docs.snowflake.com/en/user-guide/querying-semistructured-data.html",""
"1342","conservar_pendiente","pending","","2.1","provisional","Gestion de cuenta y Gobernanza","Gestion de cuenta y Gobernanza","Which privilege is required for a user to be able to view a resource monitor?","Cribado de enunciado y clave. Sin validación exhaustiva de distractores y explicación; no apta para simulacro contrastado.","https://docs.snowflake.com/en/user-guide/resource-monitors.html",""
"1343","apartar","quarantine","","5.1","provisional","Colaboracion y Proteccion de datos","Colaboracion y Proteccion de datos","What happens when a table or schema with a standard retention period is dropped?","Revisar con documentación específica y versión actual antes de usar para evaluación; la clave o el alcance no están suficientemente justificados.","https://docs.snowflake.com/en/user-guide/data-time-travel.html",""
"1344","conservar_pendiente","pending","","2.3","provisional","Arquitectura y Data Cloud","Gestion de cuenta y Gobernanza","When cloning tables, which INFORMATION_SCHEMA view will show different columns for owned storage and referenced storage?","Cribado de enunciado y clave. Sin validación exhaustiva de distractores y explicación; no apta para simulacro contrastado.","https://docs.snowflake.com/en/sql-reference/info-schema/table_storage_metrics.html",""
"1345","apartar","quarantine","","4.1","provisional","Rendimiento, Consultas y Transformacion","Rendimiento, Consultas y Transformacion","Based on a review of a Query Profile, which scenarios will benefit the MOST from the use of a data clustering key? (Choose two.)","Revisar con documentación específica y versión actual antes de usar para evaluación; la clave o el alcance no están suficientemente justificados.","https://docs.snowflake.com/en/user-guide/tables-clustering-keys.html",""
"1346","apartar","quarantine","","2.3","provisional","Colaboracion y Proteccion de datos","Gestion de cuenta y Gobernanza","When working with dimension tables that change frequently, what is the recommended way to manage costs?","Revisar con documentación específica y versión actual antes de usar para evaluación; la clave o el alcance no están suficientemente justificados.","https://docs.snowflake.com/en/user-guide/tables-transient.html",""
"1347","conservar_pendiente","pending","","2.1","provisional","Gestion de cuenta y Gobernanza","Gestion de cuenta y Gobernanza","What Snowflake privilege should be granted to allow a non-ACCOUNTADMIN access to billing information?","Cribado de enunciado y clave. Sin validación exhaustiva de distractores y explicación; no apta para simulacro contrastado.","https://docs.snowflake.com/en/user-guide/roles-privileges.html",""
"1348","conservar_pendiente","pending","","3.2","provisional","Arquitectura y Data Cloud","Carga, Descarga y Conectividad","A stream can be created on which Snowflake objects to record data manipulation language (DML) changes? (Choose two.)","Cribado de enunciado y clave. Sin validación exhaustiva de distractores y explicación; no apta para simulacro contrastado.","https://docs.snowflake.com/en/user-guide/streams-intro.html",""
"1349","apartar","quarantine","","3.1","provisional","Carga, Descarga y Conectividad","Carga, Descarga y Conectividad","When creating a file format to load JSON data into Snowflake, what command will remove brackets ([]) from the data?","Revisar con documentación específica y versión actual antes de usar para evaluación; la clave o el alcance no están suficientemente justificados.","https://docs.snowflake.com/en/sql-reference/sql/create-file-format.html",""
"1350","conservar_pendiente","pending","","5.2","provisional","Rendimiento, Consultas y Transformacion","Colaboracion y Proteccion de datos","What virtual warehouse feature or setting will reduce the performance impact when running larger-than-average queries, by offloading portions of the query processing work to shared compute resources?","Cribado de enunciado y clave. Sin validación exhaustiva de distractores y explicación; no apta para simulacro contrastado.","https://docs.snowflake.com/en/user-guide/warehouses-query-acceleration.html",""
"1351","conservar_pendiente","pending","","1.3","provisional","Arquitectura y Data Cloud","Arquitectura y Data Cloud","Which schema-level objects allow the user to periodically perform an action under specific conditions, based on data within Snowflake?","Cribado de enunciado y clave. Sin validación exhaustiva de distractores y explicación; no apta para simulacro contrastado.","https://docs.snowflake.com/en/user-guide/alerts.html",""
"1352","apartar","quarantine","","2.1","provisional","Gestion de cuenta y Gobernanza","Gestion de cuenta y Gobernanza","Which privilege must be granted to show data categories in a Data Exchange?","Revisar con documentación específica y versión actual antes de usar para evaluación; la clave o el alcance no están suficientemente justificados.","https://docs.snowflake.com/en/user-guide/data-sharing-exchange.html",""
"2001","conservar_pendiente","pending","","1.6","provisional","Novedades C03 (Cortex/Iceberg/Git)","Arquitectura y Data Cloud","Which Cortex AISQL function is the recommended canonical function for most generative AI tasks and is the updated version of COMPLETE?","Cribado de enunciado y clave. Sin validación exhaustiva de distractores y explicación; no apta para simulacro contrastado.","https://docs.snowflake.com/en/sql-reference/functions/ai_complete",""
"2002","apartar","quarantine","","1.6","provisional","Novedades C03 (Cortex/Iceberg/Git)","Arquitectura y Data Cloud","Which database role must be granted to a user's role to call Cortex LLM functions like AI_COMPLETE?","Revisar con documentación específica y versión actual antes de usar para evaluación; la clave o el alcance no están suficientemente justificados.","https://docs.snowflake.com/en/user-guide/snowflake-cortex/aisql",""
"2003","conservar_pendiente","pending","","1.6","provisional","Novedades C03 (Cortex/Iceberg/Git)","Arquitectura y Data Cloud","Which Cortex AISQL function classifies text or images into user-defined categories?","Cribado de enunciado y clave. Sin validación exhaustiva de distractores y explicación; no apta para simulacro contrastado.","https://docs.snowflake.com/en/user-guide/snowflake-cortex/aisql",""
"2004","conservar_pendiente","pending","","1.6","provisional","Novedades C03 (Cortex/Iceberg/Git)","Arquitectura y Data Cloud","Which Cortex function removes personally identifiable information (PII) from text?","Cribado de enunciado y clave. Sin validación exhaustiva de distractores y explicación; no apta para simulacro contrastado.","https://docs.snowflake.com/en/user-guide/snowflake-cortex/aisql",""
"2005","conservar_pendiente","pending","","1.6","provisional","Novedades C03 (Cortex/Iceberg/Git)","Arquitectura y Data Cloud","Which Cortex function transcribes audio and video files stored in a stage, extracting text, timestamps and speaker information?","Cribado de enunciado y clave. Sin validación exhaustiva de distractores y explicación; no apta para simulacro contrastado.","https://docs.snowflake.com/en/user-guide/snowflake-cortex/aisql",""
"2006","conservar_pendiente","pending","","1.6","provisional","Novedades C03 (Cortex/Iceberg/Git)","Arquitectura y Data Cloud","Which Cortex function extracts text from documents in a stage using OCR or LAYOUT mode?","Cribado de enunciado y clave. Sin validación exhaustiva de distractores y explicación; no apta para simulacro contrastado.","https://docs.snowflake.com/en/user-guide/snowflake-cortex/aisql",""
"2007","conservar_pendiente","pending","","1.6","provisional","Novedades C03 (Cortex/Iceberg/Git)","Arquitectura y Data Cloud","Which Cortex function generates an embedding vector for a text or image input, usable for similarity search, clustering and classification?","Cribado de enunciado y clave. Sin validación exhaustiva de distractores y explicación; no apta para simulacro contrastado.","https://docs.snowflake.com/en/user-guide/snowflake-cortex/vector-embeddings",""
"2008","conservar_pendiente","pending","","1.6","provisional","Novedades C03 (Cortex/Iceberg/Git)","Arquitectura y Data Cloud","Which vector similarity function is commonly used with embeddings produced by AI_EMBED to measure semantic similarity?","Cribado de enunciado y clave. Sin validación exhaustiva de distractores y explicación; no apta para simulacro contrastado.","https://docs.snowflake.com/en/user-guide/snowflake-cortex/vector-embeddings",""
"2009","conservar_pendiente","pending","","4.4","provisional","Novedades C03 (Cortex/Iceberg/Git)","Rendimiento, Consultas y Transformacion","Which Snowflake data type natively stores embeddings for vector similarity search?","Cribado de enunciado y clave. Sin validación exhaustiva de distractores y explicación; no apta para simulacro contrastado.","https://docs.snowflake.com/en/user-guide/snowflake-cortex/vector-embeddings",""
"2010","conservar_pendiente","pending","","1.6","provisional","Novedades C03 (Cortex/Iceberg/Git)","Arquitectura y Data Cloud","Which Cortex aggregate function summarizes a collection of text values across multiple rows into a single coherent summary?","Cribado de enunciado y clave. Sin validación exhaustiva de distractores y explicación; no apta para simulacro contrastado.","https://docs.snowflake.com/en/sql-reference/functions/ai_summarize_agg",""
"2011","apartar","quarantine","","1.6","provisional","Novedades C03 (Cortex/Iceberg/Git)","Arquitectura y Data Cloud","Which Cortex function aggregates a text column and returns insights across multiple rows based on a user-defined prompt, without being subject to context-window limitations?","Revisar con documentación específica y versión actual antes de usar para evaluación; la clave o el alcance no están suficientemente justificados.","https://docs.snowflake.com/en/user-guide/snowflake-cortex/aisql",""
"2012","conservar_pendiente","pending","","1.6","provisional","Novedades C03 (Cortex/Iceberg/Git)","Arquitectura y Data Cloud","Which managed Cortex service builds fast, fuzzy search over unstructured data by combining keyword (lexical) and semantic (vector) search?","Cribado de enunciado y clave. Sin validación exhaustiva de distractores y explicación; no apta para simulacro contrastado.","https://docs.snowflake.com/en/user-guide/snowflake-cortex/cortex-search/cortex-search-overview",""
"2013","conservar_pendiente","pending","","1.6","provisional","Novedades C03 (Cortex/Iceberg/Git)","Arquitectura y Data Cloud","Which Cortex service converts natural-language questions into SQL over well-modeled data?","Cribado de enunciado y clave. Sin validación exhaustiva de distractores y explicación; no apta para simulacro contrastado.","https://docs.snowflake.com/en/user-guide/snowflake-cortex/cortex-analyst",""
"2014","conservar_pendiente","pending","","1.6","provisional","Novedades C03 (Cortex/Iceberg/Git)","Arquitectura y Data Cloud","Which Cortex helper function returns NULL instead of raising an error when the model call cannot execute?","Cribado de enunciado y clave. Sin validación exhaustiva de distractores y explicación; no apta para simulacro contrastado.","https://docs.snowflake.com/en/sql-reference/functions/try_complete-snowflake-cortex",""
"2015","conservar_pendiente","pending","","1.6","provisional","Novedades C03 (Cortex/Iceberg/Git)","Arquitectura y Data Cloud","Which Cortex helper function returns the number of tokens in an input for a given model or function, to avoid exceeding model limits?","Cribado de enunciado y clave. Sin validación exhaustiva de distractores y explicación; no apta para simulacro contrastado.","https://docs.snowflake.com/en/user-guide/snowflake-cortex/aisql",""
"2016","conservar_pendiente","pending","","1.6","provisional","Novedades C03 (Cortex/Iceberg/Git)","Arquitectura y Data Cloud","Which Cortex helper function creates a reference to a file in a stage for use with AI_COMPLETE and other functions that accept files?","Cribado de enunciado y clave. Sin validación exhaustiva de distractores y explicación; no apta para simulacro contrastado.","https://docs.snowflake.com/en/user-guide/snowflake-cortex/aisql",""
"2017","apartar","quarantine","","1.6","provisional","Novedades C03 (Cortex/Iceberg/Git)","Arquitectura y Data Cloud","Cortex LLM functions such as AI_COMPLETE and EMBED_TEXT incur compute cost based on what?","Revisar con documentación específica y versión actual antes de usar para evaluación; la clave o el alcance no están suficientemente justificados.","https://docs.snowflake.com/en/user-guide/snowflake-cortex/vector-embeddings",""
"2018","apartar","quarantine","","1.6","provisional","Novedades C03 (Cortex/Iceberg/Git)","Arquitectura y Data Cloud","Which providers' foundation models are accessible through Snowflake Cortex LLM functions? (Choose three.)","Revisar con documentación específica y versión actual antes de usar para evaluación; la clave o el alcance no están suficientemente justificados.","https://www.snowflake.com/en/blog/easy-secure-llm-inference-retrieval-augmented-generation-rag-cortex/",""
"2019","conservar_pendiente","pending","","1.6","provisional","Novedades C03 (Cortex/Iceberg/Git)","Arquitectura y Data Cloud","In AI_COMPLETE / COMPLETE, what does the first argument typically specify?","Cribado de enunciado y clave. Sin validación exhaustiva de distractores y explicación; no apta para simulacro contrastado.","https://docs.snowflake.com/en/sql-reference/functions/ai_complete",""
"2020","conservar_pendiente","pending","","1.6","provisional","Novedades C03 (Cortex/Iceberg/Git)","Arquitectura y Data Cloud","For latency-sensitive, interactive single-call use cases, what does Snowflake recommend instead of the SQL AI Functions optimized for batch throughput?","Cribado de enunciado y clave. Sin validación exhaustiva de distractores y explicación; no apta para simulacro contrastado.","https://docs.snowflake.com/en/user-guide/snowflake-cortex/aisql",""
"2021","conservar_pendiente","pending","","1.6","provisional","Novedades C03 (Cortex/Iceberg/Git)","Arquitectura y Data Cloud","Which Cortex function calculates the embedding similarity between two inputs directly (text or images), without you managing embeddings manually?","Cribado de enunciado y clave. Sin validación exhaustiva de distractores y explicación; no apta para simulacro contrastado.","https://docs.snowflake.com/en/user-guide/snowflake-cortex/ai-images",""
"2022","apartar","quarantine","","1.5","provisional","Novedades C03 (Cortex/Iceberg/Git)","Arquitectura y Data Cloud","What account-level object must exist before you can create a Snowflake-managed Apache Iceberg table that stores data in cloud storage?","Revisar con documentación específica y versión actual antes de usar para evaluación; la clave o el alcance no están suficientemente justificados.","https://docs.snowflake.com/en/user-guide/tables-iceberg-configure-external-volume",""
"2023","conservar_pendiente","pending","","1.5","provisional","Novedades C03 (Cortex/Iceberg/Git)","Arquitectura y Data Cloud","Which value for the CATALOG parameter identifies Snowflake itself as the Iceberg catalog (managed table)?","Cribado de enunciado y clave. Sin validación exhaustiva de distractores y explicación; no apta para simulacro contrastado.","https://docs.snowflake.com/en/sql-reference/sql/create-iceberg-table",""
"2024","conservar_pendiente","pending","","3.3","provisional","Novedades C03 (Cortex/Iceberg/Git)","Carga, Descarga y Conectividad","In which scenarios must you create a catalog integration for an Iceberg table? (Choose two.)","Cribado de enunciado y clave. Sin validación exhaustiva de distractores y explicación; no apta para simulacro contrastado.","https://docs.snowflake.com/en/user-guide/tables-iceberg-configure-catalog-integration",""
"2025","conservar_pendiente","pending","","1.5","provisional","Novedades C03 (Cortex/Iceberg/Git)","Arquitectura y Data Cloud","How many Iceberg tables can a single external volume support?","Cribado de enunciado y clave. Sin validación exhaustiva de distractores y explicación; no apta para simulacro contrastado.","https://docs.snowflake.com/en/user-guide/tables-iceberg-configure-external-volume",""
"2026","apartar","quarantine","","1.5","provisional","Novedades C03 (Cortex/Iceberg/Git)","Arquitectura y Data Cloud","Which statement best distinguishes a Snowflake-managed Iceberg table from an externally-managed one?","Revisar con documentación específica y versión actual antes de usar para evaluación; la clave o el alcance no están suficientemente justificados.","https://docs.snowflake.com/en/user-guide/tables-iceberg",""
"2027","conservar_pendiente","pending","","3.2","provisional","Novedades C03 (Cortex/Iceberg/Git)","Carga, Descarga y Conectividad","How can you load data into a Snowflake-managed Iceberg table? (Choose two.)","Cribado de enunciado y clave. Sin validación exhaustiva de distractores y explicación; no apta para simulacro contrastado.","https://docs.snowflake.com/en/user-guide/tables-iceberg",""
"2028","conservar_pendiente","pending","","1.5","provisional","Novedades C03 (Cortex/Iceberg/Git)","Arquitectura y Data Cloud","When you set an external volume at the database level, what happens when you create an Iceberg table in that database?","Cribado de enunciado y clave. Sin validación exhaustiva de distractores y explicación; no apta para simulacro contrastado.","https://docs.snowflake.com/en/user-guide/tables-iceberg-configure-external-volume",""
"2029","apartar","quarantine","","1.5","provisional","Novedades C03 (Cortex/Iceberg/Git)","Arquitectura y Data Cloud","What information does the Iceberg metadata (manifest files) store?","Revisar con documentación específica y versión actual antes de usar para evaluación; la clave o el alcance no están suficientemente justificados.","https://docs.snowflake.com/en/user-guide/tables-iceberg-configure-external-volume",""
"2030","conservar_pendiente","pending","","1.5","provisional","Novedades C03 (Cortex/Iceberg/Git)","Arquitectura y Data Cloud","You can convert an Iceberg table that uses an external catalog into one that uses which catalog?","Cribado de enunciado y clave. Sin validación exhaustiva de distractores y explicación; no apta para simulacro contrastado.","https://docs.snowflake.com/en/user-guide/tables-iceberg-manage",""
"2031","corregir","verified","3.3","","editorial","Novedades C03 (Cortex/Iceberg/Git)","Carga, Descarga y Conectividad","Which command executes SQL statements from a SQL file in a Snowflake Git repository clone?","Original question incorrectly said SQL or Python scripts.","https://docs.snowflake.com/en/sql-reference/sql/execute-immediate-from","2026-09-21"
"2032","conservar_pendiente","pending","","3.3","provisional","Novedades C03 (Cortex/Iceberg/Git)","Carga, Descarga y Conectividad","Which command refreshes a Snowflake Git repository clone with the latest changes from the remote?","Cribado de enunciado y clave. Sin validación exhaustiva de distractores y explicación; no apta para simulacro contrastado.","https://docs.snowflake.com/en/sql-reference/sql/alter-git-repository",""
"2033","apartar","quarantine","","3.3","provisional","Novedades C03 (Cortex/Iceberg/Git)","Carga, Descarga y Conectividad","To create a Git repository object in Snowflake for a repo requiring authentication, which two objects must you set up first? (Choose two.)","Revisar con documentación específica y versión actual antes de usar para evaluación; la clave o el alcance no están suficientemente justificados.","https://docs.snowflake.com/en/developer-guide/git/git-setting-up-public",""
"2034","conservar_pendiente","pending","","3.3","provisional","Novedades C03 (Cortex/Iceberg/Git)","Carga, Descarga y Conectividad","In CREATE GIT REPOSITORY, which parameter points to the API integration that defines allowed credentials and target URL prefixes?","Cribado de enunciado y clave. Sin validación exhaustiva de distractores y explicación; no apta para simulacro contrastado.","https://docs.snowflake.com/en/sql-reference/sql/create-git-repository",""
"2035","apartar","quarantine","","3.3","provisional","Novedades C03 (Cortex/Iceberg/Git)","Carga, Descarga y Conectividad","In CREATE GIT REPOSITORY, which parameter specifies the Snowflake secret containing the credentials to authenticate with the remote repo?","Revisar con documentación específica y versión actual antes de usar para evaluación; la clave o el alcance no están suficientemente justificados.","https://docs.snowflake.com/en/sql-reference/sql/create-git-repository",""
"2036","conservar_pendiente","pending","","3.3","provisional","Novedades C03 (Cortex/Iceberg/Git)","Carga, Descarga y Conectividad","What is the recommended value to store in a Git secret's PASSWORD for authenticating Snowflake with GitHub?","Cribado de enunciado y clave. Sin validación exhaustiva de distractores y explicación; no apta para simulacro contrastado.","https://docs.snowflake.com/en/sql-reference/sql/create-git-repository",""
"2037","apartar","quarantine","","3.3","provisional","Novedades C03 (Cortex/Iceberg/Git)","Carga, Descarga y Conectividad","Which file types can be executed from a Git repository or copied into a Snowsight worksheet? (Choose two.)","Revisar con documentación específica y versión actual antes de usar para evaluación; la clave o el alcance no están suficientemente justificados.","https://docs.snowflake.com/en/developer-guide/git/git-operations",""
"2038","apartar","quarantine","","1.6","provisional","Novedades C03 (Cortex/Iceberg/Git)","Arquitectura y Data Cloud","From which Snowflake surfaces can you commit and push changes back to a remote Git repository? (Choose three.)","Revisar con documentación específica y versión actual antes de usar para evaluación; la clave o el alcance no están suficientemente justificados.","https://docs.snowflake.com/en/developer-guide/git/git-overview",""
"2039","conservar_pendiente","pending","","3.3","provisional","Novedades C03 (Cortex/Iceberg/Git)","Carga, Descarga y Conectividad","Which command lists the files in a branch of a Snowflake Git repository clone?","Cribado de enunciado y clave. Sin validación exhaustiva de distractores y explicación; no apta para simulacro contrastado.","https://docs.snowflake.com/en/developer-guide/git/git-operations",""
"2040","conservar_pendiente","pending","","3.3","provisional","Novedades C03 (Cortex/Iceberg/Git)","Carga, Descarga y Conectividad","Which command shows the branches available in a Snowflake Git repository?","Cribado de enunciado y clave. Sin validación exhaustiva de distractores y explicación; no apta para simulacro contrastado.","https://docs.snowflake.com/en/developer-guide/git/git-operations",""
"2041","conservar_pendiente","pending","","3.3","provisional","Novedades C03 (Cortex/Iceberg/Git)","Carga, Descarga y Conectividad","In an API integration for Git, which parameter restricts the HTTPS endpoints Snowflake is allowed to reach?","Cribado de enunciado y clave. Sin validación exhaustiva de distractores y explicación; no apta para simulacro contrastado.","https://docs.snowflake.com/en/sql-reference/sql/create-api-integration",""
"2042","conservar_pendiente","pending","","1.3","provisional","Novedades C03 (Cortex/Iceberg/Git)","Arquitectura y Data Cloud","EXECUTE IMMEDIATE FROM can pass parameters into a script using which clause (often combined with Jinja templating)?","Cribado de enunciado y clave. Sin validación exhaustiva de distractores y explicación; no apta para simulacro contrastado.","https://docs.snowflake.com/en/developer-guide/git/git-examples",""
"2043","conservar_pendiente","pending","","1.6","provisional","Novedades C03 (Cortex/Iceberg/Git)","Arquitectura y Data Cloud","Which two languages run natively in Snowflake Notebook cells?","Cribado de enunciado y clave. Sin validación exhaustiva de distractores y explicación; no apta para simulacro contrastado.","https://docs.snowflake.com/en/user-guide/ui-snowsight/notebooks",""
"2044","conservar_pendiente","pending","","1.6","provisional","Novedades C03 (Cortex/Iceberg/Git)","Arquitectura y Data Cloud","Which command creates a Notebook in Snowflake from a file stored in a Git repository?","Cribado de enunciado y clave. Sin validación exhaustiva de distractores y explicación; no apta para simulacro contrastado.","https://docs.snowflake.com/en/sql-reference/sql/create-notebook",""
"2045","conservar_pendiente","pending","","1.6","provisional","Novedades C03 (Cortex/Iceberg/Git)","Arquitectura y Data Cloud","Snowflake Notebooks are integrated with which Snowflake services for in-platform work? (Choose three.)","Cribado de enunciado y clave. Sin validación exhaustiva de distractores y explicación; no apta para simulacro contrastado.","https://docs.snowflake.com/en/user-guide/ui-snowsight/notebooks",""
"2046","apartar","quarantine","","1.6","provisional","Novedades C03 (Cortex/Iceberg/Git)","Arquitectura y Data Cloud","At a conceptual level, what is Snowflake Cortex?","Revisar con documentación específica y versión actual antes de usar para evaluación; la clave o el alcance no están suficientemente justificados.","https://docs.snowflake.com/en/guides-overview-ai-features",""
"2047","apartar","quarantine","","1.6","provisional","Novedades C03 (Cortex/Iceberg/Git)","Arquitectura y Data Cloud","What key problem does running Cortex AI functions inside Snowflake solve, compared to using an external AI service?","Revisar con documentación específica y versión actual antes de usar para evaluación; la clave o el alcance no están suficientemente justificados.","https://www.snowflake.com/en/blog/easy-secure-llm-inference-retrieval-augmented-generation-rag-cortex/",""
"2048","conservar_pendiente","pending","","1.6","provisional","Novedades C03 (Cortex/Iceberg/Git)","Arquitectura y Data Cloud","Which best describes a typical use case for Cortex Search?","Cribado de enunciado y clave. Sin validación exhaustiva de distractores y explicación; no apta para simulacro contrastado.","https://docs.snowflake.com/en/user-guide/snowflake-cortex/cortex-search/cortex-search-overview",""
"2049","conservar_pendiente","pending","","1.6","provisional","Novedades C03 (Cortex/Iceberg/Git)","Arquitectura y Data Cloud","A business analyst wants to ask questions of well-modeled data in plain English and get answers. Which Cortex capability fits best?","Cribado de enunciado y clave. Sin validación exhaustiva de distractores y explicación; no apta para simulacro contrastado.","https://docs.snowflake.com/en/user-guide/snowflake-cortex/cortex-analyst",""
"2050","conservar_pendiente","pending","","1.6","provisional","Novedades C03 (Cortex/Iceberg/Git)","Arquitectura y Data Cloud","Cortex AISQL task-specific functions (like translation, sentiment, summarization) are best understood as:","Cribado de enunciado y clave. Sin validación exhaustiva de distractores y explicación; no apta para simulacro contrastado.","https://docs.snowflake.com/en/user-guide/snowflake-cortex/aisql",""
"2051","apartar","quarantine","","1.5","provisional","Novedades C03 (Cortex/Iceberg/Git)","Arquitectura y Data Cloud","Why do Apache Iceberg tables exist in Snowflake (their main purpose)?","Revisar con documentación específica y versión actual antes de usar para evaluación; la clave o el alcance no están suficientemente justificados.","https://docs.snowflake.com/en/user-guide/tables-iceberg",""
"2052","apartar","quarantine","","1.5","provisional","Novedades C03 (Cortex/Iceberg/Git)","Arquitectura y Data Cloud","How does an Iceberg table conceptually differ from a standard Snowflake native table?","Revisar con documentación específica y versión actual antes de usar para evaluación; la clave o el alcance no están suficientemente justificados.","https://docs.snowflake.com/en/user-guide/tables-iceberg",""
"2053","archivar","archived","","1.5","provisional","Novedades C03 (Cortex/Iceberg/Git)","Arquitectura y Data Cloud","For the SnowPro Core exam, which statement reflects the expected depth on Iceberg tables?","Consejo sobre el examen, preferencia comercial o trivia de partners; no evalúa directamente una habilidad del temario.","https://learn.snowflake.com/en/certifications/snowpro-core-c03/",""
"2054","conservar_pendiente","pending","","1.6","provisional","Novedades C03 (Cortex/Iceberg/Git)","Arquitectura y Data Cloud","What is the positioning of Snowflake Notebooks?","Cribado de enunciado y clave. Sin validación exhaustiva de distractores y explicación; no apta para simulacro contrastado.","https://docs.snowflake.com/en/user-guide/ui-snowsight/notebooks",""
"2055","conservar_pendiente","pending","","1.6","provisional","Novedades C03 (Cortex/Iceberg/Git)","Arquitectura y Data Cloud","What is Snowpark in Snowflake?","Cribado de enunciado y clave. Sin validación exhaustiva de distractores y explicación; no apta para simulacro contrastado.","https://docs.snowflake.com/en/developer-guide/snowpark/index",""
"2056","conservar_pendiente","pending","","1.6","provisional","Novedades C03 (Cortex/Iceberg/Git)","Arquitectura y Data Cloud","What is 'Streamlit in Snowflake'?","Cribado de enunciado y clave. Sin validación exhaustiva de distractores y explicación; no apta para simulacro contrastado.","https://docs.snowflake.com/en/developer-guide/streamlit/about-streamlit",""
"2057","conservar_pendiente","pending","","1.6","provisional","Novedades C03 (Cortex/Iceberg/Git)","Arquitectura y Data Cloud","What does Snowflake ML provide?","Cribado de enunciado y clave. Sin validación exhaustiva de distractores y explicación; no apta para simulacro contrastado.","https://docs.snowflake.com/en/developer-guide/snowflake-ml/overview",""
"2058","archivar","archived","","1.6","provisional","Novedades C03 (Cortex/Iceberg/Git)","Arquitectura y Data Cloud","Which AI/ML and application-development features are part of the COF-C03 blueprint? (Choose four.)","Consejo sobre el examen, preferencia comercial o trivia de partners; no evalúa directamente una habilidad del temario.","https://learn.snowflake.com/en/certifications/snowpro-core-c03/",""
"2059","archivar","archived","","3.3","provisional","Novedades C03 (Cortex/Iceberg/Git)","Carga, Descarga y Conectividad","How should you approach Git integration / EXECUTE IMMEDIATE FROM for the SnowPro Core exam?","Consejo sobre el examen, preferencia comercial o trivia de partners; no evalúa directamente una habilidad del temario.","https://docs.snowflake.com/en/developer-guide/git/git-overview",""
"2060","archivar","archived","","1.6","provisional","Novedades C03 (Cortex/Iceberg/Git)","Arquitectura y Data Cloud","In the COF-C03 exam, how much syntax-level knowledge of Cortex functions is required?","Consejo sobre el examen, preferencia comercial o trivia de partners; no evalúa directamente una habilidad del temario.","https://learn.snowflake.com/en/certifications/snowpro-core-c03/",""
"3001","añadir","verified","1.2","","editorial","","Arquitectura y Data Cloud","A team needs to run SQL and deploy Snowflake applications from its automation scripts. Which tool is designed for these command-line workflows?","Escenario original para cubrir o reforzar objetivos de la guía.","https://docs.snowflake.com/en/developer-guide/snowflake-cli/index","2026-09-21"
"3002","añadir","verified","1.2","","editorial","","Arquitectura y Data Cloud","A developer wants to write and execute Snowflake SQL while staying inside Visual Studio Code. What should the developer use?","Escenario original para cubrir o reforzar objetivos de la guía.","https://docs.snowflake.com/en/user-guide/vscode-ext","2026-09-21"
"3003","añadir","verified","1.4","","editorial","","Arquitectura y Data Cloud","A team is considering a Gen2 standard warehouse for an analytics workload. How should it evaluate the change?","Escenario original para cubrir o reforzar objetivos de la guía.","https://docs.snowflake.com/en/user-guide/warehouses-gen2","2026-09-21"
"3004","añadir","verified","1.4","","editorial","","Arquitectura y Data Cloud","Which distinction correctly describes warehouse generation and multi-cluster scaling?","Escenario original para cubrir o reforzar objetivos de la guía.","https://docs.snowflake.com/en/user-guide/warehouses-gen2","2026-09-21"
"3005","añadir","verified","1.5","","editorial","","Arquitectura y Data Cloud","An analytics team defines a SELECT query and wants Snowflake to maintain its materialized result as source data changes. Which object fits this requirement?","Escenario original para cubrir o reforzar objetivos de la guía.","https://docs.snowflake.com/en/user-guide/dynamic-tables/overview","2026-09-21"
"3006","añadir","verified","3.2","","editorial","","Carga, Descarga y Conectividad","A dynamic table has a target lag of five minutes. What does this setting express?","Escenario original para cubrir o reforzar objetivos de la guía.","https://docs.snowflake.com/en/user-guide/dynamic-tables/target-lag","2026-09-21"
"3007","añadir","verified","3.2","","editorial","","Carga, Descarga y Conectividad","A pipeline must call a stored procedure that performs custom procedural steps. Which approach is more appropriate than placing that procedure inside a dynamic table definition?","Escenario original para cubrir o reforzar objetivos de la guía.","https://docs.snowflake.com/en/user-guide/tasks-intro","2026-09-21"
"3008","añadir","verified","3.2","","editorial","","Carga, Descarga y Conectividad","A telemetry application produces rows continuously and wants to ingest them without first creating staged files. Which service fits?","Escenario original para cubrir o reforzar objetivos de la guía.","https://docs.snowflake.com/en/user-guide/snowpipe-streaming/data-load-snowpipe-streaming-overview","2026-09-21"
"3009","añadir","verified","3.2","","editorial","","Carga, Descarga y Conectividad","A source already delivers complete CSV files to cloud storage. The team wants automated ingestion when files arrive. Which approach fits this existing file pipeline?","Escenario original para cubrir o reforzar objetivos de la guía.","https://docs.snowflake.com/en/user-guide/data-load-snowpipe-auto","2026-09-21"
"3010","añadir","verified","3.2","","editorial","","Carga, Descarga y Conectividad","Which comparison between Snowpipe Streaming and a Snowflake stream object is correct?","Escenario original para cubrir o reforzar objetivos de la guía.","https://docs.snowflake.com/en/user-guide/streams-intro","2026-09-21"
"3011","añadir","verified","2.3","","editorial","","Gestion de cuenta y Gobernanza","Under the current Snowpipe billing model, which quantity is central to estimating ingestion charges?","Escenario original para cubrir o reforzar objetivos de la guía.","https://docs.snowflake.com/en/user-guide/data-load-snowpipe-billing","2026-09-21"
"3012","añadir","verified","2.2","","editorial","","Gestion de cuenta y Gobernanza","An administrator wants to identify security risks such as overly privileged roles or insecure authentication settings. Which feature should they inspect?","Escenario original para cubrir o reforzar objetivos de la guía.","https://docs.snowflake.com/en/user-guide/trust-center/overview","2026-09-21"
"3013","añadir","verified","2.2","","editorial","","Gestion de cuenta y Gobernanza","A Trust Center scanner reports a security finding. What is the appropriate interpretation?","Escenario original para cubrir o reforzar objetivos de la guía.","https://docs.snowflake.com/en/user-guide/trust-center/overview","2026-09-21"
"3014","añadir","verified","2.1","","editorial","","Gestion de cuenta y Gobernanza","A security team wants to control which authentication methods users may use. Which policy type addresses this requirement?","Escenario original para cubrir o reforzar objetivos de la guía.","https://docs.snowflake.com/en/user-guide/authentication-policies","2026-09-21"
"3015","añadir","verified","2.1","","editorial","","Gestion de cuenta y Gobernanza","An unattended application uses a Snowflake user of TYPE=SERVICE. Which authentication approach is suitable?","Escenario original para cubrir o reforzar objetivos de la guía.","https://docs.snowflake.com/en/user-guide/security-mfa-rollout","2026-09-21"
"3016","añadir","verified","2.1","","editorial","","Gestion de cuenta y Gobernanza","A human user signs into Snowsight using a Snowflake password. What additional requirement applies under mandatory MFA enforcement?","Escenario original para cubrir o reforzar objetivos de la guía.","https://docs.snowflake.com/en/user-guide/security-mfa-rollout","2026-09-21"
"3017","añadir","verified","2.2","","editorial","","Gestion de cuenta y Gobernanza","Before changing a source column, an engineer wants to investigate the downstream objects that depend on its data. Which capability is most relevant?","Escenario original para cubrir o reforzar objetivos de la guía.","https://docs.snowflake.com/en/user-guide/ui-snowsight-lineage","2026-09-21"
"3018","añadir","verified","2.2","","editorial","","Gestion de cuenta y Gobernanza","A company permits aggregate analysis but wants to restrict queries from revealing contributions of individual entities. Which policy family is designed for differential privacy?","Escenario original para cubrir o reforzar objetivos de la guía.","https://docs.snowflake.com/en/user-guide/diff-privacy/differential-privacy-admin-privacy-policies","2026-09-21"
"3019","añadir","verified","4.1","","editorial","","Rendimiento, Consultas y Transformacion","An analyst wants Snowflake-generated observations about conditions hurting a query, together with suggested next steps. Which feature provides these?","Escenario original para cubrir o reforzar objetivos de la guía.","https://docs.snowflake.com/en/user-guide/query-insights","2026-09-21"
"3020","añadir","verified","4.1","","editorial","","Rendimiento, Consultas y Transformacion","Query Insights identifies an exploding join. What should the developer investigate first?","Escenario original para cubrir o reforzar objetivos de la guía.","https://docs.snowflake.com/en/user-guide/query-insights","2026-09-21"
"3021","añadir","verified","4.1","","editorial","","Rendimiento, Consultas y Transformacion","A team needs warehouse compute credits attributed to individual queries. Which ACCOUNT_USAGE view is designed for that analysis?","Escenario original para cubrir o reforzar objetivos de la guía.","https://docs.snowflake.com/en/sql-reference/account-usage/query_attribution_history","2026-09-21"
"3022","añadir","verified","4.1","","editorial","","Rendimiento, Consultas y Transformacion","Why can the sum of CREDITS_ATTRIBUTED_COMPUTE differ from total warehouse credits billed?","Escenario original para cubrir o reforzar objetivos de la guía.","https://docs.snowflake.com/en/sql-reference/account-usage/query_attribution_history","2026-09-21"
"3023","añadir","verified","5.2","","editorial","","Colaboracion y Proteccion de datos","Two companies want to collaborate on analysis while controlling how their sensitive datasets may be used. Which Snowflake capability is designed for this pattern?","Escenario original para cubrir o reforzar objetivos de la guía.","https://docs.snowflake.com/en/user-guide/cleanrooms/introduction","2026-09-21"
"3024","añadir","verified","5.3","","editorial","","Colaboracion y Proteccion de datos","A provider wants to distribute data together with application logic to other Snowflake accounts. Which framework fits?","Escenario original para cubrir o reforzar objetivos de la guía.","https://docs.snowflake.com/en/developer-guide/native-apps/native-apps-about","2026-09-21"
"3025","añadir","verified","5.3","","editorial","","Colaboracion y Proteccion de datos","How can a provider distribute a Snowflake Native App to selected consumers rather than advertise it publicly?","Escenario original para cubrir o reforzar objetivos de la guía.","https://docs.snowflake.com/en/developer-guide/native-apps/native-apps-about","2026-09-21"
"3026","añadir","verified","5.3","","editorial","","Colaboracion y Proteccion de datos","A provider wants a data product to be discoverable by potential customers in Snowflake Marketplace. Which mechanism should it use?","Escenario original para cubrir o reforzar objetivos de la guía.","https://docs.snowflake.com/en/collaboration/collaboration-listings-about","2026-09-21"
"3027","añadir","verified","1.6","","editorial","","Arquitectura y Data Cloud","A support team needs retrieval over product manuals for a retrieval-augmented generation application. Which Cortex service is the closest fit?","Escenario original para cubrir o reforzar objetivos de la guía.","https://docs.snowflake.com/en/user-guide/snowflake-cortex/cortex-search/cortex-search-overview","2026-09-21"
"3028","añadir","verified","1.6","","editorial","","Arquitectura y Data Cloud","Business users want to ask questions about governed sales metrics in natural language and obtain SQL-based answers. Which service fits?","Escenario original para cubrir o reforzar objetivos de la guía.","https://docs.snowflake.com/en/user-guide/snowflake-cortex/cortex-analyst","2026-09-21"
"3029","añadir","verified","1.6","","editorial","","Arquitectura y Data Cloud","A data science team needs tools for developing and managing machine learning models in Snowflake. Which offering addresses this lifecycle?","Escenario original para cubrir o reforzar objetivos de la guía.","https://docs.snowflake.com/en/developer-guide/snowflake-ml/overview","2026-09-21"
"3030","añadir","verified","1.6","","editorial","","Arquitectura y Data Cloud","A Python developer wants to deliver an interactive data application hosted inside Snowflake. Which feature is intended for that use?","Escenario original para cubrir o reforzar objetivos de la guía.","https://docs.snowflake.com/en/developer-guide/streamlit/about-streamlit","2026-09-21"
"3031","añadir","verified","1.6","","editorial","","Arquitectura y Data Cloud","An analyst wants an interactive document combining executable SQL, Python, and explanatory Markdown cells. Which Snowflake interface fits?","Escenario original para cubrir o reforzar objetivos de la guía.","https://docs.snowflake.com/en/user-guide/ui-snowsight/notebooks","2026-09-21"
"3032","añadir","verified","1.6","","editorial","","Arquitectura y Data Cloud","A developer uses Snowpark DataFrames for data transformations. What is a key architectural benefit?","Escenario original para cubrir o reforzar objetivos de la guía.","https://docs.snowflake.com/en/developer-guide/snowpark/index","2026-09-21"
"3033","añadir","verified","1.5","","editorial","","Arquitectura y Data Cloud","A company wants an open table format that can interoperate with other data engines. Which Snowflake-supported table format addresses that requirement?","Escenario original para cubrir o reforzar objetivos de la guía.","https://docs.snowflake.com/en/user-guide/tables-iceberg","2026-09-21"
"3034","añadir","verified","3.3","","editorial","","Carga, Descarga y Conectividad","A remote Git repository has new commits, but the Snowflake repository clone is out of date. Which operation updates the clone?","Escenario original para cubrir o reforzar objetivos de la guía.","https://docs.snowflake.com/en/developer-guide/git/git-operations","2026-09-21"
"3035","añadir","verified","3.3","","editorial","","Carga, Descarga y Conectividad","Why connect a Git repository to Snowflake development workflows?","Escenario original para cubrir o reforzar objetivos de la guía.","https://docs.snowflake.com/en/developer-guide/git/git-overview","2026-09-21"
"3036","añadir","verified","2.2","","editorial","","Gestion de cuenta y Gobernanza","An operations team wants Snowflake to evaluate a condition on a schedule and take an action when the condition holds. Which object is designed for this?","Escenario original para cubrir o reforzar objetivos de la guía.","https://docs.snowflake.com/en/user-guide/alerts","2026-09-21"
"3037","añadir","verified","2.2","","editorial","","Gestion de cuenta y Gobernanza","A team needs a reusable Snowflake object describing how notifications reach a supported external destination. Which object should it investigate?","Escenario original para cubrir o reforzar objetivos de la guía.","https://docs.snowflake.com/en/user-guide/notifications/about-notifications","2026-09-21"
"3038","añadir","verified","1.3","","editorial","","Arquitectura y Data Cloud","An inheritable session parameter has an account default and an explicit value in the current session. Which value governs that session?","Escenario original para cubrir o reforzar objetivos de la guía.","https://docs.snowflake.com/en/sql-reference/parameters","2026-09-21"
"3039","añadir","verified","1.3","","editorial","","Arquitectura y Data Cloud","A worksheet uses the wrong database for unqualified object names. Which command changes the current database?","Escenario original para cubrir o reforzar objetivos de la guía.","https://docs.snowflake.com/en/sql-reference/sql/use-database","2026-09-21"
"3040","añadir","verified","4.4","","editorial","","Rendimiento, Consultas y Transformacion","An analyst needs each employee row together with a ranking within that employee's department. Which construct fits without collapsing each department to one row?","Escenario original para cubrir o reforzar objetivos de la guía.","https://docs.snowflake.com/en/user-guide/functions-window-using","2026-09-21"
"3041","añadir","verified","4.4","","editorial","","Rendimiento, Consultas y Transformacion","A VARIANT column contains an array of line items. An analyst wants one output row per array element. Which function should be used?","Escenario original para cubrir o reforzar objetivos de la guía.","https://docs.snowflake.com/en/sql-reference/functions/flatten","2026-09-21"
"3042","añadir","verified","4.3","","editorial","","Rendimiento, Consultas y Transformacion","A warehouse is suspended after running a query. Which distinction is correct?","Escenario original para cubrir o reforzar objetivos de la guía.","https://docs.snowflake.com/en/user-guide/performance-query-warehouse-cache","2026-09-21"
"3043","añadir","verified","4.2","","editorial","","Rendimiento, Consultas y Transformacion","A query repeatedly returns a handful of rows from a huge table using highly selective equality filters. Which service is specifically designed to help these lookups?","Escenario original para cubrir o reforzar objetivos de la guía.","https://docs.snowflake.com/en/user-guide/search-optimization-service","2026-09-21"
"3044","añadir","verified","4.2","","editorial","","Rendimiento, Consultas y Transformacion","An eligible query has expensive portions of scan processing. What can the Query Acceleration Service do?","Escenario original para cubrir o reforzar objetivos de la guía.","https://docs.snowflake.com/en/user-guide/query-acceleration-service","2026-09-21"
"3045","añadir","verified","2.1","","editorial","","Gestion de cuenta y Gobernanza","A team wants to package privileges within one database, then make those privileges available to account roles. Which role type fits?","Escenario original para cubrir o reforzar objetivos de la guía.","https://docs.snowflake.com/en/user-guide/security-access-control-overview","2026-09-21"
"3046","añadir","verified","2.1","","editorial","","Gestion de cuenta y Gobernanza","With secondary roles enabled, which role supplies authorization for creating a new object and becomes its owner by default?","Escenario original para cubrir o reforzar objetivos de la guía.","https://docs.snowflake.com/en/user-guide/security-access-control-overview","2026-09-21"
"3047","añadir","verified","2.3","","editorial","","Gestion de cuenta y Gobernanza","A team wants a resource monitor to stop all serverless services when its warehouse budget is exhausted. What should the administrator explain?","Escenario original para cubrir o reforzar objetivos de la guía.","https://docs.snowflake.com/en/user-guide/resource-monitors","2026-09-21"
"3048","añadir","verified","5.1","","editorial","","Colaboracion y Proteccion de datos","A permanent table was accidentally dropped and is still within its configured Time Travel retention period. What is the direct recovery command?","Escenario original para cubrir o reforzar objetivos de la guía.","https://docs.snowflake.com/en/sql-reference/sql/undrop-table","2026-09-21"
"3049","añadir","verified","5.1","","editorial","","Colaboracion y Proteccion de datos","A team clones a native table and later changes the original. Which statement describes the relationship?","Escenario original para cubrir o reforzar objetivos de la guía.","https://docs.snowflake.com/en/user-guide/object-clone","2026-09-21"
"3050","añadir","verified","5.2","","editorial","","Colaboracion y Proteccion de datos","A consumer queries shared data using its own Snowflake account and warehouse. Who pays for that warehouse compute?","Escenario original para cubrir o reforzar objetivos de la guía.","https://docs.snowflake.com/en/user-guide/data-sharing-intro","2026-09-21"
"3051","añadir","verified","5.2","","editorial","","Colaboracion y Proteccion de datos","A provider creates a reader account for a partner without its own Snowflake account. Which statement is correct?","Escenario original para cubrir o reforzar objetivos de la guía.","https://docs.snowflake.com/en/user-guide/data-sharing-reader-create","2026-09-21"
"3052","añadir","verified","3.1","","editorial","","Carga, Descarga y Conectividad","A team wants COPY INTO <table> to check staged files for errors without inserting rows. What should it use?","Escenario original para cubrir o reforzar objetivos de la guía.","https://docs.snowflake.com/en/sql-reference/sql/copy-into-table","2026-09-21"
"3053","añadir","verified","3.1","","editorial","","Carga, Descarga y Conectividad","An administrator drops a named external stage that points to an S3 bucket. What happens to the files in that bucket?","Escenario original para cubrir o reforzar objetivos de la guía.","https://docs.snowflake.com/en/sql-reference/sql/drop-stage","2026-09-21"
"3054","añadir","verified","3.3","","editorial","","Carga, Descarga y Conectividad","A team wants controlled access to external cloud storage without embedding long-lived cloud credentials in each external stage definition. What should it configure?","Escenario original para cubrir o reforzar objetivos de la guía.","https://docs.snowflake.com/en/sql-reference/sql/create-storage-integration","2026-09-21"
"3055","añadir","verified","3.2","","editorial","","Carga, Descarga y Conectividad","A pipeline uses a stream to track table changes and a task to process them. What are their respective responsibilities?","Escenario original para cubrir o reforzar objetivos de la guía.","https://docs.snowflake.com/en/user-guide/streams-intro","2026-09-21"
"3056","añadir","verified","4.1","","editorial","","Rendimiento, Consultas y Transformacion","Query Profile shows a selective query scanning nearly all table micro-partitions. Which investigation is most relevant?","Escenario original para cubrir o reforzar objetivos de la guía.","https://docs.snowflake.com/en/user-guide/ui-snowsight-activity","2026-09-21"
"3057","añadir","verified","4.1","","editorial","","Rendimiento, Consultas y Transformacion","Query Profile reports substantial bytes spilled to local and remote storage. Which two responses can help? (Choose two.)","Escenario original para cubrir o reforzar objetivos de la guía.","https://docs.snowflake.com/en/user-guide/performance-query-warehouse-memory","2026-09-21"
"3058","añadir","verified","4.4","","editorial","","Rendimiento, Consultas y Transformacion","An unquoted VARIANT column SRC contains {""customer"":{""name"":""Ana""}}. Which two expressions access the name? (Choose two.)","Escenario original para cubrir o reforzar objetivos de la guía.","https://docs.snowflake.com/en/user-guide/querying-semistructured","2026-09-21"
"3059","añadir","verified","1.5","","editorial","","Arquitectura y Data Cloud","A staging dataset must survive the current session but can be reconstructed and does not need Fail-safe. Which table type fits?","Escenario original para cubrir o reforzar objetivos de la guía.","https://docs.snowflake.com/en/user-guide/tables-temp-transient","2026-09-21"
"3060","añadir","verified","1.4","","editorial","","Arquitectura y Data Cloud","A bulk loading workload interferes with business reporting queries. Which design provides compute isolation?","Escenario original para cubrir o reforzar objetivos de la guía.","https://docs.snowflake.com/en/user-guide/warehouses-considerations","2026-09-21"
"3061","añadir","verified","3.3","","editorial","","Carga, Descarga y Conectividad","An existing Python application uses DB-API connections and cursors to execute SQL. Which Snowflake component fits this interface without requiring a Spark runtime?","Escenario original para cubrir o reforzar objetivos de la guía.","https://docs.snowflake.com/en/developer-guide/python-connector/python-connector","2026-09-21"
"3062","añadir","verified","3.3","","editorial","","Carga, Descarga y Conectividad","A Java reporting service already uses JDBC to access databases. Which component should it use to connect directly to Snowflake?","Escenario original para cubrir o reforzar objetivos de la guía.","https://docs.snowflake.com/en/developer-guide/jdbc/jdbc","2026-09-21"
"3063","añadir","verified","2.1","","editorial","","Gestion de cuenta y Gobernanza","A developer owns a table in a managed access schema but has neither schema ownership nor MANAGE GRANTS. Who can grant another role SELECT on that table?","Escenario original para cubrir o reforzar objetivos de la guía.","https://docs.snowflake.com/en/user-guide/security-access-control-overview","2026-09-21"
"3064","añadir","verified","2.1","","editorial","","Gestion de cuenta y Gobernanza","An administrator executes GRANT ROLE analyst TO ROLE lead. The analyst role has SELECT on a table. What is the direction of privilege inheritance?","Escenario original para cubrir o reforzar objetivos de la guía.","https://docs.snowflake.com/en/user-guide/security-access-control-overview","2026-09-21"
"3065","añadir","verified","2.1","","editorial","","Gestion de cuenta y Gobernanza","A user has two account roles and wants to change the primary role of the current SQL session. Which statement serves that purpose?","Escenario original para cubrir o reforzar objetivos de la guía.","https://docs.snowflake.com/en/user-guide/security-access-control-overview","2026-09-21"
"3066","añadir","verified","5.3","","editorial","","Colaboracion y Proteccion de datos","A provider needs to package application logic and data content for distribution as a Snowflake Native App. Which object encapsulates the application for this purpose?","Escenario original para cubrir o reforzar objetivos de la guía.","https://docs.snowflake.com/en/developer-guide/native-apps/native-apps-about","2026-09-21"
"3067","añadir","verified","5.3","","editorial","","Colaboracion y Proteccion de datos","A provider wants to distribute a Snowflake Native App only to named customer accounts. Which distribution approach fits?","Escenario original para cubrir o reforzar objetivos de la guía.","https://docs.snowflake.com/en/developer-guide/native-apps/native-apps-about","2026-09-21"
"3068","añadir","verified","5.3","","editorial","","Colaboracion y Proteccion de datos","A vendor wants consumers to receive both data and packaged business logic, including stored procedures and a Streamlit interface. Which Snowflake feature is designed for this delivery?","Escenario original para cubrir o reforzar objetivos de la guía.","https://docs.snowflake.com/en/developer-guide/native-apps/native-apps-about","2026-09-21"
"3069","añadir","verified","5.3","","editorial","","Colaboracion y Proteccion de datos","A provider has agreed commercial terms directly with a customer and wants to make data available only to that customer. Must the provider make the listing public or charge through Snowflake?","Escenario original para cubrir o reforzar objetivos de la guía.","https://docs.snowflake.com/en/collaboration/collaboration-listings-about","2026-09-21"
"3070","añadir","verified","5.3","","editorial","","Colaboracion y Proteccion de datos","In the Snowflake Native App Framework, which pairing correctly describes the provider and the consumer?","Escenario original para cubrir o reforzar objetivos de la guía.","https://docs.snowflake.com/en/developer-guide/native-apps/native-apps-about","2026-09-21"